ppm I
0 0.0001918
0.0005 0.0001919
0.001 0.0001921
0.0015 0.0001923
0.002 0.0001924
0.0025 0.0001926
0.003 0.0001928
0.0035 0.0001929
0.004 0.0001931
0.0045 0.0001933
0.005 0.0001935
0.0055 0.0001936
0.006 0.0001938
0.0065 0.000194
0.007 0.0001941
0.0075 0.0001943
0.008 0.0001945
0.0085 0.0001947
0.009 0.0001948
0.0095 0.000195
0.01 0.0001952
0.0105 0.0001954
0.011 0.0001955
0.0115 0.0001957
0.012 0.0001959
0.0125 0.0001961
0.013 0.0001962
0.0135 0.0001964
0.014 0.0001966
0.0145 0.0001968
0.015 0.0001969
0.0155 0.0001971
0.016 0.0001973
0.0165 0.0001975
0.017 0.0001977
0.0175 0.0001978
0.018 0.000198
0.0185 0.0001982
0.019 0.0001984
0.0195 0.0001986
0.02 0.0001987
0.0205 0.0001989
0.021 0.0001991
0.0215 0.0001993
0.022 0.0001995
0.0225 0.0001996
0.023 0.0001998
0.0235 0.0002
0.024 0.0002002
0.0245 0.0002004
0.025 0.0002005
0.0255 0.0002007
0.026 0.0002009
0.0265 0.0002011
0.027 0.0002013
0.0275 0.0002015
0.028 0.0002016
0.0285 0.0002018
0.029 0.000202
0.0295 0.0002022
0.03 0.0002024
0.0305 0.0002026
0.031 0.0002027
0.0315 0.0002029
0.032 0.0002031
0.0325 0.0002033
0.033 0.0002035
0.0335 0.0002037
0.034 0.0002039
0.0345 0.000204
0.035 0.0002042
0.0355 0.0002044
0.036 0.0002046
0.0365 0.0002048
0.037 0.000205
0.0375 0.0002052
0.038 0.0002054
0.0385 0.0002056
0.039 0.0002057
0.0395 0.0002059
0.04 0.0002061
0.0405 0.0002063
0.041 0.0002065
0.0415 0.0002067
0.042 0.0002069
0.0425 0.0002071
0.043 0.0002073
0.0435 0.0002075
0.044 0.0002077
0.0445 0.0002078
0.045 0.000208
0.0455 0.0002082
0.046 0.0002084
0.0465 0.0002086
0.047 0.0002088
0.0475 0.000209
0.048 0.0002092
0.0485 0.0002094
0.049 0.0002096
0.0495 0.0002098
0.05 0.00021
0.0505 0.0002102
0.051 0.0002104
0.0515 0.0002106
0.052 0.0002108
0.0525 0.000211
0.053 0.0002112
0.0535 0.0002114
0.054 0.0002116
0.0545 0.0002118
0.055 0.000212
0.0555 0.0002122
0.056 0.0002124
0.0565 0.0002126
0.057 0.0002128
0.0575 0.000213
0.058 0.0002132
0.0585 0.0002134
0.059 0.0002136
0.0595 0.0002138
0.06 0.000214
0.0605 0.0002142
0.061 0.0002144
0.0615 0.0002146
0.062 0.0002148
0.0625 0.000215
0.063 0.0002152
0.0635 0.0002154
0.064 0.0002156
0.0645 0.0002158
0.065 0.000216
0.0655 0.0002162
0.066 0.0002164
0.0665 0.0002166
0.067 0.0002168
0.0675 0.000217
0.068 0.0002172
0.0685 0.0002174
0.069 0.0002177
0.0695 0.0002179
0.07 0.0002181
0.0705 0.0002183
0.071 0.0002185
0.0715 0.0002187
0.072 0.0002189
0.0725 0.0002191
0.073 0.0002193
0.0735 0.0002195
0.074 0.0002197
0.0745 0.00022
0.075 0.0002202
0.0755 0.0002204
0.076 0.0002206
0.0765 0.0002208
0.077 0.000221
0.0775 0.0002212
0.078 0.0002214
0.0785 0.0002217
0.079 0.0002219
0.0795 0.0002221
0.08 0.0002223
0.0805 0.0002225
0.081 0.0002227
0.0815 0.0002229
0.082 0.0002232
0.0825 0.0002234
0.083 0.0002236
0.0835 0.0002238
0.084 0.000224
0.0845 0.0002242
0.085 0.0002245
0.0855 0.0002247
0.086 0.0002249
0.0865 0.0002251
0.087 0.0002253
0.0875 0.0002256
0.088 0.0002258
0.0885 0.000226
0.089 0.0002262
0.0895 0.0002264
0.09 0.0002267
0.0905 0.0002269
0.091 0.0002271
0.0915 0.0002273
0.092 0.0002276
0.0925 0.0002278
0.093 0.000228
0.0935 0.0002282
0.094 0.0002284
0.0945 0.0002287
0.095 0.0002289
0.0955 0.0002291
0.096 0.0002293
0.0965 0.0002296
0.097 0.0002298
0.0975 0.00023
0.098 0.0002303
0.0985 0.0002305
0.099 0.0002307
0.0995 0.0002309
0.1 0.0002312
0.1005 0.0002314
0.101 0.0002316
0.1015 0.0002318
0.102 0.0002321
0.1025 0.0002323
0.103 0.0002325
0.1035 0.0002328
0.104 0.000233
0.1045 0.0002332
0.105 0.0002335
0.1055 0.0002337
0.106 0.0002339
0.1065 0.0002342
0.107 0.0002344
0.1075 0.0002346
0.108 0.0002349
0.1085 0.0002351
0.109 0.0002353
0.1095 0.0002356
0.11 0.0002358
0.1105 0.000236
0.111 0.0002363
0.1115 0.0002365
0.112 0.0002368
0.1125 0.000237
0.113 0.0002372
0.1135 0.0002375
0.114 0.0002377
0.1145 0.0002379
0.115 0.0002382
0.1155 0.0002384
0.116 0.0002387
0.1165 0.0002389
0.117 0.0002391
0.1175 0.0002394
0.118 0.0002396
0.1185 0.0002399
0.119 0.0002401
0.1195 0.0002404
0.12 0.0002406
0.1205 0.0002408
0.121 0.0002411
0.1215 0.0002413
0.122 0.0002416
0.1225 0.0002418
0.123 0.0002421
0.1235 0.0002423
0.124 0.0002426
0.1245 0.0002428
0.125 0.0002431
0.1255 0.0002433
0.126 0.0002436
0.1265 0.0002438
0.127 0.0002441
0.1275 0.0002443
0.128 0.0002446
0.1285 0.0002448
0.129 0.0002451
0.1295 0.0002453
0.13 0.0002456
0.1305 0.0002458
0.131 0.0002461
0.1315 0.0002463
0.132 0.0002466
0.1325 0.0002468
0.133 0.0002471
0.1335 0.0002473
0.134 0.0002476
0.1345 0.0002478
0.135 0.0002481
0.1355 0.0002484
0.136 0.0002486
0.1365 0.0002489
0.137 0.0002491
0.1375 0.0002494
0.138 0.0002496
0.1385 0.0002499
0.139 0.0002502
0.1395 0.0002504
0.14 0.0002507
0.1405 0.0002509
0.141 0.0002512
0.1415 0.0002515
0.142 0.0002517
0.1425 0.000252
0.143 0.0002522
0.1435 0.0002525
0.144 0.0002528
0.1445 0.000253
0.145 0.0002533
0.1455 0.0002536
0.146 0.0002538
0.1465 0.0002541
0.147 0.0002544
0.1475 0.0002546
0.148 0.0002549
0.1485 0.0002552
0.149 0.0002554
0.1495 0.0002557
0.15 0.000256
0.1505 0.0002562
0.151 0.0002565
0.1515 0.0002568
0.152 0.0002571
0.1525 0.0002573
0.153 0.0002576
0.1535 0.0002579
0.154 0.0002581
0.1545 0.0002584
0.155 0.0002587
0.1555 0.000259
0.156 0.0002592
0.1565 0.0002595
0.157 0.0002598
0.1575 0.0002601
0.158 0.0002603
0.1585 0.0002606
0.159 0.0002609
0.1595 0.0002612
0.16 0.0002614
0.1605 0.0002617
0.161 0.000262
0.1615 0.0002623
0.162 0.0002626
0.1625 0.0002628
0.163 0.0002631
0.1635 0.0002634
0.164 0.0002637
0.1645 0.000264
0.165 0.0002643
0.1655 0.0002645
0.166 0.0002648
0.1665 0.0002651
0.167 0.0002654
0.1675 0.0002657
0.168 0.000266
0.1685 0.0002663
0.169 0.0002665
0.1695 0.0002668
0.17 0.0002671
0.1705 0.0002674
0.171 0.0002677
0.1715 0.000268
0.172 0.0002683
0.1725 0.0002686
0.173 0.0002689
0.1735 0.0002691
0.174 0.0002694
0.1745 0.0002697
0.175 0.00027
0.1755 0.0002703
0.176 0.0002706
0.1765 0.0002709
0.177 0.0002712
0.1775 0.0002715
0.178 0.0002718
0.1785 0.0002721
0.179 0.0002724
0.1795 0.0002727
0.18 0.000273
0.1805 0.0002733
0.181 0.0002736
0.1815 0.0002739
0.182 0.0002742
0.1825 0.0002745
0.183 0.0002748
0.1835 0.0002751
0.184 0.0002754
0.1845 0.0002757
0.185 0.000276
0.1855 0.0002763
0.186 0.0002766
0.1865 0.0002769
0.187 0.0002772
0.1875 0.0002775
0.188 0.0002778
0.1885 0.0002781
0.189 0.0002784
0.1895 0.0002787
0.19 0.0002791
0.1905 0.0002794
0.191 0.0002797
0.1915 0.00028
0.192 0.0002803
0.1925 0.0002806
0.193 0.0002809
0.1935 0.0002812
0.194 0.0002816
0.1945 0.0002819
0.195 0.0002822
0.1955 0.0002825
0.196 0.0002828
0.1965 0.0002831
0.197 0.0002834
0.1975 0.0002838
0.198 0.0002841
0.1985 0.0002844
0.199 0.0002847
0.1995 0.000285
0.2 0.0002854
0.2005 0.0002857
0.201 0.000286
0.2015 0.0002863
0.202 0.0002866
0.2025 0.000287
0.203 0.0002873
0.2035 0.0002876
0.204 0.0002879
0.2045 0.0002883
0.205 0.0002886
0.2055 0.0002889
0.206 0.0002892
0.2065 0.0002896
0.207 0.0002899
0.2075 0.0002902
0.208 0.0002906
0.2085 0.0002909
0.209 0.0002912
0.2095 0.0002916
0.21 0.0002919
0.2105 0.0002922
0.211 0.0002926
0.2115 0.0002929
0.212 0.0002932
0.2125 0.0002936
0.213 0.0002939
0.2135 0.0002942
0.214 0.0002946
0.2145 0.0002949
0.215 0.0002952
0.2155 0.0002956
0.216 0.0002959
0.2165 0.0002963
0.217 0.0002966
0.2175 0.0002969
0.218 0.0002973
0.2185 0.0002976
0.219 0.000298
0.2195 0.0002983
0.22 0.0002987
0.2205 0.000299
0.221 0.0002993
0.2215 0.0002997
0.222 0.0003
0.2225 0.0003004
0.223 0.0003007
0.2235 0.0003011
0.224 0.0003014
0.2245 0.0003018
0.225 0.0003021
0.2255 0.0003025
0.226 0.0003028
0.2265 0.0003032
0.227 0.0003036
0.2275 0.0003039
0.228 0.0003043
0.2285 0.0003046
0.229 0.000305
0.2295 0.0003053
0.23 0.0003057
0.2305 0.000306
0.231 0.0003064
0.2315 0.0003068
0.232 0.0003071
0.2325 0.0003075
0.233 0.0003078
0.2335 0.0003082
0.234 0.0003086
0.2345 0.0003089
0.235 0.0003093
0.2355 0.0003097
0.236 0.00031
0.2365 0.0003104
0.237 0.0003108
0.2375 0.0003111
0.238 0.0003115
0.2385 0.0003119
0.239 0.0003122
0.2395 0.0003126
0.24 0.000313
0.2405 0.0003134
0.241 0.0003137
0.2415 0.0003141
0.242 0.0003145
0.2425 0.0003149
0.243 0.0003152
0.2435 0.0003156
0.244 0.000316
0.2445 0.0003164
0.245 0.0003167
0.2455 0.0003171
0.246 0.0003175
0.2465 0.0003179
0.247 0.0003183
0.2475 0.0003187
0.248 0.000319
0.2485 0.0003194
0.249 0.0003198
0.2495 0.0003202
0.25 0.0003206
0.2505 0.000321
0.251 0.0003214
0.2515 0.0003217
0.252 0.0003221
0.2525 0.0003225
0.253 0.0003229
0.2535 0.0003233
0.254 0.0003237
0.2545 0.0003241
0.255 0.0003245
0.2555 0.0003249
0.256 0.0003253
0.2565 0.0003257
0.257 0.0003261
0.2575 0.0003265
0.258 0.0003269
0.2585 0.0003273
0.259 0.0003277
0.2595 0.0003281
0.26 0.0003285
0.2605 0.0003289
0.261 0.0003293
0.2615 0.0003297
0.262 0.0003301
0.2625 0.0003305
0.263 0.0003309
0.2635 0.0003313
0.264 0.0003317
0.2645 0.0003321
0.265 0.0003325
0.2655 0.0003329
0.266 0.0003333
0.2665 0.0003338
0.267 0.0003342
0.2675 0.0003346
0.268 0.000335
0.2685 0.0003354
0.269 0.0003358
0.2695 0.0003363
0.27 0.0003367
0.2705 0.0003371
0.271 0.0003375
0.2715 0.0003379
0.272 0.0003384
0.2725 0.0003388
0.273 0.0003392
0.2735 0.0003396
0.274 0.00034
0.2745 0.0003405
0.275 0.0003409
0.2755 0.0003413
0.276 0.0003418
0.2765 0.0003422
0.277 0.0003426
0.2775 0.000343
0.278 0.0003435
0.2785 0.0003439
0.279 0.0003443
0.2795 0.0003448
0.28 0.0003452
0.2805 0.0003456
0.281 0.0003461
0.2815 0.0003465
0.282 0.000347
0.2825 0.0003474
0.283 0.0003478
0.2835 0.0003483
0.284 0.0003487
0.2845 0.0003492
0.285 0.0003496
0.2855 0.0003501
0.286 0.0003505
0.2865 0.000351
0.287 0.0003514
0.2875 0.0003519
0.288 0.0003523
0.2885 0.0003528
0.289 0.0003532
0.2895 0.0003537
0.29 0.0003541
0.2905 0.0003546
0.291 0.000355
0.2915 0.0003555
0.292 0.0003559
0.2925 0.0003564
0.293 0.0003569
0.2935 0.0003573
0.294 0.0003578
0.2945 0.0003582
0.295 0.0003587
0.2955 0.0003592
0.296 0.0003596
0.2965 0.0003601
0.297 0.0003606
0.2975 0.000361
0.298 0.0003615
0.2985 0.000362
0.299 0.0003624
0.2995 0.0003629
0.3 0.0003634
0.3005 0.0003639
0.301 0.0003643
0.3015 0.0003648
0.302 0.0003653
0.3025 0.0003658
0.303 0.0003663
0.3035 0.0003667
0.304 0.0003672
0.3045 0.0003677
0.305 0.0003682
0.3055 0.0003687
0.306 0.0003691
0.3065 0.0003696
0.307 0.0003701
0.3075 0.0003706
0.308 0.0003711
0.3085 0.0003716
0.309 0.0003721
0.3095 0.0003726
0.31 0.0003731
0.3105 0.0003736
0.311 0.0003741
0.3115 0.0003746
0.312 0.0003751
0.3125 0.0003756
0.313 0.0003761
0.3135 0.0003766
0.314 0.0003771
0.3145 0.0003776
0.315 0.0003781
0.3155 0.0003786
0.316 0.0003791
0.3165 0.0003796
0.317 0.0003801
0.3175 0.0003806
0.318 0.0003811
0.3185 0.0003816
0.319 0.0003821
0.3195 0.0003827
0.32 0.0003832
0.3205 0.0003837
0.321 0.0003842
0.3215 0.0003847
0.322 0.0003852
0.3225 0.0003858
0.323 0.0003863
0.3235 0.0003868
0.324 0.0003873
0.3245 0.0003879
0.325 0.0003884
0.3255 0.0003889
0.326 0.0003894
0.3265 0.00039
0.327 0.0003905
0.3275 0.000391
0.328 0.0003916
0.3285 0.0003921
0.329 0.0003926
0.3295 0.0003932
0.33 0.0003937
0.3305 0.0003943
0.331 0.0003948
0.3315 0.0003954
0.332 0.0003959
0.3325 0.0003964
0.333 0.000397
0.3335 0.0003975
0.334 0.0003981
0.3345 0.0003986
0.335 0.0003992
0.3355 0.0003997
0.336 0.0004003
0.3365 0.0004008
0.337 0.0004014
0.3375 0.000402
0.338 0.0004025
0.3385 0.0004031
0.339 0.0004036
0.3395 0.0004042
0.34 0.0004048
0.3405 0.0004053
0.341 0.0004059
0.3415 0.0004065
0.342 0.000407
0.3425 0.0004076
0.343 0.0004082
0.3435 0.0004087
0.344 0.0004093
0.3445 0.0004099
0.345 0.0004105
0.3455 0.000411
0.346 0.0004116
0.3465 0.0004122
0.347 0.0004128
0.3475 0.0004134
0.348 0.000414
0.3485 0.0004145
0.349 0.0004151
0.3495 0.0004157
0.35 0.0004163
0.3505 0.0004169
0.351 0.0004175
0.3515 0.0004181
0.352 0.0004187
0.3525 0.0004193
0.353 0.0004199
0.3535 0.0004205
0.354 0.0004211
0.3545 0.0004217
0.355 0.0004223
0.3555 0.0004229
0.356 0.0004235
0.3565 0.0004241
0.357 0.0004247
0.3575 0.0004253
0.358 0.0004259
0.3585 0.0004266
0.359 0.0004272
0.3595 0.0004278
0.36 0.0004284
0.3605 0.000429
0.361 0.0004296
0.3615 0.0004303
0.362 0.0004309
0.3625 0.0004315
0.363 0.0004321
0.3635 0.0004328
0.364 0.0004334
0.3645 0.000434
0.365 0.0004347
0.3655 0.0004353
0.366 0.0004359
0.3665 0.0004366
0.367 0.0004372
0.3675 0.0004379
0.368 0.0004385
0.3685 0.0004391
0.369 0.0004398
0.3695 0.0004404
0.37 0.0004411
0.3705 0.0004417
0.371 0.0004424
0.3715 0.000443
0.372 0.0004437
0.3725 0.0004443
0.373 0.000445
0.3735 0.0004457
0.374 0.0004463
0.3745 0.000447
0.375 0.0004476
0.3755 0.0004483
0.376 0.000449
0.3765 0.0004496
0.377 0.0004503
0.3775 0.000451
0.378 0.0004517
0.3785 0.0004523
0.379 0.000453
0.3795 0.0004537
0.38 0.0004544
0.3805 0.0004551
0.381 0.0004557
0.3815 0.0004564
0.382 0.0004571
0.3825 0.0004578
0.383 0.0004585
0.3835 0.0004592
0.384 0.0004599
0.3845 0.0004606
0.385 0.0004613
0.3855 0.000462
0.386 0.0004627
0.3865 0.0004634
0.387 0.0004641
0.3875 0.0004648
0.388 0.0004655
0.3885 0.0004662
0.389 0.0004669
0.3895 0.0004676
0.39 0.0004683
0.3905 0.0004691
0.391 0.0004698
0.3915 0.0004705
0.392 0.0004712
0.3925 0.0004719
0.393 0.0004727
0.3935 0.0004734
0.394 0.0004741
0.3945 0.0004749
0.395 0.0004756
0.3955 0.0004763
0.396 0.0004771
0.3965 0.0004778
0.397 0.0004785
0.3975 0.0004793
0.398 0.00048
0.3985 0.0004808
0.399 0.0004815
0.3995 0.0004823
0.4 0.000483
0.4005 0.0004838
0.401 0.0004845
0.4015 0.0004853
0.402 0.0004861
0.4025 0.0004868
0.403 0.0004876
0.4035 0.0004883
0.404 0.0004891
0.4045 0.0004899
0.405 0.0004906
0.4055 0.0004914
0.406 0.0004922
0.4065 0.000493
0.407 0.0004938
0.4075 0.0004945
0.408 0.0004953
0.4085 0.0004961
0.409 0.0004969
0.4095 0.0004977
0.41 0.0004985
0.4105 0.0004993
0.411 0.0005001
0.4115 0.0005009
0.412 0.0005017
0.4125 0.0005025
0.413 0.0005033
0.4135 0.0005041
0.414 0.0005049
0.4145 0.0005057
0.415 0.0005065
0.4155 0.0005073
0.416 0.0005081
0.4165 0.000509
0.417 0.0005098
0.4175 0.0005106
0.418 0.0005114
0.4185 0.0005123
0.419 0.0005131
0.4195 0.0005139
0.42 0.0005147
0.4205 0.0005156
0.421 0.0005164
0.4215 0.0005173
0.422 0.0005181
0.4225 0.000519
0.423 0.0005198
0.4235 0.0005207
0.424 0.0005215
0.4245 0.0005224
0.425 0.0005232
0.4255 0.0005241
0.426 0.0005249
0.4265 0.0005258
0.427 0.0005267
0.4275 0.0005275
0.428 0.0005284
0.4285 0.0005293
0.429 0.0005302
0.4295 0.000531
0.43 0.0005319
0.4305 0.0005328
0.431 0.0005337
0.4315 0.0005346
0.432 0.0005355
0.4325 0.0005363
0.433 0.0005372
0.4335 0.0005381
0.434 0.000539
0.4345 0.0005399
0.435 0.0005408
0.4355 0.0005418
0.436 0.0005427
0.4365 0.0005436
0.437 0.0005445
0.4375 0.0005454
0.438 0.0005463
0.4385 0.0005472
0.439 0.0005482
0.4395 0.0005491
0.44 0.00055
0.4405 0.000551
0.441 0.0005519
0.4415 0.0005528
0.442 0.0005538
0.4425 0.0005547
0.443 0.0005557
0.4435 0.0005566
0.444 0.0005576
0.4445 0.0005585
0.445 0.0005595
0.4455 0.0005604
0.446 0.0005614
0.4465 0.0005624
0.447 0.0005633
0.4475 0.0005643
0.448 0.0005653
0.4485 0.0005662
0.449 0.0005672
0.4495 0.0005682
0.45 0.0005692
0.4505 0.0005702
0.451 0.0005712
0.4515 0.0005722
0.452 0.0005732
0.4525 0.0005742
0.453 0.0005752
0.4535 0.0005762
0.454 0.0005772
0.4545 0.0005782
0.455 0.0005792
0.4555 0.0005802
0.456 0.0005812
0.4565 0.0005822
0.457 0.0005833
0.4575 0.0005843
0.458 0.0005853
0.4585 0.0005864
0.459 0.0005874
0.4595 0.0005884
0.46 0.0005895
0.4605 0.0005905
0.461 0.0005916
0.4615 0.0005926
0.462 0.0005937
0.4625 0.0005947
0.463 0.0005958
0.4635 0.0005968
0.464 0.0005979
0.4645 0.000599
0.465 0.0006001
0.4655 0.0006011
0.466 0.0006022
0.4665 0.0006033
0.467 0.0006044
0.4675 0.0006055
0.468 0.0006066
0.4685 0.0006077
0.469 0.0006088
0.4695 0.0006099
0.47 0.000611
0.4705 0.0006121
0.471 0.0006132
0.4715 0.0006143
0.472 0.0006154
0.4725 0.0006165
0.473 0.0006177
0.4735 0.0006188
0.474 0.0006199
0.4745 0.0006211
0.475 0.0006222
0.4755 0.0006233
0.476 0.0006245
0.4765 0.0006256
0.477 0.0006268
0.4775 0.0006279
0.478 0.0006291
0.4785 0.0006303
0.479 0.0006314
0.4795 0.0006326
0.48 0.0006338
0.4805 0.000635
0.481 0.0006361
0.4815 0.0006373
0.482 0.0006385
0.4825 0.0006397
0.483 0.0006409
0.4835 0.0006421
0.484 0.0006433
0.4845 0.0006445
0.485 0.0006457
0.4855 0.0006469
0.486 0.0006482
0.4865 0.0006494
0.487 0.0006506
0.4875 0.0006518
0.488 0.0006531
0.4885 0.0006543
0.489 0.0006555
0.4895 0.0006568
0.49 0.000658
0.4905 0.0006593
0.491 0.0006605
0.4915 0.0006618
0.492 0.0006631
0.4925 0.0006643
0.493 0.0006656
0.4935 0.0006669
0.494 0.0006682
0.4945 0.0006695
0.495 0.0006707
0.4955 0.000672
0.496 0.0006733
0.4965 0.0006746
0.497 0.0006759
0.4975 0.0006773
0.498 0.0006786
0.4985 0.0006799
0.499 0.0006812
0.4995 0.0006825
0.5 0.0006839
0.5005 0.0006852
0.501 0.0006865
0.5015 0.0006879
0.502 0.0006892
0.5025 0.0006906
0.503 0.0006919
0.5035 0.0006933
0.504 0.0006947
0.5045 0.000696
0.505 0.0006974
0.5055 0.0006988
0.506 0.0007002
0.5065 0.0007016
0.507 0.000703
0.5075 0.0007044
0.508 0.0007058
0.5085 0.0007072
0.509 0.0007086
0.5095 0.00071
0.51 0.0007114
0.5105 0.0007128
0.511 0.0007143
0.5115 0.0007157
0.512 0.0007171
0.5125 0.0007186
0.513 0.00072
0.5135 0.0007215
0.514 0.000723
0.5145 0.0007244
0.515 0.0007259
0.5155 0.0007274
0.516 0.0007288
0.5165 0.0007303
0.517 0.0007318
0.5175 0.0007333
0.518 0.0007348
0.5185 0.0007363
0.519 0.0007378
0.5195 0.0007393
0.52 0.0007408
0.5205 0.0007424
0.521 0.0007439
0.5215 0.0007454
0.522 0.000747
0.5225 0.0007485
0.523 0.0007501
0.5235 0.0007516
0.524 0.0007532
0.5245 0.0007548
0.525 0.0007563
0.5255 0.0007579
0.526 0.0007595
0.5265 0.0007611
0.527 0.0007627
0.5275 0.0007643
0.528 0.0007659
0.5285 0.0007675
0.529 0.0007691
0.5295 0.0007707
0.53 0.0007724
0.5305 0.000774
0.531 0.0007756
0.5315 0.0007773
0.532 0.0007789
0.5325 0.0007806
0.533 0.0007822
0.5335 0.0007839
0.534 0.0007856
0.5345 0.0007873
0.535 0.000789
0.5355 0.0007906
0.536 0.0007923
0.5365 0.000794
0.537 0.0007958
0.5375 0.0007975
0.538 0.0007992
0.5385 0.0008009
0.539 0.0008027
0.5395 0.0008044
0.54 0.0008062
0.5405 0.0008079
0.541 0.0008097
0.5415 0.0008114
0.542 0.0008132
0.5425 0.000815
0.543 0.0008168
0.5435 0.0008186
0.544 0.0008204
0.5445 0.0008222
0.545 0.000824
0.5455 0.0008258
0.546 0.0008276
0.5465 0.0008295
0.547 0.0008313
0.5475 0.0008331
0.548 0.000835
0.5485 0.0008369
0.549 0.0008387
0.5495 0.0008406
0.55 0.0008425
0.5505 0.0008444
0.551 0.0008463
0.5515 0.0008482
0.552 0.0008501
0.5525 0.000852
0.553 0.0008539
0.5535 0.0008558
0.554 0.0008578
0.5545 0.0008597
0.555 0.0008617
0.5555 0.0008636
0.556 0.0008656
0.5565 0.0008676
0.557 0.0008696
0.5575 0.0008715
0.558 0.0008735
0.5585 0.0008756
0.559 0.0008776
0.5595 0.0008796
0.56 0.0008816
0.5605 0.0008836
0.561 0.0008857
0.5615 0.0008877
0.562 0.0008898
0.5625 0.0008919
0.563 0.0008939
0.5635 0.000896
0.564 0.0008981
0.5645 0.0009002
0.565 0.0009023
0.5655 0.0009044
0.566 0.0009066
0.5665 0.0009087
0.567 0.0009108
0.5675 0.000913
0.568 0.0009152
0.5685 0.0009173
0.569 0.0009195
0.5695 0.0009217
0.57 0.0009239
0.5705 0.0009261
0.571 0.0009283
0.5715 0.0009305
0.572 0.0009327
0.5725 0.000935
0.573 0.0009372
0.5735 0.0009395
0.574 0.0009417
0.5745 0.000944
0.575 0.0009463
0.5755 0.0009486
0.576 0.0009509
0.5765 0.0009532
0.577 0.0009555
0.5775 0.0009578
0.578 0.0009602
0.5785 0.0009625
0.579 0.0009649
0.5795 0.0009672
0.58 0.0009696
0.5805 0.000972
0.581 0.0009744
0.5815 0.0009768
0.582 0.0009792
0.5825 0.0009817
0.583 0.0009841
0.5835 0.0009865
0.584 0.000989
0.5845 0.0009915
0.585 0.0009939
0.5855 0.0009964
0.586 0.0009989
0.5865 0.001001
0.587 0.001004
0.5875 0.001006
0.588 0.001009
0.5885 0.001012
0.589 0.001014
0.5895 0.001017
0.59 0.001019
0.5905 0.001022
0.591 0.001024
0.5915 0.001027
0.592 0.00103
0.5925 0.001032
0.593 0.001035
0.5935 0.001038
0.594 0.00104
0.5945 0.001043
0.595 0.001046
0.5955 0.001048
0.596 0.001051
0.5965 0.001054
0.597 0.001057
0.5975 0.001059
0.598 0.001062
0.5985 0.001065
0.599 0.001068
0.5995 0.001071
0.6 0.001073
0.6005 0.001076
0.601 0.001079
0.6015 0.001082
0.602 0.001085
0.6025 0.001088
0.603 0.001091
0.6035 0.001093
0.604 0.001096
0.6045 0.001099
0.605 0.001102
0.6055 0.001105
0.606 0.001108
0.6065 0.001111
0.607 0.001114
0.6075 0.001117
0.608 0.00112
0.6085 0.001123
0.609 0.001126
0.6095 0.001129
0.61 0.001132
0.6105 0.001136
0.611 0.001139
0.6115 0.001142
0.612 0.001145
0.6125 0.001148
0.613 0.001151
0.6135 0.001154
0.614 0.001158
0.6145 0.001161
0.615 0.001164
0.6155 0.001167
0.616 0.001171
0.6165 0.001174
0.617 0.001177
0.6175 0.00118
0.618 0.001184
0.6185 0.001187
0.619 0.00119
0.6195 0.001194
0.62 0.001197
0.6205 0.001201
0.621 0.001204
0.6215 0.001207
0.622 0.001211
0.6225 0.001214
0.623 0.001218
0.6235 0.001221
0.624 0.001225
0.6245 0.001228
0.625 0.001232
0.6255 0.001236
0.626 0.001239
0.6265 0.001243
0.627 0.001246
0.6275 0.00125
0.628 0.001254
0.6285 0.001257
0.629 0.001261
0.6295 0.001265
0.63 0.001268
0.6305 0.001272
0.631 0.001276
0.6315 0.00128
0.632 0.001284
0.6325 0.001287
0.633 0.001291
0.6335 0.001295
0.634 0.001299
0.6345 0.001303
0.635 0.001307
0.6355 0.001311
0.636 0.001315
0.6365 0.001319
0.637 0.001323
0.6375 0.001327
0.638 0.001331
0.6385 0.001335
0.639 0.001339
0.6395 0.001343
0.64 0.001347
0.6405 0.001351
0.641 0.001355
0.6415 0.00136
0.642 0.001364
0.6425 0.001368
0.643 0.001372
0.6435 0.001377
0.644 0.001381
0.6445 0.001385
0.645 0.00139
0.6455 0.001394
0.646 0.001398
0.6465 0.001403
0.647 0.001407
0.6475 0.001412
0.648 0.001416
0.6485 0.001421
0.649 0.001425
0.6495 0.00143
0.65 0.001434
0.6505 0.001439
0.651 0.001444
0.6515 0.001448
0.652 0.001453
0.6525 0.001458
0.653 0.001463
0.6535 0.001467
0.654 0.001472
0.6545 0.001477
0.655 0.001482
0.6555 0.001487
0.656 0.001492
0.6565 0.001496
0.657 0.001501
0.6575 0.001506
0.658 0.001511
0.6585 0.001516
0.659 0.001522
0.6595 0.001527
0.66 0.001532
0.6605 0.001537
0.661 0.001542
0.6615 0.001547
0.662 0.001553
0.6625 0.001558
0.663 0.001563
0.6635 0.001569
0.664 0.001574
0.6645 0.001579
0.665 0.001585
0.6655 0.00159
0.666 0.001596
0.6665 0.001601
0.667 0.001607
0.6675 0.001612
0.668 0.001618
0.6685 0.001624
0.669 0.001629
0.6695 0.001635
0.67 0.001641
0.6705 0.001647
0.671 0.001653
0.6715 0.001658
0.672 0.001664
0.6725 0.00167
0.673 0.001676
0.6735 0.001682
0.674 0.001688
0.6745 0.001694
0.675 0.001701
0.6755 0.001707
0.676 0.001713
0.6765 0.001719
0.677 0.001725
0.6775 0.001732
0.678 0.001738
0.6785 0.001744
0.679 0.001751
0.6795 0.001757
0.68 0.001764
0.6805 0.00177
0.681 0.001777
0.6815 0.001784
0.682 0.00179
0.6825 0.001797
0.683 0.001804
0.6835 0.001811
0.684 0.001818
0.6845 0.001825
0.685 0.001831
0.6855 0.001838
0.686 0.001845
0.6865 0.001853
0.687 0.00186
0.6875 0.001867
0.688 0.001874
0.6885 0.001881
0.689 0.001889
0.6895 0.001896
0.69 0.001904
0.6905 0.001911
0.691 0.001919
0.6915 0.001926
0.692 0.001934
0.6925 0.001941
0.693 0.001949
0.6935 0.001957
0.694 0.001965
0.6945 0.001973
0.695 0.001981
0.6955 0.001989
0.696 0.001997
0.6965 0.002005
0.697 0.002013
0.6975 0.002021
0.698 0.002029
0.6985 0.002038
0.699 0.002046
0.6995 0.002055
0.7 0.002063
0.7005 0.002072
0.701 0.00208
0.7015 0.002089
0.702 0.002098
0.7025 0.002107
0.703 0.002116
0.7035 0.002125
0.704 0.002134
0.7045 0.002143
0.705 0.002152
0.7055 0.002161
0.706 0.00217
0.7065 0.00218
0.707 0.002189
0.7075 0.002199
0.708 0.002208
0.7085 0.002218
0.709 0.002228
0.7095 0.002237
0.71 0.002247
0.7105 0.002257
0.711 0.002267
0.7115 0.002277
0.712 0.002288
0.7125 0.002298
0.713 0.002308
0.7135 0.002319
0.714 0.002329
0.7145 0.00234
0.715 0.00235
0.7155 0.002361
0.716 0.002372
0.7165 0.002383
0.717 0.002394
0.7175 0.002405
0.718 0.002416
0.7185 0.002427
0.719 0.002439
0.7195 0.00245
0.72 0.002462
0.7205 0.002473
0.721 0.002485
0.7215 0.002497
0.722 0.002509
0.7225 0.002521
0.723 0.002533
0.7235 0.002545
0.724 0.002557
0.7245 0.00257
0.725 0.002582
0.7255 0.002595
0.726 0.002608
0.7265 0.002621
0.727 0.002633
0.7275 0.002647
0.728 0.00266
0.7285 0.002673
0.729 0.002686
0.7295 0.0027
0.73 0.002714
0.7305 0.002727
0.731 0.002741
0.7315 0.002755
0.732 0.002769
0.7325 0.002784
0.733 0.002798
0.7335 0.002813
0.734 0.002827
0.7345 0.002842
0.735 0.002857
0.7355 0.002872
0.736 0.002887
0.7365 0.002903
0.737 0.002918
0.7375 0.002934
0.738 0.002949
0.7385 0.002965
0.739 0.002981
0.7395 0.002998
0.74 0.003014
0.7405 0.00303
0.741 0.003047
0.7415 0.003064
0.742 0.003081
0.7425 0.003098
0.743 0.003116
0.7435 0.003133
0.744 0.003151
0.7445 0.003169
0.745 0.003187
0.7455 0.003205
0.746 0.003223
0.7465 0.003242
0.747 0.00326
0.7475 0.003279
0.748 0.003299
0.7485 0.003318
0.749 0.003337
0.7495 0.003357
0.75 0.003377
0.7505 0.003397
0.751 0.003418
0.7515 0.003438
0.752 0.003459
0.7525 0.00348
0.753 0.003501
0.7535 0.003523
0.754 0.003544
0.7545 0.003566
0.755 0.003588
0.7555 0.003611
0.756 0.003633
0.7565 0.003656
0.757 0.003679
0.7575 0.003703
0.758 0.003726
0.7585 0.00375
0.759 0.003774
0.7595 0.003799
0.76 0.003824
0.7605 0.003849
0.761 0.003874
0.7615 0.0039
0.762 0.003926
0.7625 0.003952
0.763 0.003978
0.7635 0.004005
0.764 0.004032
0.7645 0.00406
0.765 0.004087
0.7655 0.004116
0.766 0.004144
0.7665 0.004173
0.767 0.004202
0.7675 0.004231
0.768 0.004261
0.7685 0.004292
0.769 0.004322
0.7695 0.004353
0.77 0.004385
0.7705 0.004416
0.771 0.004449
0.7715 0.004481
0.772 0.004514
0.7725 0.004548
0.773 0.004582
0.7735 0.004616
0.774 0.004651
0.7745 0.004686
0.775 0.004722
0.7755 0.004758
0.776 0.004795
0.7765 0.004832
0.777 0.00487
0.7775 0.004908
0.778 0.004947
0.7785 0.004986
0.779 0.005026
0.7795 0.005066
0.78 0.005107
0.7805 0.005149
0.781 0.005191
0.7815 0.005234
0.782 0.005277
0.7825 0.005321
0.783 0.005366
0.7835 0.005411
0.784 0.005458
0.7845 0.005504
0.785 0.005552
0.7855 0.0056
0.786 0.005649
0.7865 0.005698
0.787 0.005749
0.7875 0.0058
0.788 0.005852
0.7885 0.005905
0.789 0.005959
0.7895 0.006013
0.79 0.006068
0.7905 0.006125
0.791 0.006182
0.7915 0.00624
0.792 0.006299
0.7925 0.00636
0.793 0.006421
0.7935 0.006483
0.794 0.006546
0.7945 0.006611
0.795 0.006676
0.7955 0.006743
0.796 0.00681
0.7965 0.006879
0.797 0.00695
0.7975 0.007021
0.798 0.007094
0.7985 0.007168
0.799 0.007244
0.7995 0.007321
0.8 0.007399
0.8005 0.007479
0.801 0.00756
0.8015 0.007643
0.802 0.007728
0.8025 0.007814
0.803 0.007902
0.8035 0.007991
0.804 0.008083
0.8045 0.008176
0.805 0.008271
0.8055 0.008368
0.806 0.008467
0.8065 0.008569
0.807 0.008672
0.8075 0.008777
0.808 0.008885
0.8085 0.008995
0.809 0.009108
0.8095 0.009223
0.81 0.00934
0.8105 0.009461
0.811 0.009584
0.8115 0.009709
0.812 0.009838
0.8125 0.009969
0.813 0.0101
0.8135 0.01024
0.814 0.01038
0.8145 0.01053
0.815 0.01068
0.8155 0.01083
0.816 0.01098
0.8165 0.01114
0.817 0.01131
0.8175 0.01147
0.818 0.01165
0.8185 0.01182
0.819 0.012
0.8195 0.01219
0.82 0.01238
0.8205 0.01258
0.821 0.01278
0.8215 0.01299
0.822 0.0132
0.8225 0.01342
0.823 0.01365
0.8235 0.01388
0.824 0.01412
0.8245 0.01437
0.825 0.01462
0.8255 0.01488
0.826 0.01515
0.8265 0.01543
0.827 0.01572
0.8275 0.01601
0.828 0.01632
0.8285 0.01664
0.829 0.01696
0.8295 0.0173
0.83 0.01765
0.8305 0.01801
0.831 0.01839
0.8315 0.01878
0.832 0.01918
0.8325 0.01959
0.833 0.02003
0.8335 0.02047
0.834 0.02094
0.8345 0.02142
0.835 0.02192
0.8355 0.02245
0.836 0.02299
0.8365 0.02355
0.837 0.02414
0.8375 0.02476
0.838 0.0254
0.8385 0.02606
0.839 0.02676
0.8395 0.02749
0.84 0.02825
0.8405 0.02905
0.841 0.02988
0.8415 0.03076
0.842 0.03167
0.8425 0.03263
0.843 0.03364
0.8435 0.03471
0.844 0.03582
0.8445 0.037
0.845 0.03824
0.8455 0.03954
0.846 0.04092
0.8465 0.04238
0.847 0.04392
0.8475 0.04556
0.848 0.04729
0.8485 0.04912
0.849 0.05108
0.8495 0.05315
0.85 0.05536
0.8505 0.05771
0.851 0.06023
0.8515 0.06291
0.852 0.06579
0.8525 0.06887
0.853 0.07217
0.8535 0.07572
0.854 0.07954
0.8545 0.08365
0.855 0.08809
0.8555 0.09288
0.856 0.09807
0.8565 0.1037
0.857 0.1098
0.8575 0.1164
0.858 0.1236
0.8585 0.1314
0.859 0.14
0.8595 0.1493
0.86 0.1595
0.8605 0.1706
0.861 0.1827
0.8615 0.196
0.862 0.2104
0.8625 0.2261
0.863 0.2431
0.8635 0.2616
0.864 0.2814
0.8645 0.3026
0.865 0.3249
0.8655 0.3483
0.866 0.3724
0.8665 0.3965
0.867 0.4203
0.8675 0.4427
0.868 0.463
0.8685 0.4801
0.869 0.4932
0.8695 0.5014
0.87 0.5043
0.8705 0.5016
0.871 0.4936
0.8715 0.4807
0.872 0.4637
0.8725 0.4436
0.873 0.4214
0.8735 0.3978
0.874 0.3738
0.8745 0.35
0.875 0.3268
0.8755 0.3046
0.876 0.2836
0.8765 0.264
0.877 0.2458
0.8775 0.2289
0.878 0.2134
0.8785 0.1992
0.879 0.1861
0.8795 0.1742
0.88 0.1633
0.8805 0.1533
0.881 0.1442
0.8815 0.1358
0.882 0.1282
0.8825 0.1212
0.883 0.1148
0.8835 0.1089
0.884 0.1035
0.8845 0.09857
0.885 0.094
0.8855 0.08979
0.886 0.0859
0.8865 0.08232
0.887 0.079
0.8875 0.07593
0.888 0.0731
0.8885 0.07047
0.889 0.06803
0.8895 0.06577
0.89 0.06367
0.8905 0.06172
0.891 0.05991
0.8915 0.05823
0.892 0.05667
0.8925 0.05522
0.893 0.05387
0.8935 0.05262
0.894 0.05145
0.8945 0.05038
0.895 0.04938
0.8955 0.04845
0.896 0.0476
0.8965 0.04681
0.897 0.04609
0.8975 0.04542
0.898 0.04481
0.8985 0.04425
0.899 0.04374
0.8995 0.04329
0.9 0.04288
0.9005 0.04251
0.901 0.04219
0.9015 0.04191
0.902 0.04167
0.9025 0.04146
0.903 0.0413
0.9035 0.04117
0.904 0.04108
0.9045 0.04103
0.905 0.04101
0.9055 0.04103
0.906 0.04108
0.9065 0.04116
0.907 0.04128
0.9075 0.04143
0.908 0.04162
0.9085 0.04184
0.909 0.04209
0.9095 0.04238
0.91 0.0427
0.9105 0.04306
0.911 0.04346
0.9115 0.04389
0.912 0.04436
0.9125 0.04487
0.913 0.04542
0.9135 0.04601
0.914 0.04664
0.9145 0.04731
0.915 0.04803
0.9155 0.0488
0.916 0.04961
0.9165 0.05048
0.917 0.0514
0.9175 0.05237
0.918 0.05341
0.9185 0.0545
0.919 0.05566
0.9195 0.05688
0.92 0.05818
0.9205 0.05955
0.921 0.06099
0.9215 0.06253
0.922 0.06415
0.9225 0.06586
0.923 0.06768
0.9235 0.0696
0.924 0.07163
0.9245 0.07379
0.925 0.07607
0.9255 0.07849
0.926 0.08106
0.9265 0.08379
0.927 0.08669
0.9275 0.08978
0.928 0.09306
0.9285 0.09656
0.929 0.1003
0.9295 0.1043
0.93 0.1085
0.9305 0.113
0.931 0.1179
0.9315 0.1231
0.932 0.1287
0.9325 0.1347
0.933 0.1411
0.9335 0.148
0.934 0.1555
0.9345 0.1636
0.935 0.1723
0.9355 0.1817
0.936 0.1919
0.9365 0.203
0.937 0.215
0.9375 0.2281
0.938 0.2423
0.9385 0.2579
0.939 0.2748
0.9395 0.2933
0.94 0.3134
0.9405 0.3355
0.941 0.3596
0.9415 0.3859
0.942 0.4146
0.9425 0.4459
0.943 0.4798
0.9435 0.5165
0.944 0.556
0.9445 0.5982
0.945 0.6428
0.9455 0.6893
0.946 0.7372
0.9465 0.7854
0.947 0.8327
0.9475 0.8774
0.948 0.9178
0.9485 0.9519
0.949 0.9779
0.9495 0.9941
0.95 0.9997
0.9505 0.9941
0.951 0.9779
0.9515 0.9519
0.952 0.9178
0.9525 0.8775
0.953 0.8328
0.9535 0.7855
0.954 0.7373
0.9545 0.6894
0.955 0.6428
0.9555 0.5983
0.956 0.5561
0.9565 0.5166
0.957 0.4799
0.9575 0.446
0.958 0.4148
0.9585 0.3861
0.959 0.3598
0.9595 0.3357
0.96 0.3136
0.9605 0.2934
0.961 0.275
0.9615 0.2581
0.962 0.2425
0.9625 0.2283
0.963 0.2152
0.9635 0.2032
0.964 0.1922
0.9645 0.182
0.965 0.1726
0.9655 0.1638
0.966 0.1558
0.9665 0.1483
0.967 0.1414
0.9675 0.135
0.968 0.129
0.9685 0.1234
0.969 0.1182
0.9695 0.1134
0.97 0.1089
0.9705 0.1046
0.971 0.1006
0.9715 0.09693
0.972 0.09345
0.9725 0.09017
0.973 0.0871
0.9735 0.08421
0.974 0.08149
0.9745 0.07892
0.975 0.07651
0.9755 0.07423
0.976 0.07209
0.9765 0.07006
0.977 0.06815
0.9775 0.06635
0.978 0.06464
0.9785 0.06303
0.979 0.06151
0.9795 0.06007
0.98 0.05871
0.9805 0.05742
0.981 0.05621
0.9815 0.05506
0.982 0.05397
0.9825 0.05295
0.983 0.05199
0.9835 0.05108
0.984 0.05022
0.9845 0.04941
0.985 0.04866
0.9855 0.04795
0.986 0.04728
0.9865 0.04666
0.987 0.04608
0.9875 0.04554
0.988 0.04504
0.9885 0.04458
0.989 0.04416
0.9895 0.04378
0.99 0.04343
0.9905 0.04311
0.991 0.04283
0.9915 0.04259
0.992 0.04238
0.9925 0.0422
0.993 0.04206
0.9935 0.04195
0.994 0.04188
0.9945 0.04184
0.995 0.04183
0.9955 0.04186
0.996 0.04193
0.9965 0.04203
0.997 0.04217
0.9975 0.04234
0.998 0.04255
0.9985 0.0428
0.999 0.0431
0.9995 0.04343
1 0.04381
1 0.04423
1.001 0.0447
1.002 0.04521
1.002 0.04578
1.002 0.0464
1.003 0.04708
1.004 0.04782
1.004 0.04862
1.004 0.04948
1.005 0.05042
1.006 0.05143
1.006 0.05252
1.006 0.05369
1.007 0.05495
1.008 0.05631
1.008 0.05777
1.008 0.05935
1.009 0.06104
1.01 0.06286
1.01 0.06482
1.01 0.06693
1.011 0.06921
1.012 0.07166
1.012 0.0743
1.012 0.07715
1.013 0.08023
1.014 0.08355
1.014 0.08715
1.014 0.09105
1.015 0.09528
1.016 0.09986
1.016 0.1048
1.016 0.1103
1.017 0.1161
1.018 0.1226
1.018 0.1296
1.018 0.1372
1.019 0.1456
1.02 0.1547
1.02 0.1647
1.02 0.1756
1.021 0.1875
1.022 0.2006
1.022 0.2149
1.022 0.2304
1.023 0.2473
1.024 0.2655
1.024 0.2852
1.024 0.3061
1.025 0.3283
1.026 0.3516
1.026 0.3754
1.026 0.3994
1.027 0.423
1.028 0.4453
1.028 0.4654
1.028 0.4823
1.029 0.4952
1.03 0.5033
1.03 0.506
1.03 0.5031
1.031 0.4949
1.032 0.4819
1.032 0.4647
1.032 0.4445
1.033 0.422
1.034 0.3983
1.034 0.3742
1.034 0.3502
1.035 0.3268
1.036 0.3044
1.036 0.2833
1.036 0.2635
1.037 0.2451
1.038 0.228
1.038 0.2123
1.038 0.1979
1.039 0.1847
1.04 0.1726
1.04 0.1615
1.04 0.1513
1.041 0.142
1.042 0.1335
1.042 0.1257
1.042 0.1185
1.043 0.1119
1.044 0.1058
1.044 0.1002
1.044 0.09507
1.045 0.09029
1.046 0.08588
1.046 0.08178
1.046 0.07799
1.047 0.07446
1.048 0.07117
1.048 0.06811
1.048 0.06526
1.049 0.06259
1.05 0.0601
1.05 0.05777
1.05 0.05558
1.051 0.05353
1.052 0.0516
1.052 0.04978
1.052 0.04807
1.053 0.04646
1.054 0.04494
1.054 0.04351
1.054 0.04215
1.055 0.04087
1.056 0.03965
1.056 0.0385
1.056 0.03741
1.057 0.03637
1.058 0.03538
1.058 0.03445
1.058 0.03356
1.059 0.03271
1.06 0.0319
1.06 0.03113
1.06 0.03039
1.061 0.02969
1.062 0.02902
1.062 0.02838
1.062 0.02777
1.063 0.02718
1.063 0.02662
1.064 0.02608
1.065 0.02557
1.065 0.02507
1.065 0.0246
1.066 0.02415
1.067 0.02371
1.067 0.02329
1.067 0.02289
1.068 0.02251
1.069 0.02214
1.069 0.02178
1.069 0.02144
1.07 0.02111
1.071 0.02079
1.071 0.02049
1.071 0.02019
1.072 0.01991
1.073 0.01964
1.073 0.01938
1.073 0.01912
1.074 0.01888
1.075 0.01865
1.075 0.01842
1.075 0.0182
1.076 0.018
1.077 0.01779
1.077 0.0176
1.077 0.01741
1.078 0.01723
1.079 0.01706
1.079 0.01689
1.079 0.01673
1.08 0.01658
1.081 0.01643
1.081 0.01628
1.081 0.01615
1.082 0.01601
1.083 0.01589
1.083 0.01576
1.083 0.01565
1.084 0.01553
1.085 0.01543
1.085 0.01532
1.085 0.01522
1.086 0.01513
1.087 0.01504
1.087 0.01495
1.087 0.01487
1.088 0.01479
1.089 0.01471
1.089 0.01464
1.089 0.01457
1.09 0.01451
1.091 0.01445
1.091 0.01439
1.091 0.01434
1.092 0.01429
1.093 0.01424
1.093 0.0142
1.093 0.01415
1.094 0.01412
1.095 0.01408
1.095 0.01405
1.095 0.01402
1.096 0.014
1.097 0.01398
1.097 0.01396
1.097 0.01394
1.098 0.01393
1.099 0.01392
1.099 0.01391
1.099 0.01391
1.1 0.01391
1.101 0.01391
1.101 0.01391
1.101 0.01392
1.102 0.01393
1.103 0.01395
1.103 0.01396
1.103 0.01398
1.104 0.01401
1.105 0.01403
1.105 0.01406
1.105 0.01409
1.106 0.01413
1.107 0.01417
1.107 0.01421
1.107 0.01425
1.108 0.0143
1.109 0.01435
1.109 0.01441
1.109 0.01446
1.11 0.01453
1.111 0.01459
1.111 0.01466
1.111 0.01473
1.112 0.01481
1.113 0.01489
1.113 0.01497
1.113 0.01506
1.114 0.01515
1.115 0.01525
1.115 0.01535
1.115 0.01545
1.116 0.01556
1.117 0.01568
1.117 0.01579
1.117 0.01592
1.118 0.01605
1.119 0.01618
1.119 0.01632
1.119 0.01646
1.12 0.01661
1.121 0.01677
1.121 0.01693
1.121 0.0171
1.122 0.01727
1.123 0.01745
1.123 0.01764
1.123 0.01783
1.124 0.01804
1.125 0.01825
1.125 0.01847
1.125 0.01869
1.126 0.01893
1.127 0.01917
1.127 0.01942
1.127 0.01969
1.128 0.01996
1.129 0.02024
1.129 0.02054
1.129 0.02084
1.13 0.02116
1.131 0.02149
1.131 0.02183
1.131 0.02219
1.132 0.02256
1.133 0.02295
1.133 0.02335
1.133 0.02377
1.134 0.02421
1.135 0.02466
1.135 0.02513
1.135 0.02563
1.136 0.02614
1.137 0.02668
1.137 0.02724
1.137 0.02783
1.138 0.02844
1.139 0.02909
1.139 0.02976
1.139 0.03046
1.14 0.0312
1.141 0.03197
1.141 0.03278
1.141 0.03363
1.142 0.03452
1.143 0.03546
1.143 0.03645
1.143 0.03748
1.144 0.03858
1.145 0.03973
1.145 0.04095
1.145 0.04223
1.146 0.04359
1.147 0.04502
1.147 0.04655
1.147 0.04816
1.148 0.04987
1.149 0.05168
1.149 0.05361
1.149 0.05567
1.15 0.05786
1.151 0.06019
1.151 0.06268
1.151 0.06535
1.152 0.06821
1.153 0.07127
1.153 0.07455
1.153 0.07808
1.154 0.08188
1.155 0.08597
1.155 0.09039
1.155 0.09517
1.156 0.1003
1.157 0.1059
1.157 0.112
1.157 0.1186
1.158 0.1258
1.159 0.1336
1.159 0.1421
1.159 0.1514
1.16 0.1616
1.161 0.1727
1.161 0.1848
1.161 0.198
1.162 0.2124
1.163 0.2281
1.163 0.2452
1.163 0.2636
1.164 0.2834
1.165 0.3045
1.165 0.3269
1.165 0.3503
1.166 0.3743
1.167 0.3985
1.167 0.4222
1.167 0.4446
1.168 0.4649
1.169 0.482
1.169 0.495
1.169 0.5032
1.17 0.5061
1.171 0.5034
1.171 0.4953
1.171 0.4824
1.172 0.4655
1.173 0.4454
1.173 0.4231
1.173 0.3996
1.174 0.3755
1.175 0.3517
1.175 0.3285
1.175 0.3063
1.176 0.2853
1.177 0.2657
1.177 0.2474
1.177 0.2305
1.178 0.215
1.179 0.2007
1.179 0.1877
1.179 0.1757
1.18 0.1648
1.181 0.1548
1.181 0.1457
1.181 0.1374
1.182 0.1297
1.183 0.1227
1.183 0.1163
1.183 0.1104
1.184 0.105
1.185 0.1
1.185 0.09543
1.185 0.09121
1.186 0.08731
1.187 0.08371
1.187 0.08039
1.188 0.07731
1.188 0.07446
1.188 0.07182
1.189 0.06937
1.19 0.0671
1.19 0.06499
1.19 0.06303
1.191 0.06121
1.192 0.05952
1.192 0.05795
1.192 0.05648
1.193 0.05513
1.194 0.05386
1.194 0.05269
1.194 0.0516
1.195 0.0506
1.196 0.04966
1.196 0.0488
1.196 0.048
1.197 0.04726
1.198 0.04659
1.198 0.04596
1.198 0.0454
1.199 0.04488
1.2 0.04441
1.2 0.04399
1.2 0.04362
1.201 0.04329
1.202 0.04299
1.202 0.04274
1.202 0.04253
1.203 0.04236
1.204 0.04222
1.204 0.04213
1.204 0.04206
1.205 0.04203
1.206 0.04204
1.206 0.04208
1.206 0.04216
1.207 0.04227
1.208 0.04241
1.208 0.04259
1.208 0.0428
1.209 0.04304
1.21 0.04332
1.21 0.04364
1.21 0.04399
1.211 0.04437
1.212 0.0448
1.212 0.04526
1.212 0.04576
1.213 0.0463
1.214 0.04688
1.214 0.0475
1.214 0.04817
1.215 0.04888
1.216 0.04964
1.216 0.05045
1.216 0.0513
1.217 0.05221
1.218 0.05318
1.218 0.0542
1.218 0.05529
1.219 0.05644
1.22 0.05765
1.22 0.05894
1.22 0.0603
1.221 0.06174
1.222 0.06327
1.222 0.06488
1.222 0.06659
1.223 0.06839
1.224 0.07031
1.224 0.07233
1.224 0.07448
1.225 0.07676
1.226 0.07917
1.226 0.08173
1.226 0.08446
1.227 0.08735
1.228 0.09043
1.228 0.0937
1.228 0.09719
1.229 0.1009
1.23 0.1049
1.23 0.1091
1.23 0.1136
1.231 0.1185
1.232 0.1237
1.232 0.1293
1.232 0.1352
1.233 0.1417
1.234 0.1486
1.234 0.1561
1.234 0.1641
1.235 0.1728
1.236 0.1822
1.236 0.1924
1.236 0.2035
1.237 0.2155
1.238 0.2286
1.238 0.2428
1.238 0.2583
1.239 0.2753
1.24 0.2937
1.24 0.3139
1.24 0.336
1.241 0.36
1.242 0.3864
1.242 0.4151
1.242 0.4463
1.243 0.4802
1.244 0.5169
1.244 0.5564
1.244 0.5986
1.245 0.6431
1.246 0.6897
1.246 0.7376
1.246 0.7858
1.247 0.8331
1.248 0.8778
1.248 0.9181
1.248 0.9522
1.249 0.9782
1.25 0.9945
1.25 1
1.25 0.9945
1.251 0.9782
1.252 0.9522
1.252 0.9181
1.252 0.8778
1.253 0.833
1.254 0.7858
1.254 0.7375
1.254 0.6897
1.255 0.6431
1.256 0.5985
1.256 0.5563
1.256 0.5169
1.257 0.4802
1.258 0.4462
1.258 0.415
1.258 0.3863
1.259 0.3599
1.26 0.3358
1.26 0.3138
1.26 0.2936
1.261 0.2751
1.262 0.2582
1.262 0.2427
1.262 0.2285
1.263 0.2154
1.264 0.2034
1.264 0.1923
1.264 0.1821
1.265 0.1727
1.266 0.1639
1.266 0.1559
1.266 0.1484
1.267 0.1415
1.268 0.135
1.268 0.1291
1.268 0.1235
1.269 0.1183
1.27 0.1134
1.27 0.1089
1.27 0.1046
1.271 0.1007
1.272 0.09694
1.272 0.09345
1.272 0.09017
1.273 0.08708
1.274 0.08418
1.274 0.08146
1.274 0.07889
1.275 0.07647
1.276 0.07418
1.276 0.07203
1.276 0.07
1.277 0.06808
1.278 0.06627
1.278 0.06455
1.278 0.06293
1.279 0.0614
1.28 0.05996
1.28 0.05859
1.28 0.0573
1.281 0.05607
1.282 0.05492
1.282 0.05383
1.282 0.0528
1.283 0.05182
1.284 0.05091
1.284 0.05004
1.284 0.04923
1.285 0.04847
1.286 0.04775
1.286 0.04707
1.286 0.04645
1.287 0.04586
1.288 0.04531
1.288 0.04481
1.288 0.04434
1.289 0.04391
1.29 0.04351
1.29 0.04316
1.29 0.04283
1.291 0.04255
1.292 0.0423
1.292 0.04208
1.292 0.04189
1.293 0.04174
1.294 0.04163
1.294 0.04155
1.294 0.0415
1.295 0.04149
1.296 0.04151
1.296 0.04156
1.296 0.04165
1.297 0.04178
1.298 0.04195
1.298 0.04215
1.298 0.0424
1.299 0.04268
1.3 0.043
1.3 0.04337
1.3 0.04379
1.301 0.04425
1.302 0.04475
1.302 0.04531
1.302 0.04593
1.303 0.0466
1.304 0.04732
1.304 0.04812
1.304 0.04897
1.305 0.0499
1.306 0.0509
1.306 0.05198
1.306 0.05314
1.307 0.0544
1.308 0.05575
1.308 0.0572
1.308 0.05877
1.309 0.06045
1.31 0.06226
1.31 0.06421
1.31 0.06631
1.311 0.06858
1.312 0.07102
1.312 0.07365
1.312 0.07649
1.313 0.07956
1.313 0.08288
1.314 0.08647
1.315 0.09036
1.315 0.09457
1.315 0.09915
1.316 0.1041
1.317 0.1095
1.317 0.1154
1.317 0.1218
1.318 0.1288
1.319 0.1364
1.319 0.1448
1.319 0.1539
1.32 0.1639
1.321 0.1748
1.321 0.1867
1.321 0.1998
1.322 0.214
1.323 0.2295
1.323 0.2464
1.323 0.2646
1.324 0.2843
1.325 0.3052
1.325 0.3274
1.325 0.3506
1.326 0.3745
1.327 0.3985
1.327 0.422
1.327 0.4443
1.328 0.4644
1.329 0.4813
1.329 0.4942
1.329 0.5023
1.33 0.5049
1.331 0.5021
1.331 0.4939
1.331 0.4808
1.332 0.4637
1.333 0.4434
1.333 0.4209
1.333 0.3972
1.334 0.373
1.335 0.349
1.335 0.3256
1.335 0.3033
1.336 0.2821
1.337 0.2623
1.337 0.2439
1.337 0.2268
1.338 0.2111
1.339 0.1967
1.339 0.1834
1.339 0.1713
1.34 0.1602
1.341 0.15
1.341 0.1407
1.341 0.1322
1.342 0.1243
1.343 0.1171
1.343 0.1105
1.343 0.1044
1.344 0.09883
1.345 0.09365
1.345 0.08886
1.345 0.08443
1.346 0.08032
1.347 0.0765
1.347 0.07296
1.347 0.06966
1.348 0.06658
1.349 0.06371
1.349 0.06103
1.349 0.05852
1.35 0.05617
1.351 0.05397
1.351 0.0519
1.351 0.04995
1.352 0.04812
1.353 0.04639
1.353 0.04476
1.353 0.04323
1.354 0.04177
1.355 0.0404
1.355 0.0391
1.355 0.03786
1.356 0.03669
1.357 0.03558
1.357 0.03452
1.357 0.03352
1.358 0.03256
1.359 0.03165
1.359 0.03078
1.359 0.02995
1.36 0.02916
1.361 0.0284
1.361 0.02768
1.361 0.02699
1.362 0.02633
1.363 0.02569
1.363 0.02508
1.363 0.0245
1.364 0.02394
1.365 0.0234
1.365 0.02289
1.365 0.02239
1.366 0.02191
1.367 0.02145
1.367 0.02101
1.367 0.02059
1.368 0.02018
1.369 0.01978
1.369 0.0194
1.369 0.01903
1.37 0.01868
1.371 0.01833
1.371 0.018
1.371 0.01768
1.372 0.01737
1.373 0.01707
1.373 0.01678
1.373 0.0165
1.374 0.01623
1.375 0.01597
1.375 0.01571
1.375 0.01547
1.376 0.01523
1.377 0.01499
1.377 0.01477
1.377 0.01455
1.378 0.01434
1.379 0.01413
1.379 0.01393
1.379 0.01374
1.38 0.01355
1.381 0.01337
1.381 0.01319
1.381 0.01302
1.382 0.01285
1.383 0.01268
1.383 0.01252
1.383 0.01237
1.384 0.01222
1.385 0.01207
1.385 0.01193
1.385 0.01179
1.386 0.01166
1.387 0.01152
1.387 0.0114
1.387 0.01127
1.388 0.01115
1.389 0.01103
1.389 0.01091
1.389 0.0108
1.39 0.01069
1.391 0.01058
1.391 0.01048
1.391 0.01038
1.392 0.01028
1.393 0.01018
1.393 0.01009
1.393 0.009997
1.394 0.009908
1.395 0.00982
1.395 0.009735
1.395 0.009652
1.396 0.009572
1.397 0.009493
1.397 0.009416
1.397 0.009341
1.398 0.009269
1.399 0.009198
1.399 0.009129
1.399 0.009061
1.4 0.008996
1.401 0.008932
1.401 0.00887
1.401 0.008809
1.402 0.008751
1.403 0.008693
1.403 0.008638
1.403 0.008584
1.404 0.008531
1.405 0.008481
1.405 0.008431
1.405 0.008383
1.406 0.008337
1.407 0.008292
1.407 0.008248
1.407 0.008206
1.408 0.008166
1.409 0.008126
1.409 0.008088
1.409 0.008052
1.41 0.008017
1.411 0.007983
1.411 0.007951
1.411 0.00792
1.412 0.00789
1.413 0.007862
1.413 0.007835
1.413 0.00781
1.414 0.007786
1.415 0.007763
1.415 0.007742
1.415 0.007722
1.416 0.007704
1.417 0.007687
1.417 0.007672
1.417 0.007658
1.418 0.007645
1.419 0.007635
1.419 0.007625
1.419 0.007617
1.42 0.007611
1.421 0.007607
1.421 0.007604
1.421 0.007603
1.422 0.007604
1.423 0.007606
1.423 0.007611
1.423 0.007617
1.424 0.007626
1.425 0.007636
1.425 0.007649
1.425 0.007664
1.426 0.007681
1.427 0.0077
1.427 0.007722
1.427 0.007747
1.428 0.007774
1.429 0.007804
1.429 0.007837
1.429 0.007873
1.43 0.007912
1.431 0.007955
1.431 0.008002
1.431 0.008052
1.432 0.008106
1.433 0.008164
1.433 0.008227
1.433 0.008295
1.434 0.008368
1.435 0.008446
1.435 0.008529
1.435 0.008619
1.436 0.008715
1.437 0.008819
1.437 0.008929
1.438 0.009048
1.438 0.009175
1.438 0.009312
1.439 0.009458
1.44 0.009615
1.44 0.009784
1.44 0.009965
1.441 0.01016
1.442 0.01037
1.442 0.0106
1.442 0.01084
1.443 0.0111
1.444 0.01138
1.444 0.01169
1.444 0.01202
1.445 0.01238
1.446 0.01277
1.446 0.01319
1.446 0.01365
1.447 0.01414
1.448 0.01469
1.448 0.01528
1.448 0.01592
1.449 0.01662
1.45 0.01739
1.45 0.01823
1.45 0.01915
1.451 0.02015
1.452 0.02125
1.452 0.02245
1.452 0.02375
1.453 0.02516
1.454 0.0267
1.454 0.02834
1.454 0.0301
1.455 0.03196
1.456 0.03391
1.456 0.03591
1.456 0.03792
1.457 0.03989
1.458 0.04176
1.458 0.04345
1.458 0.04487
1.459 0.04596
1.46 0.04665
1.46 0.04689
1.46 0.04666
1.461 0.04599
1.462 0.04492
1.462 0.04351
1.462 0.04184
1.463 0.03998
1.464 0.03803
1.464 0.03603
1.464 0.03404
1.465 0.03212
1.466 0.03027
1.466 0.02853
1.466 0.0269
1.467 0.02538
1.468 0.02398
1.468 0.0227
1.468 0.02152
1.469 0.02044
1.47 0.01945
1.47 0.01855
1.47 0.01773
1.471 0.01698
1.472 0.0163
1.472 0.01567
1.472 0.0151
1.473 0.01458
1.474 0.0141
1.474 0.01366
1.474 0.01326
1.475 0.01289
1.476 0.01256
1.476 0.01225
1.476 0.01197
1.477 0.01171
1.478 0.01147
1.478 0.01125
1.478 0.01105
1.479 0.01087
1.48 0.0107
1.48 0.01054
1.48 0.0104
1.481 0.01028
1.482 0.01016
1.482 0.01005
1.482 0.009958
1.483 0.009871
1.484 0.009794
1.484 0.009725
1.484 0.009664
1.485 0.009611
1.486 0.009565
1.486 0.009526
1.486 0.009493
1.487 0.009467
1.488 0.009447
1.488 0.009432
1.488 0.009424
1.489 0.009421
1.49 0.009423
1.49 0.00943
1.49 0.009443
1.491 0.009461
1.492 0.009484
1.492 0.009511
1.492 0.009544
1.493 0.009582
1.494 0.009624
1.494 0.009671
1.494 0.009723
1.495 0.009781
1.496 0.009843
1.496 0.00991
1.496 0.009982
1.497 0.01006
1.498 0.01014
1.498 0.01023
1.498 0.01032
1.499 0.01042
1.5 0.01053
1.5 0.01064
1.5 0.01075
1.501 0.01088
1.502 0.01101
1.502 0.01114
1.502 0.01129
1.503 0.01144
1.504 0.01159
1.504 0.01176
1.504 0.01193
1.505 0.01212
1.506 0.01231
1.506 0.01251
1.506 0.01272
1.507 0.01294
1.508 0.01318
1.508 0.01342
1.508 0.01368
1.509 0.01395
1.51 0.01423
1.51 0.01452
1.51 0.01484
1.511 0.01516
1.512 0.01551
1.512 0.01587
1.512 0.01626
1.513 0.01666
1.514 0.01708
1.514 0.01753
1.514 0.018
1.515 0.0185
1.516 0.01903
1.516 0.01959
1.516 0.02018
1.517 0.02081
1.518 0.02148
1.518 0.02218
1.518 0.02294
1.519 0.02373
1.52 0.02459
1.52 0.02549
1.52 0.02646
1.521 0.0275
1.522 0.0286
1.522 0.02979
1.522 0.03106
1.523 0.03242
1.524 0.03389
1.524 0.03547
1.524 0.03717
1.525 0.03901
1.526 0.041
1.526 0.04315
1.526 0.04548
1.527 0.04801
1.528 0.05075
1.528 0.05374
1.528 0.057
1.529 0.06055
1.53 0.06442
1.53 0.06865
1.53 0.07327
1.531 0.07832
1.532 0.08383
1.532 0.08983
1.532 0.09637
1.533 0.1035
1.534 0.1111
1.534 0.1194
1.534 0.1282
1.535 0.1375
1.536 0.1473
1.536 0.1573
1.536 0.1673
1.537 0.1772
1.538 0.1866
1.538 0.195
1.538 0.2021
1.539 0.2076
1.54 0.211
1.54 0.2122
1.54 0.211
1.541 0.2077
1.542 0.2023
1.542 0.1952
1.542 0.1869
1.543 0.1776
1.544 0.1678
1.544 0.1578
1.544 0.1478
1.545 0.1382
1.546 0.1289
1.546 0.1202
1.546 0.112
1.547 0.1044
1.548 0.09735
1.548 0.09088
1.548 0.08494
1.549 0.07951
1.55 0.07453
1.55 0.06998
1.55 0.06582
1.551 0.06202
1.552 0.05854
1.552 0.05536
1.552 0.05244
1.553 0.04977
1.554 0.04731
1.554 0.04506
1.554 0.04299
1.555 0.04108
1.556 0.03932
1.556 0.0377
1.556 0.0362
1.557 0.03482
1.558 0.03354
1.558 0.03235
1.558 0.03125
1.559 0.03023
1.56 0.02929
1.56 0.02841
1.56 0.0276
1.561 0.02684
1.562 0.02614
1.562 0.02548
1.562 0.02488
1.563 0.02431
1.563 0.02379
1.564 0.02331
1.565 0.02285
1.565 0.02244
1.565 0.02205
1.566 0.02169
1.567 0.02136
1.567 0.02106
1.567 0.02078
1.568 0.02052
1.569 0.02029
1.569 0.02008
1.569 0.01989
1.57 0.01972
1.571 0.01956
1.571 0.01943
1.571 0.01931
1.572 0.01921
1.573 0.01913
1.573 0.01906
1.573 0.019
1.574 0.01897
1.575 0.01894
1.575 0.01894
1.575 0.01894
1.576 0.01896
1.577 0.019
1.577 0.01905
1.577 0.01911
1.578 0.01919
1.579 0.01928
1.579 0.01939
1.579 0.01951
1.58 0.01965
1.581 0.0198
1.581 0.01996
1.581 0.02015
1.582 0.02034
1.583 0.02056
1.583 0.02079
1.583 0.02103
1.584 0.0213
1.585 0.02158
1.585 0.02188
1.585 0.02221
1.586 0.02255
1.587 0.02291
1.587 0.0233
1.587 0.02371
1.588 0.02414
1.589 0.0246
1.589 0.02508
1.589 0.0256
1.59 0.02614
1.591 0.02671
1.591 0.02732
1.591 0.02796
1.592 0.02864
1.593 0.02936
1.593 0.03012
1.593 0.03092
1.594 0.03178
1.595 0.03268
1.595 0.03363
1.595 0.03465
1.596 0.03572
1.597 0.03687
1.597 0.03808
1.597 0.03937
1.598 0.04074
1.599 0.04221
1.599 0.04376
1.599 0.04543
1.6 0.0472
1.601 0.0491
1.601 0.05113
1.601 0.0533
1.602 0.05563
1.603 0.05814
1.603 0.06083
1.603 0.06372
1.604 0.06684
1.605 0.07021
1.605 0.07385
1.605 0.07778
1.606 0.08204
1.607 0.08667
1.607 0.09169
1.607 0.09714
1.608 0.1031
1.609 0.1096
1.609 0.1166
1.609 0.1243
1.61 0.1328
1.611 0.142
1.611 0.152
1.611 0.163
1.612 0.175
1.613 0.188
1.613 0.2021
1.613 0.2174
1.614 0.2339
1.615 0.2515
1.615 0.2701
1.615 0.2895
1.616 0.3095
1.617 0.3296
1.617 0.3493
1.617 0.3679
1.618 0.3848
1.619 0.399
1.619 0.4098
1.619 0.4166
1.62 0.4189
1.621 0.4166
1.621 0.4099
1.621 0.3991
1.622 0.3849
1.623 0.3681
1.623 0.3495
1.623 0.3298
1.624 0.3097
1.625 0.2898
1.625 0.2704
1.625 0.2519
1.626 0.2343
1.627 0.2179
1.627 0.2026
1.627 0.1885
1.628 0.1755
1.629 0.1636
1.629 0.1526
1.629 0.1426
1.63 0.1335
1.631 0.1251
1.631 0.1174
1.631 0.1104
1.632 0.104
1.633 0.09806
1.633 0.09265
1.633 0.08767
1.634 0.08309
1.635 0.07887
1.635 0.07498
1.635 0.07138
1.636 0.06806
1.637 0.06498
1.637 0.06213
1.637 0.05949
1.638 0.05703
1.639 0.05475
1.639 0.05262
1.639 0.05064
1.64 0.04879
1.641 0.04707
1.641 0.04546
1.641 0.04395
1.642 0.04255
1.643 0.04123
1.643 0.03999
1.643 0.03884
1.644 0.03775
1.645 0.03674
1.645 0.03578
1.645 0.03489
1.646 0.03405
1.647 0.03326
1.647 0.03253
1.647 0.03183
1.648 0.03119
1.649 0.03058
1.649 0.03001
1.649 0.02948
1.65 0.02898
1.651 0.02852
1.651 0.02809
1.651 0.02768
1.652 0.02731
1.653 0.02697
1.653 0.02665
1.653 0.02635
1.654 0.02609
1.655 0.02584
1.655 0.02562
1.655 0.02543
1.656 0.02525
1.657 0.0251
1.657 0.02496
1.657 0.02485
1.658 0.02476
1.659 0.02469
1.659 0.02464
1.659 0.02461
1.66 0.0246
1.661 0.02461
1.661 0.02463
1.661 0.02468
1.662 0.02475
1.663 0.02484
1.663 0.02495
1.663 0.02508
1.664 0.02523
1.665 0.0254
1.665 0.0256
1.665 0.02581
1.666 0.02605
1.667 0.02632
1.667 0.02661
1.667 0.02692
1.668 0.02726
1.669 0.02763
1.669 0.02803
1.669 0.02846
1.67 0.02892
1.671 0.02942
1.671 0.02995
1.671 0.03051
1.672 0.03112
1.673 0.03176
1.673 0.03245
1.673 0.03319
1.674 0.03397
1.675 0.03481
1.675 0.0357
1.675 0.03665
1.676 0.03766
1.677 0.03874
1.677 0.0399
1.677 0.04113
1.678 0.04244
1.679 0.04385
1.679 0.04535
1.679 0.04696
1.68 0.04868
1.681 0.05052
1.681 0.0525
1.681 0.05462
1.682 0.05691
1.683 0.05936
1.683 0.062
1.683 0.06485
1.684 0.06792
1.685 0.07124
1.685 0.07483
1.685 0.07872
1.686 0.08294
1.687 0.08752
1.687 0.09249
1.688 0.0979
1.688 0.1038
1.688 0.1102
1.689 0.1173
1.69 0.1249
1.69 0.1333
1.69 0.1425
1.691 0.1525
1.692 0.1634
1.692 0.1753
1.692 0.1883
1.693 0.2024
1.694 0.2177
1.694 0.2341
1.694 0.2517
1.695 0.2702
1.696 0.2896
1.696 0.3095
1.696 0.3296
1.697 0.3493
1.698 0.3679
1.698 0.3847
1.698 0.3989
1.699 0.4097
1.7 0.4164
1.7 0.4187
1.7 0.4164
1.701 0.4096
1.702 0.3987
1.702 0.3845
1.702 0.3677
1.703 0.349
1.704 0.3293
1.704 0.3092
1.704 0.2892
1.705 0.2698
1.706 0.2512
1.706 0.2336
1.706 0.2172
1.707 0.2019
1.708 0.1877
1.708 0.1747
1.708 0.1627
1.709 0.1517
1.71 0.1417
1.71 0.1325
1.71 0.124
1.711 0.1163
1.712 0.1093
1.712 0.1028
1.712 0.09683
1.713 0.09137
1.714 0.08635
1.714 0.08172
1.714 0.07746
1.715 0.07352
1.716 0.06988
1.716 0.06651
1.716 0.06339
1.717 0.06049
1.718 0.05779
1.718 0.05529
1.718 0.05295
1.719 0.05077
1.72 0.04874
1.72 0.04684
1.72 0.04506
1.721 0.0434
1.722 0.04183
1.722 0.04037
1.722 0.03899
1.723 0.0377
1.724 0.03648
1.724 0.03534
1.724 0.03426
1.725 0.03324
1.726 0.03228
1.726 0.03137
1.726 0.03052
1.727 0.02971
1.728 0.02895
1.728 0.02822
1.728 0.02754
1.729 0.0269
1.73 0.02629
1.73 0.02571
1.73 0.02516
1.731 0.02465
1.732 0.02416
1.732 0.02369
1.732 0.02326
1.733 0.02285
1.734 0.02246
1.734 0.02209
1.734 0.02174
1.735 0.02142
1.736 0.02111
1.736 0.02083
1.736 0.02056
1.737 0.02031
1.738 0.02007
1.738 0.01986
1.738 0.01965
1.739 0.01947
1.74 0.0193
1.74 0.01915
1.74 0.01901
1.741 0.01888
1.742 0.01877
1.742 0.01867
1.742 0.01859
1.743 0.01852
1.744 0.01847
1.744 0.01843
1.744 0.01841
1.745 0.0184
1.746 0.0184
1.746 0.01842
1.746 0.01845
1.747 0.0185
1.748 0.01857
1.748 0.01865
1.748 0.01874
1.749 0.01886
1.75 0.01899
1.75 0.01914
1.75 0.0193
1.751 0.01949
1.752 0.0197
1.752 0.01993
1.752 0.02018
1.753 0.02046
1.754 0.02075
1.754 0.02108
1.754 0.02143
1.755 0.02182
1.756 0.02223
1.756 0.02268
1.756 0.02316
1.757 0.02368
1.758 0.02424
1.758 0.02484
1.758 0.02549
1.759 0.02619
1.76 0.02694
1.76 0.02775
1.76 0.02862
1.761 0.02956
1.762 0.03058
1.762 0.03167
1.762 0.03285
1.763 0.03413
1.764 0.03551
1.764 0.037
1.764 0.03862
1.765 0.04037
1.766 0.04227
1.766 0.04434
1.766 0.04659
1.767 0.04904
1.768 0.05171
1.768 0.05462
1.768 0.0578
1.769 0.06127
1.77 0.06507
1.77 0.06923
1.77 0.07377
1.771 0.07874
1.772 0.08418
1.772 0.09011
1.772 0.09657
1.773 0.1036
1.774 0.1112
1.774 0.1194
1.774 0.1281
1.775 0.1374
1.776 0.147
1.776 0.157
1.776 0.167
1.777 0.1768
1.778 0.186
1.778 0.1944
1.778 0.2015
1.779 0.2068
1.78 0.2102
1.78 0.2113
1.78 0.2101
1.781 0.2067
1.782 0.2013
1.782 0.1941
1.782 0.1857
1.783 0.1763
1.784 0.1664
1.784 0.1564
1.784 0.1464
1.785 0.1366
1.786 0.1273
1.786 0.1185
1.786 0.1102
1.787 0.1025
1.788 0.09544
1.788 0.08889
1.788 0.08288
1.789 0.07737
1.79 0.07232
1.79 0.06769
1.79 0.06346
1.791 0.05958
1.792 0.05602
1.792 0.05276
1.792 0.04976
1.793 0.04701
1.794 0.04447
1.794 0.04214
1.794 0.03998
1.795 0.03799
1.796 0.03615
1.796 0.03444
1.796 0.03285
1.797 0.03138
1.798 0.03001
1.798 0.02873
1.798 0.02754
1.799 0.02642
1.8 0.02538
1.8 0.02441
1.8 0.0235
1.801 0.02264
1.802 0.02183
1.802 0.02107
1.802 0.02036
1.803 0.01969
1.804 0.01905
1.804 0.01846
1.804 0.01789
1.805 0.01735
1.806 0.01685
1.806 0.01637
1.806 0.01591
1.807 0.01548
1.808 0.01507
1.808 0.01468
1.808 0.01431
1.809 0.01396
1.81 0.01362
1.81 0.0133
1.81 0.013
1.811 0.01271
1.812 0.01243
1.812 0.01217
1.812 0.01192
1.813 0.01168
1.813 0.01145
1.814 0.01123
1.815 0.01102
1.815 0.01082
1.815 0.01063
1.816 0.01045
1.817 0.01027
1.817 0.01011
1.817 0.00995
1.818 0.009799
1.819 0.009654
1.819 0.009517
1.819 0.009385
1.82 0.00926
1.821 0.009141
1.821 0.009028
1.821 0.008921
1.822 0.008819
1.823 0.008723
1.823 0.008632
1.823 0.008546
1.824 0.008465
1.825 0.008389
1.825 0.008318
1.825 0.008252
1.826 0.008191
1.827 0.008135
1.827 0.008083
1.827 0.008036
1.828 0.007994
1.829 0.007957
1.829 0.007925
1.829 0.007898
1.83 0.007876
1.831 0.007858
1.831 0.007846
1.831 0.00784
1.832 0.007839
1.833 0.007843
1.833 0.007853
1.833 0.007869
1.834 0.007892
1.835 0.007921
1.835 0.007957
1.835 0.008
1.836 0.00805
1.837 0.008108
1.837 0.008175
1.837 0.008251
1.838 0.008336
1.839 0.008431
1.839 0.008536
1.839 0.008654
1.84 0.008783
1.841 0.008926
1.841 0.009082
1.841 0.009255
1.842 0.009444
1.843 0.00965
1.843 0.009877
1.843 0.01012
1.844 0.0104
1.845 0.01069
1.845 0.01102
1.845 0.01137
1.846 0.01176
1.847 0.01218
1.847 0.01265
1.847 0.01316
1.848 0.01372
1.849 0.01433
1.849 0.015
1.849 0.01574
1.85 0.01655
1.851 0.01743
1.851 0.01841
1.851 0.01947
1.852 0.02064
1.853 0.02191
1.853 0.0233
1.853 0.0248
1.854 0.02641
1.855 0.02814
1.855 0.02997
1.855 0.03189
1.856 0.03385
1.857 0.03584
1.857 0.03778
1.857 0.03962
1.858 0.04128
1.859 0.04267
1.859 0.04373
1.859 0.04438
1.86 0.04459
1.861 0.04434
1.861 0.04364
1.861 0.04253
1.862 0.04109
1.863 0.03938
1.863 0.0375
1.863 0.03551
1.864 0.03348
1.865 0.03146
1.865 0.0295
1.865 0.02762
1.866 0.02585
1.867 0.02418
1.867 0.02263
1.867 0.0212
1.868 0.01988
1.869 0.01866
1.869 0.01755
1.869 0.01652
1.87 0.01559
1.871 0.01473
1.871 0.01394
1.871 0.01322
1.872 0.01255
1.873 0.01194
1.873 0.01138
1.873 0.01086
1.874 0.01038
1.875 0.009938
1.875 0.009528
1.875 0.009149
1.876 0.008796
1.877 0.008468
1.877 0.008162
1.877 0.007878
1.878 0.007611
1.879 0.007363
1.879 0.00713
1.879 0.006911
1.88 0.006706
1.881 0.006513
1.881 0.006331
1.881 0.00616
1.882 0.005999
1.883 0.005846
1.883 0.005702
1.883 0.005565
1.884 0.005435
1.885 0.005312
1.885 0.005196
1.885 0.005085
1.886 0.004979
1.887 0.004878
1.887 0.004783
1.887 0.004691
1.888 0.004604
1.889 0.00452
1.889 0.00444
1.889 0.004364
1.89 0.00429
1.891 0.00422
1.891 0.004153
1.891 0.004088
1.892 0.004026
1.893 0.003966
1.893 0.003908
1.893 0.003853
1.894 0.003799
1.895 0.003748
1.895 0.003698
1.895 0.00365
1.896 0.003604
1.897 0.00356
1.897 0.003516
1.897 0.003475
1.898 0.003434
1.899 0.003395
1.899 0.003357
1.899 0.003321
1.9 0.003285
1.901 0.003251
1.901 0.003217
1.901 0.003185
1.902 0.003153
1.903 0.003123
1.903 0.003093
1.903 0.003064
1.904 0.003036
1.905 0.003009
1.905 0.002982
1.905 0.002956
1.906 0.002931
1.907 0.002906
1.907 0.002883
1.907 0.002859
1.908 0.002836
1.909 0.002814
1.909 0.002793
1.909 0.002772
1.91 0.002751
1.911 0.002731
1.911 0.002711
1.911 0.002692
1.912 0.002673
1.913 0.002655
1.913 0.002637
1.913 0.00262
1.914 0.002603
1.915 0.002586
1.915 0.002569
1.915 0.002553
1.916 0.002538
1.917 0.002522
1.917 0.002507
1.917 0.002493
1.918 0.002478
1.919 0.002464
1.919 0.00245
1.919 0.002437
1.92 0.002424
1.921 0.002411
1.921 0.002398
1.921 0.002385
1.922 0.002373
1.923 0.002361
1.923 0.002349
1.923 0.002338
1.924 0.002326
1.925 0.002315
1.925 0.002304
1.925 0.002293
1.926 0.002283
1.927 0.002273
1.927 0.002262
1.927 0.002252
1.928 0.002243
1.929 0.002233
1.929 0.002224
1.929 0.002214
1.93 0.002205
1.931 0.002196
1.931 0.002187
1.931 0.002179
1.932 0.00217
1.933 0.002162
1.933 0.002154
1.933 0.002146
1.934 0.002138
1.935 0.00213
1.935 0.002122
1.935 0.002115
1.936 0.002107
1.937 0.0021
1.937 0.002093
1.938 0.002086
1.938 0.002079
1.938 0.002072
1.939 0.002066
1.94 0.002059
1.94 0.002053
1.94 0.002046
1.941 0.00204
1.942 0.002034
1.942 0.002028
1.942 0.002022
1.943 0.002016
1.944 0.00201
1.944 0.002005
1.944 0.001999
1.945 0.001994
1.946 0.001988
1.946 0.001983
1.946 0.001978
1.947 0.001973
1.948 0.001968
1.948 0.001963
1.948 0.001958
1.949 0.001953
1.95 0.001948
1.95 0.001944
1.95 0.001939
1.951 0.001935
1.952 0.00193
1.952 0.001926
1.952 0.001922
1.953 0.001918
1.954 0.001914
1.954 0.00191
1.954 0.001906
1.955 0.001902
1.956 0.001898
1.956 0.001894
1.956 0.001891
1.957 0.001887
1.958 0.001884
1.958 0.00188
1.958 0.001877
1.959 0.001873
1.96 0.00187
1.96 0.001867
1.96 0.001864
1.961 0.001861
1.962 0.001858
1.962 0.001855
1.962 0.001852
1.963 0.001849
1.964 0.001846
1.964 0.001843
1.964 0.001841
1.965 0.001838
1.966 0.001835
1.966 0.001833
1.966 0.00183
1.967 0.001828
1.968 0.001826
1.968 0.001823
1.968 0.001821
1.969 0.001819
1.97 0.001817
1.97 0.001814
1.97 0.001812
1.971 0.00181
1.972 0.001808
1.972 0.001807
1.972 0.001805
1.973 0.001803
1.974 0.001801
1.974 0.001799
1.974 0.001798
1.975 0.001796
1.976 0.001795
1.976 0.001793
1.976 0.001792
1.977 0.00179
1.978 0.001789
1.978 0.001787
1.978 0.001786
1.979 0.001785
1.98 0.001784
1.98 0.001783
1.98 0.001781
1.981 0.00178
1.982 0.001779
1.982 0.001778
1.982 0.001777
1.983 0.001777
1.984 0.001776
1.984 0.001775
1.984 0.001774
1.985 0.001773
1.986 0.001773
1.986 0.001772
1.986 0.001772
1.987 0.001771
1.988 0.001771
1.988 0.00177
1.988 0.00177
1.989 0.001769
1.99 0.001769
1.99 0.001769
1.99 0.001768
1.991 0.001768
1.992 0.001768
1.992 0.001768
1.992 0.001768
1.993 0.001768
1.994 0.001768
1.994 0.001768
1.994 0.001768
1.995 0.001768
1.996 0.001768
1.996 0.001768
1.996 0.001769
1.997 0.001769
1.998 0.001769
1.998 0.00177
1.998 0.00177
1.999 0.00177
2 0.001771
2 0.001771
2.001 0.001772
2.001 0.001773
2.002 0.001773
2.002 0.001774
2.002 0.001775
2.003 0.001776
2.003 0.001776
2.004 0.001777
2.005 0.001778
2.005 0.001779
2.006 0.00178
2.006 0.001781
2.006 0.001782
2.007 0.001783
2.007 0.001784
2.008 0.001786
2.009 0.001787
2.009 0.001788
2.01 0.001789
2.01 0.001791
2.01 0.001792
2.011 0.001793
2.011 0.001795
2.012 0.001796
2.013 0.001798
2.013 0.0018
2.014 0.001801
2.014 0.001803
2.014 0.001805
2.015 0.001807
2.015 0.001808
2.016 0.00181
2.017 0.001812
2.017 0.001814
2.018 0.001816
2.018 0.001818
2.018 0.00182
2.019 0.001822
2.019 0.001824
2.02 0.001827
2.021 0.001829
2.021 0.001831
2.022 0.001834
2.022 0.001836
2.022 0.001838
2.023 0.001841
2.023 0.001843
2.024 0.001846
2.025 0.001849
2.025 0.001851
2.026 0.001854
2.026 0.001857
2.026 0.00186
2.027 0.001863
2.027 0.001865
2.028 0.001868
2.029 0.001871
2.029 0.001874
2.03 0.001878
2.03 0.001881
2.03 0.001884
2.031 0.001887
2.031 0.001891
2.032 0.001894
2.033 0.001897
2.033 0.001901
2.034 0.001904
2.034 0.001908
2.034 0.001912
2.035 0.001915
2.035 0.001919
2.036 0.001923
2.037 0.001927
2.037 0.00193
2.038 0.001934
2.038 0.001938
2.038 0.001942
2.039 0.001947
2.039 0.001951
2.04 0.001955
2.041 0.001959
2.041 0.001964
2.042 0.001968
2.042 0.001973
2.042 0.001977
2.043 0.001982
2.043 0.001986
2.044 0.001991
2.045 0.001996
2.045 0.002001
2.046 0.002006
2.046 0.00201
2.046 0.002016
2.047 0.002021
2.047 0.002026
2.048 0.002031
2.049 0.002036
2.049 0.002042
2.05 0.002047
2.05 0.002053
2.05 0.002058
2.051 0.002064
2.051 0.002069
2.052 0.002075
2.053 0.002081
2.053 0.002087
2.054 0.002093
2.054 0.002099
2.054 0.002105
2.055 0.002111
2.055 0.002118
2.056 0.002124
2.057 0.002131
2.057 0.002137
2.058 0.002144
2.058 0.00215
2.058 0.002157
2.059 0.002164
2.059 0.002171
2.06 0.002178
2.061 0.002185
2.061 0.002192
2.062 0.0022
2.062 0.002207
2.062 0.002214
2.063 0.002222
2.063 0.00223
2.064 0.002237
2.064 0.002245
2.065 0.002253
2.066 0.002261
2.066 0.002269
2.067 0.002277
2.067 0.002286
2.067 0.002294
2.068 0.002303
2.068 0.002311
2.069 0.00232
2.07 0.002329
2.07 0.002338
2.071 0.002347
2.071 0.002356
2.071 0.002365
2.072 0.002375
2.072 0.002384
2.073 0.002394
2.074 0.002404
2.074 0.002413
2.075 0.002423
2.075 0.002433
2.075 0.002444
2.076 0.002454
2.076 0.002464
2.077 0.002475
2.078 0.002486
2.078 0.002497
2.079 0.002508
2.079 0.002519
2.079 0.00253
2.08 0.002541
2.08 0.002553
2.081 0.002565
2.082 0.002576
2.082 0.002588
2.083 0.0026
2.083 0.002613
2.083 0.002625
2.084 0.002638
2.084 0.002651
2.085 0.002663
2.086 0.002676
2.086 0.00269
2.087 0.002703
2.087 0.002717
2.087 0.00273
2.088 0.002744
2.088 0.002759
2.089 0.002773
2.09 0.002787
2.09 0.002802
2.091 0.002817
2.091 0.002832
2.091 0.002847
2.092 0.002863
2.092 0.002878
2.093 0.002894
2.094 0.00291
2.094 0.002926
2.095 0.002943
2.095 0.00296
2.095 0.002977
2.096 0.002994
2.096 0.003011
2.097 0.003029
2.098 0.003047
2.098 0.003065
2.099 0.003083
2.099 0.003102
2.099 0.003121
2.1 0.00314
2.1 0.003159
2.101 0.003179
2.102 0.003199
2.102 0.003219
2.103 0.00324
2.103 0.003261
2.103 0.003282
2.104 0.003303
2.104 0.003325
2.105 0.003347
2.106 0.00337
2.106 0.003392
2.107 0.003415
2.107 0.003439
2.107 0.003463
2.108 0.003487
2.108 0.003511
2.109 0.003536
2.11 0.003561
2.11 0.003587
2.111 0.003613
2.111 0.003639
2.111 0.003666
2.112 0.003693
2.112 0.003721
2.113 0.003749
2.114 0.003777
2.114 0.003806
2.115 0.003836
2.115 0.003866
2.115 0.003896
2.116 0.003927
2.116 0.003958
2.117 0.00399
2.118 0.004023
2.118 0.004056
2.119 0.004089
2.119 0.004123
2.119 0.004158
2.12 0.004193
2.12 0.004229
2.121 0.004265
2.122 0.004302
2.122 0.00434
2.123 0.004378
2.123 0.004418
2.123 0.004457
2.124 0.004498
2.124 0.004539
2.125 0.004581
2.126 0.004624
2.126 0.004667
2.127 0.004711
2.127 0.004757
2.127 0.004803
2.128 0.004849
2.128 0.004897
2.129 0.004946
2.13 0.004995
2.13 0.005046
2.131 0.005097
2.131 0.00515
2.131 0.005204
2.132 0.005258
2.132 0.005314
2.133 0.005371
2.134 0.005429
2.134 0.005488
2.135 0.005549
2.135 0.00561
2.135 0.005673
2.136 0.005738
2.136 0.005804
2.137 0.005871
2.138 0.005939
2.138 0.00601
2.139 0.006081
2.139 0.006155
2.139 0.00623
2.14 0.006306
2.14 0.006385
2.141 0.006465
2.142 0.006547
2.142 0.006631
2.143 0.006717
2.143 0.006805
2.143 0.006896
2.144 0.006988
2.144 0.007083
2.145 0.00718
2.146 0.007279
2.146 0.007381
2.147 0.007486
2.147 0.007594
2.147 0.007704
2.148 0.007817
2.148 0.007933
2.149 0.008052
2.15 0.008175
2.15 0.0083
2.151 0.00843
2.151 0.008563
2.151 0.008699
2.152 0.00884
2.152 0.008985
2.153 0.009134
2.154 0.009287
2.154 0.009445
2.155 0.009608
2.155 0.009775
2.155 0.009948
2.156 0.01013
2.156 0.01031
2.157 0.0105
2.158 0.0107
2.158 0.0109
2.159 0.01111
2.159 0.01132
2.159 0.01155
2.16 0.01178
2.16 0.01202
2.161 0.01227
2.162 0.01252
2.162 0.01279
2.163 0.01306
2.163 0.01335
2.163 0.01365
2.164 0.01396
2.164 0.01428
2.165 0.01461
2.166 0.01496
2.166 0.01532
2.167 0.01569
2.167 0.01608
2.167 0.01649
2.168 0.01691
2.168 0.01736
2.169 0.01782
2.17 0.0183
2.17 0.01881
2.171 0.01934
2.171 0.01989
2.171 0.02048
2.172 0.02108
2.172 0.02172
2.173 0.0224
2.174 0.0231
2.174 0.02384
2.175 0.02463
2.175 0.02545
2.175 0.02632
2.176 0.02724
2.176 0.02821
2.177 0.02923
2.178 0.03032
2.178 0.03147
2.179 0.0327
2.179 0.03399
2.179 0.03538
2.18 0.03685
2.18 0.03842
2.181 0.04009
2.182 0.04188
2.182 0.04379
2.183 0.04584
2.183 0.04804
2.183 0.05041
2.184 0.05295
2.184 0.05569
2.185 0.05865
2.186 0.06184
2.186 0.0653
2.187 0.06904
2.187 0.0731
2.188 0.07751
2.188 0.08231
2.188 0.08753
2.189 0.09323
2.189 0.09944
2.19 0.1062
2.191 0.1136
2.191 0.1217
2.192 0.1305
2.192 0.1402
2.192 0.1506
2.193 0.162
2.193 0.1743
2.194 0.1875
2.195 0.2016
2.195 0.2165
2.196 0.2321
2.196 0.2481
2.196 0.2642
2.197 0.2801
2.197 0.295
2.198 0.3085
2.199 0.32
2.199 0.3287
2.2 0.3341
2.2 0.3361
2.2 0.3343
2.201 0.3289
2.201 0.3203
2.202 0.309
2.203 0.2956
2.203 0.2808
2.204 0.2651
2.204 0.2491
2.204 0.2332
2.205 0.2177
2.205 0.2029
2.206 0.1889
2.207 0.1758
2.207 0.1637
2.208 0.1524
2.208 0.1421
2.208 0.1326
2.209 0.1239
2.209 0.116
2.21 0.1087
2.211 0.102
2.211 0.09595
2.212 0.09039
2.212 0.0853
2.212 0.08063
2.213 0.07636
2.213 0.07244
2.214 0.06884
2.215 0.06552
2.215 0.06247
2.216 0.05966
2.216 0.05707
2.216 0.05468
2.217 0.05247
2.217 0.05042
2.218 0.04853
2.219 0.04677
2.219 0.04514
2.22 0.04363
2.22 0.04223
2.22 0.04093
2.221 0.03972
2.221 0.0386
2.222 0.03756
2.223 0.03659
2.223 0.03569
2.224 0.03485
2.224 0.03407
2.224 0.03335
2.225 0.03268
2.225 0.03207
2.226 0.03149
2.227 0.03097
2.227 0.03048
2.228 0.03003
2.228 0.02962
2.228 0.02925
2.229 0.02891
2.229 0.0286
2.23 0.02833
2.231 0.02808
2.231 0.02786
2.232 0.02767
2.232 0.02751
2.232 0.02737
2.233 0.02726
2.233 0.02718
2.234 0.02711
2.235 0.02708
2.235 0.02706
2.236 0.02707
2.236 0.0271
2.236 0.02715
2.237 0.02723
2.237 0.02733
2.238 0.02745
2.239 0.0276
2.239 0.02776
2.24 0.02795
2.24 0.02817
2.24 0.0284
2.241 0.02866
2.241 0.02895
2.242 0.02926
2.243 0.0296
2.243 0.02996
2.244 0.03035
2.244 0.03077
2.244 0.03122
2.245 0.03169
2.245 0.0322
2.246 0.03274
2.247 0.03332
2.247 0.03393
2.248 0.03458
2.248 0.03526
2.248 0.03599
2.249 0.03676
2.249 0.03757
2.25 0.03843
2.251 0.03934
2.251 0.04031
2.252 0.04132
2.252 0.0424
2.252 0.04354
2.253 0.04475
2.253 0.04603
2.254 0.04738
2.255 0.04882
2.255 0.05034
2.256 0.05195
2.256 0.05366
2.256 0.05548
2.257 0.05741
2.257 0.05946
2.258 0.06165
2.259 0.06397
2.259 0.06646
2.26 0.0691
2.26 0.07193
2.26 0.07495
2.261 0.07819
2.261 0.08165
2.262 0.08537
2.263 0.08936
2.263 0.09365
2.264 0.09827
2.264 0.1033
2.264 0.1086
2.265 0.1144
2.265 0.1207
2.266 0.1275
2.267 0.1349
2.267 0.1429
2.268 0.1516
2.268 0.1611
2.268 0.1714
2.269 0.1827
2.269 0.195
2.27 0.2085
2.271 0.2232
2.271 0.2393
2.272 0.2568
2.272 0.2759
2.272 0.2968
2.273 0.3194
2.273 0.3439
2.274 0.3702
2.275 0.3983
2.275 0.428
2.276 0.4591
2.276 0.491
2.276 0.5231
2.277 0.5546
2.277 0.5844
2.278 0.6114
2.279 0.6341
2.279 0.6514
2.28 0.6622
2.28 0.6659
2.28 0.6622
2.281 0.6514
2.281 0.6341
2.282 0.6114
2.283 0.5844
2.283 0.5546
2.284 0.5231
2.284 0.491
2.284 0.4591
2.285 0.428
2.285 0.3983
2.286 0.3702
2.287 0.3439
2.287 0.3194
2.288 0.2968
2.288 0.2759
2.288 0.2568
2.289 0.2393
2.289 0.2232
2.29 0.2085
2.291 0.195
2.291 0.1827
2.292 0.1714
2.292 0.1611
2.292 0.1516
2.293 0.1429
2.293 0.1349
2.294 0.1275
2.295 0.1207
2.295 0.1144
2.296 0.1086
2.296 0.1032
2.296 0.09825
2.297 0.09363
2.297 0.08934
2.298 0.08534
2.299 0.08163
2.299 0.07816
2.3 0.07492
2.3 0.0719
2.3 0.06907
2.301 0.06642
2.301 0.06394
2.302 0.06161
2.303 0.05943
2.303 0.05737
2.304 0.05544
2.304 0.05362
2.304 0.05191
2.305 0.0503
2.305 0.04878
2.306 0.04734
2.307 0.04599
2.307 0.04471
2.308 0.0435
2.308 0.04236
2.308 0.04128
2.309 0.04026
2.309 0.0393
2.31 0.03838
2.311 0.03752
2.311 0.03671
2.312 0.03594
2.312 0.03521
2.312 0.03453
2.313 0.03388
2.313 0.03327
2.314 0.03269
2.314 0.03215
2.315 0.03164
2.316 0.03116
2.316 0.03071
2.317 0.03029
2.317 0.0299
2.317 0.02954
2.318 0.0292
2.318 0.02889
2.319 0.0286
2.32 0.02834
2.32 0.0281
2.321 0.02789
2.321 0.0277
2.321 0.02753
2.322 0.02738
2.322 0.02726
2.323 0.02716
2.324 0.02708
2.324 0.02703
2.325 0.027
2.325 0.02699
2.325 0.027
2.326 0.02704
2.326 0.0271
2.327 0.02719
2.328 0.0273
2.328 0.02743
2.329 0.0276
2.329 0.02779
2.329 0.028
2.33 0.02825
2.33 0.02852
2.331 0.02883
2.332 0.02917
2.332 0.02954
2.333 0.02995
2.333 0.0304
2.333 0.03088
2.334 0.03141
2.334 0.03198
2.335 0.0326
2.336 0.03326
2.336 0.03398
2.337 0.03476
2.337 0.03559
2.337 0.03649
2.338 0.03746
2.338 0.03851
2.339 0.03963
2.34 0.04084
2.34 0.04214
2.341 0.04354
2.341 0.04504
2.341 0.04667
2.342 0.04843
2.342 0.05032
2.343 0.05236
2.344 0.05458
2.344 0.05697
2.345 0.05956
2.345 0.06237
2.345 0.06542
2.346 0.06873
2.346 0.07233
2.347 0.07625
2.348 0.08053
2.348 0.08519
2.349 0.09027
2.349 0.09583
2.349 0.1019
2.35 0.1086
2.35 0.1158
2.351 0.1238
2.352 0.1325
2.352 0.142
2.353 0.1523
2.353 0.1636
2.353 0.1757
2.354 0.1888
2.354 0.2028
2.355 0.2176
2.356 0.2331
2.356 0.249
2.357 0.265
2.357 0.2806
2.357 0.2955
2.358 0.3089
2.358 0.3202
2.359 0.3288
2.36 0.3341
2.36 0.3359
2.361 0.334
2.361 0.3285
2.361 0.3198
2.362 0.3084
2.362 0.2949
2.363 0.2799
2.364 0.2641
2.364 0.248
2.365 0.232
2.365 0.2164
2.365 0.2015
2.366 0.1874
2.366 0.1741
2.367 0.1619
2.368 0.1505
2.368 0.14
2.369 0.1304
2.369 0.1216
2.369 0.1135
2.37 0.1061
2.37 0.09929
2.371 0.09308
2.372 0.08738
2.372 0.08216
2.373 0.07736
2.373 0.07295
2.373 0.06889
2.374 0.06514
2.374 0.06169
2.375 0.05849
2.376 0.05554
2.376 0.05279
2.377 0.05025
2.377 0.04788
2.377 0.04568
2.378 0.04363
2.378 0.04172
2.379 0.03993
2.38 0.03825
2.38 0.03668
2.381 0.03521
2.381 0.03383
2.381 0.03253
2.382 0.0313
2.382 0.03015
2.383 0.02906
2.384 0.02804
2.384 0.02706
2.385 0.02615
2.385 0.02528
2.385 0.02445
2.386 0.02367
2.386 0.02292
2.387 0.02222
2.388 0.02154
2.388 0.0209
2.389 0.02029
2.389 0.01971
2.389 0.01916
2.39 0.01863
2.39 0.01812
2.391 0.01763
2.392 0.01717
2.392 0.01673
2.393 0.0163
2.393 0.01589
2.393 0.0155
2.394 0.01512
2.394 0.01476
2.395 0.01442
2.396 0.01408
2.396 0.01376
2.397 0.01345
2.397 0.01315
2.397 0.01287
2.398 0.01259
2.398 0.01232
2.399 0.01206
2.4 0.01182
2.4 0.01158
2.401 0.01134
2.401 0.01112
2.401 0.0109
2.402 0.01069
2.402 0.01049
2.403 0.01029
2.404 0.0101
2.404 0.009915
2.405 0.009736
2.405 0.009562
2.405 0.009393
2.406 0.009229
2.406 0.00907
2.407 0.008916
2.408 0.008766
2.408 0.00862
2.409 0.008479
2.409 0.008341
2.409 0.008207
2.41 0.008077
2.41 0.00795
2.411 0.007826
2.412 0.007706
2.412 0.007589
2.413 0.007475
2.413 0.007364
2.413 0.007255
2.414 0.00715
2.414 0.007047
2.415 0.006946
2.416 0.006848
2.416 0.006752
2.417 0.006659
2.417 0.006567
2.417 0.006478
2.418 0.006391
2.418 0.006306
2.419 0.006223
2.42 0.006141
2.42 0.006062
2.421 0.005984
2.421 0.005908
2.421 0.005834
2.422 0.005761
2.422 0.00569
2.423 0.00562
2.424 0.005552
2.424 0.005485
2.425 0.005419
2.425 0.005355
2.425 0.005292
2.426 0.005231
2.426 0.00517
2.427 0.005111
2.428 0.005053
2.428 0.004996
2.429 0.004941
2.429 0.004886
2.429 0.004832
2.43 0.00478
2.43 0.004728
2.431 0.004677
2.432 0.004628
2.432 0.004579
2.433 0.004531
2.433 0.004484
2.433 0.004437
2.434 0.004392
2.434 0.004347
2.435 0.004303
2.436 0.00426
2.436 0.004218
2.437 0.004176
2.437 0.004135
2.438 0.004095
2.438 0.004056
2.438 0.004017
2.439 0.003979
2.439 0.003941
2.44 0.003904
2.441 0.003867
2.441 0.003832
2.442 0.003796
2.442 0.003762
2.442 0.003728
2.443 0.003694
2.443 0.003661
2.444 0.003628
2.445 0.003596
2.445 0.003565
2.446 0.003534
2.446 0.003503
2.446 0.003473
2.447 0.003443
2.447 0.003414
2.448 0.003385
2.449 0.003356
2.449 0.003328
2.45 0.003301
2.45 0.003274
2.45 0.003247
2.451 0.00322
2.451 0.003194
2.452 0.003168
2.453 0.003143
2.453 0.003118
2.454 0.003093
2.454 0.003069
2.454 0.003045
2.455 0.003021
2.455 0.002998
2.456 0.002975
2.457 0.002952
2.457 0.00293
2.458 0.002908
2.458 0.002886
2.458 0.002864
2.459 0.002843
2.459 0.002822
2.46 0.002801
2.461 0.002781
2.461 0.002761
2.462 0.002741
2.462 0.002721
2.462 0.002701
2.463 0.002682
2.463 0.002663
2.464 0.002644
2.465 0.002626
2.465 0.002608
2.466 0.00259
2.466 0.002572
2.466 0.002554
2.467 0.002537
2.467 0.002519
2.468 0.002502
2.469 0.002486
2.469 0.002469
2.47 0.002452
2.47 0.002436
2.47 0.00242
2.471 0.002404
2.471 0.002389
2.472 0.002373
2.473 0.002358
2.473 0.002343
2.474 0.002328
2.474 0.002313
2.474 0.002298
2.475 0.002284
2.475 0.002269
2.476 0.002255
2.477 0.002241
2.477 0.002227
2.478 0.002213
2.478 0.0022
2.478 0.002186
2.479 0.002173
2.479 0.00216
2.48 0.002147
2.481 0.002134
2.481 0.002121
2.482 0.002109
2.482 0.002096
2.482 0.002084
2.483 0.002071
2.483 0.002059
2.484 0.002047
2.485 0.002035
2.485 0.002024
2.486 0.002012
2.486 0.002001
2.486 0.001989
2.487 0.001978
2.487 0.001967
2.488 0.001956
2.489 0.001945
2.489 0.001934
2.49 0.001923
2.49 0.001912
2.49 0.001902
2.491 0.001892
2.491 0.001881
2.492 0.001871
2.493 0.001861
2.493 0.001851
2.494 0.001841
2.494 0.001831
2.494 0.001821
2.495 0.001812
2.495 0.001802
2.496 0.001792
2.497 0.001783
2.497 0.001774
2.498 0.001764
2.498 0.001755
2.498 0.001746
2.499 0.001737
2.499 0.001728
2.5 0.00172
2.501 0.001711
2.501 0.001702
2.502 0.001693
2.502 0.001685
2.502 0.001677
2.503 0.001668
2.503 0.00166
2.504 0.001652
2.505 0.001643
2.505 0.001635
2.506 0.001627
2.506 0.001619
2.506 0.001612
2.507 0.001604
2.507 0.001596
2.508 0.001588
2.509 0.001581
2.509 0.001573
2.51 0.001566
2.51 0.001558
2.51 0.001551
2.511 0.001544
2.511 0.001536
2.512 0.001529
2.513 0.001522
2.513 0.001515
2.514 0.001508
2.514 0.001501
2.514 0.001494
2.515 0.001487
2.515 0.00148
2.516 0.001474
2.517 0.001467
2.517 0.00146
2.518 0.001454
2.518 0.001447
2.518 0.001441
2.519 0.001434
2.519 0.001428
2.52 0.001422
2.521 0.001415
2.521 0.001409
2.522 0.001403
2.522 0.001397
2.522 0.001391
2.523 0.001385
2.523 0.001379
2.524 0.001373
2.525 0.001367
2.525 0.001361
2.526 0.001355
2.526 0.00135
2.526 0.001344
2.527 0.001338
2.527 0.001333
2.528 0.001327
2.529 0.001321
2.529 0.001316
2.53 0.00131
2.53 0.001305
2.53 0.0013
2.531 0.001294
2.531 0.001289
2.532 0.001284
2.533 0.001278
2.533 0.001273
2.534 0.001268
2.534 0.001263
2.534 0.001258
2.535 0.001253
2.535 0.001248
2.536 0.001243
2.537 0.001238
2.537 0.001233
2.538 0.001228
2.538 0.001223
2.538 0.001218
2.539 0.001214
2.539 0.001209
2.54 0.001204
2.541 0.001199
2.541 0.001195
2.542 0.00119
2.542 0.001186
2.542 0.001181
2.543 0.001177
2.543 0.001172
2.544 0.001168
2.545 0.001163
2.545 0.001159
2.546 0.001154
2.546 0.00115
2.546 0.001146
2.547 0.001141
2.547 0.001137
2.548 0.001133
2.549 0.001129
2.549 0.001125
2.55 0.00112
2.55 0.001116
2.55 0.001112
2.551 0.001108
2.551 0.001104
2.552 0.0011
2.553 0.001096
2.553 0.001092
2.554 0.001088
2.554 0.001084
2.554 0.00108
2.555 0.001077
2.555 0.001073
2.556 0.001069
2.557 0.001065
2.557 0.001061
2.558 0.001058
2.558 0.001054
2.558 0.00105
2.559 0.001047
2.559 0.001043
2.56 0.001039
2.561 0.001036
2.561 0.001032
2.562 0.001028
2.562 0.001025
2.562 0.001021
2.563 0.001018
2.563 0.001014
2.564 0.001011
2.564 0.001008
2.565 0.001004
2.566 0.001001
2.566 0.0009974
2.567 0.0009941
2.567 0.0009907
2.567 0.0009874
2.568 0.0009841
2.568 0.0009809
2.569 0.0009776
2.57 0.0009744
2.57 0.0009712
2.571 0.000968
2.571 0.0009648
2.571 0.0009617
2.572 0.0009585
2.572 0.0009554
2.573 0.0009523
2.574 0.0009492
2.574 0.0009461
2.575 0.0009431
2.575 0.0009401
2.575 0.0009371
2.576 0.0009341
2.576 0.0009311
2.577 0.0009281
2.578 0.0009252
2.578 0.0009222
2.579 0.0009193
2.579 0.0009164
2.579 0.0009136
2.58 0.0009107
2.58 0.0009079
2.581 0.000905
2.582 0.0009022
2.582 0.0008994
2.583 0.0008966
2.583 0.0008939
2.583 0.0008911
2.584 0.0008884
2.584 0.0008856
2.585 0.0008829
2.586 0.0008802
2.586 0.0008776
2.587 0.0008749
2.587 0.0008723
2.587 0.0008696
2.588 0.000867
2.588 0.0008644
2.589 0.0008618
2.59 0.0008592
2.59 0.0008567
2.591 0.0008541
2.591 0.0008516
2.591 0.0008491
2.592 0.0008466
2.592 0.0008441
2.593 0.0008416
2.594 0.0008391
2.594 0.0008367
2.595 0.0008342
2.595 0.0008318
2.595 0.0008294
2.596 0.000827
2.596 0.0008246
2.597 0.0008222
2.598 0.0008198
2.598 0.0008175
2.599 0.0008151
2.599 0.0008128
2.599 0.0008105
2.6 0.0008082
2.6 0.0008059
2.601 0.0008036
2.602 0.0008013
2.602 0.0007991
2.603 0.0007968
2.603 0.0007946
2.603 0.0007923
2.604 0.0007901
2.604 0.0007879
2.605 0.0007857
2.606 0.0007836
2.606 0.0007814
2.607 0.0007792
2.607 0.0007771
2.607 0.0007749
2.608 0.0007728
2.608 0.0007707
2.609 0.0007686
2.61 0.0007665
2.61 0.0007644
2.611 0.0007623
2.611 0.0007603
2.611 0.0007582
2.612 0.0007562
2.612 0.0007542
2.613 0.0007521
2.614 0.0007501
2.614 0.0007481
2.615 0.0007461
2.615 0.0007441
2.615 0.0007422
2.616 0.0007402
2.616 0.0007382
2.617 0.0007363
2.618 0.0007344
2.618 0.0007324
2.619 0.0007305
2.619 0.0007286
2.619 0.0007267
2.62 0.0007248
2.62 0.0007229
2.621 0.0007211
2.622 0.0007192
2.622 0.0007173
2.623 0.0007155
2.623 0.0007137
2.623 0.0007118
2.624 0.00071
2.624 0.0007082
2.625 0.0007064
2.626 0.0007046
2.626 0.0007028
2.627 0.000701
2.627 0.0006993
2.627 0.0006975
2.628 0.0006957
2.628 0.000694
2.629 0.0006923
2.63 0.0006905
2.63 0.0006888
2.631 0.0006871
2.631 0.0006854
2.631 0.0006837
2.632 0.000682
2.632 0.0006803
2.633 0.0006786
2.634 0.000677
2.634 0.0006753
2.635 0.0006737
2.635 0.000672
2.635 0.0006704
2.636 0.0006688
2.636 0.0006671
2.637 0.0006655
2.638 0.0006639
2.638 0.0006623
2.639 0.0006607
2.639 0.0006591
2.639 0.0006575
2.64 0.000656
2.64 0.0006544
2.641 0.0006528
2.642 0.0006513
2.642 0.0006497
2.643 0.0006482
2.643 0.0006467
2.643 0.0006452
2.644 0.0006436
2.644 0.0006421
2.645 0.0006406
2.646 0.0006391
2.646 0.0006376
2.647 0.0006361
2.647 0.0006347
2.647 0.0006332
2.648 0.0006317
2.648 0.0006303
2.649 0.0006288
2.65 0.0006274
2.65 0.0006259
2.651 0.0006245
2.651 0.0006231
2.651 0.0006216
2.652 0.0006202
2.652 0.0006188
2.653 0.0006174
2.654 0.000616
2.654 0.0006146
2.655 0.0006132
2.655 0.0006118
2.655 0.0006105
2.656 0.0006091
2.656 0.0006077
2.657 0.0006064
2.658 0.000605
2.658 0.0006037
2.659 0.0006023
2.659 0.000601
2.659 0.0005997
2.66 0.0005983
2.66 0.000597
2.661 0.0005957
2.662 0.0005944
2.662 0.0005931
2.663 0.0005918
2.663 0.0005905
2.663 0.0005892
2.664 0.0005879
2.664 0.0005867
2.665 0.0005854
2.666 0.0005841
2.666 0.0005829
2.667 0.0005816
2.667 0.0005804
2.667 0.0005791
2.668 0.0005779
2.668 0.0005766
2.669 0.0005754
2.67 0.0005742
2.67 0.000573
2.671 0.0005717
2.671 0.0005705
2.671 0.0005693
2.672 0.0005681
2.672 0.0005669
2.673 0.0005657
2.674 0.0005645
2.674 0.0005634
2.675 0.0005622
2.675 0.000561
2.675 0.0005598
2.676 0.0005587
2.676 0.0005575
2.677 0.0005564
2.678 0.0005552
2.678 0.0005541
2.679 0.0005529
2.679 0.0005518
2.679 0.0005507
2.68 0.0005495
2.68 0.0005484
2.681 0.0005473
2.682 0.0005462
2.682 0.0005451
2.683 0.000544
2.683 0.0005429
2.683 0.0005418
2.684 0.0005407
2.684 0.0005396
2.685 0.0005385
2.686 0.0005374
2.686 0.0005363
2.687 0.0005353
2.687 0.0005342
2.688 0.0005331
2.688 0.0005321
2.688 0.000531
2.689 0.00053
2.689 0.0005289
2.69 0.0005279
2.691 0.0005268
2.691 0.0005258
2.692 0.0005248
2.692 0.0005237
2.692 0.0005227
2.693 0.0005217
2.693 0.0005207
2.694 0.0005197
2.695 0.0005186
2.695 0.0005176
2.696 0.0005166
2.696 0.0005156
2.696 0.0005146
2.697 0.0005137
2.697 0.0005127
2.698 0.0005117
2.699 0.0005107
2.699 0.0005097
2.7 0.0005088
2.7 0.0005078
2.7 0.0005068
2.701 0.0005059
2.701 0.0005049
2.702 0.0005039
2.703 0.000503
2.703 0.000502
2.704 0.0005011
2.704 0.0005002
2.704 0.0004992
2.705 0.0004983
2.705 0.0004974
2.706 0.0004964
2.707 0.0004955
2.707 0.0004946
2.708 0.0004937
2.708 0.0004928
2.708 0.0004918
2.709 0.0004909
2.709 0.00049
2.71 0.0004891
2.711 0.0004882
2.711 0.0004873
2.712 0.0004864
2.712 0.0004856
2.712 0.0004847
2.713 0.0004838
2.713 0.0004829
2.714 0.000482
2.715 0.0004812
2.715 0.0004803
2.716 0.0004794
2.716 0.0004786
2.716 0.0004777
2.717 0.0004768
2.717 0.000476
2.718 0.0004751
2.719 0.0004743
2.719 0.0004734
2.72 0.0004726
2.72 0.0004718
2.72 0.0004709
2.721 0.0004701
2.721 0.0004693
2.722 0.0004684
2.723 0.0004676
2.723 0.0004668
2.724 0.000466
2.724 0.0004652
2.724 0.0004643
2.725 0.0004635
2.725 0.0004627
2.726 0.0004619
2.727 0.0004611
2.727 0.0004603
2.728 0.0004595
2.728 0.0004587
2.728 0.0004579
2.729 0.0004571
2.729 0.0004564
2.73 0.0004556
2.731 0.0004548
2.731 0.000454
2.732 0.0004532
2.732 0.0004525
2.732 0.0004517
2.733 0.0004509
2.733 0.0004502
2.734 0.0004494
2.735 0.0004486
2.735 0.0004479
2.736 0.0004471
2.736 0.0004464
2.736 0.0004456
2.737 0.0004449
2.737 0.0004441
2.738 0.0004434
2.739 0.0004426
2.739 0.0004419
2.74 0.0004412
2.74 0.0004404
2.74 0.0004397
2.741 0.000439
2.741 0.0004383
2.742 0.0004375
2.743 0.0004368
2.743 0.0004361
2.744 0.0004354
2.744 0.0004347
2.744 0.000434
2.745 0.0004332
2.745 0.0004325
2.746 0.0004318
2.747 0.0004311
2.747 0.0004304
2.748 0.0004297
2.748 0.000429
2.748 0.0004284
2.749 0.0004277
2.749 0.000427
2.75 0.0004263
2.751 0.0004256
2.751 0.0004249
2.752 0.0004242
2.752 0.0004236
2.752 0.0004229
2.753 0.0004222
2.753 0.0004215
2.754 0.0004209
2.755 0.0004202
2.755 0.0004195
2.756 0.0004189
2.756 0.0004182
2.756 0.0004176
2.757 0.0004169
2.757 0.0004163
2.758 0.0004156
2.759 0.000415
2.759 0.0004143
2.76 0.0004137
2.76 0.000413
2.76 0.0004124
2.761 0.0004117
2.761 0.0004111
2.762 0.0004105
2.763 0.0004098
2.763 0.0004092
2.764 0.0004086
2.764 0.000408
2.764 0.0004073
2.765 0.0004067
2.765 0.0004061
2.766 0.0004055
2.767 0.0004048
2.767 0.0004042
2.768 0.0004036
2.768 0.000403
2.768 0.0004024
2.769 0.0004018
2.769 0.0004012
2.77 0.0004006
2.771 0.0004
2.771 0.0003994
2.772 0.0003988
2.772 0.0003982
2.772 0.0003976
2.773 0.000397
2.773 0.0003964
2.774 0.0003958
2.775 0.0003952
2.775 0.0003946
2.776 0.0003941
2.776 0.0003935
2.776 0.0003929
2.777 0.0003923
2.777 0.0003917
2.778 0.0003912
2.779 0.0003906
2.779 0.00039
2.78 0.0003895
2.78 0.0003889
2.78 0.0003883
2.781 0.0003878
2.781 0.0003872
2.782 0.0003866
2.783 0.0003861
2.783 0.0003855
2.784 0.000385
2.784 0.0003844
2.784 0.0003839
2.785 0.0003833
2.785 0.0003828
2.786 0.0003822
2.787 0.0003817
2.787 0.0003811
2.788 0.0003806
2.788 0.00038
2.788 0.0003795
2.789 0.000379
2.789 0.0003784
2.79 0.0003779
2.791 0.0003774
2.791 0.0003768
2.792 0.0003763
2.792 0.0003758
2.792 0.0003752
2.793 0.0003747
2.793 0.0003742
2.794 0.0003737
2.795 0.0003731
2.795 0.0003726
2.796 0.0003721
2.796 0.0003716
2.796 0.0003711
2.797 0.0003706
2.797 0.0003701
2.798 0.0003695
2.799 0.000369
2.799 0.0003685
2.8 0.000368
2.8 0.0003675
2.8 0.000367
2.801 0.0003665
2.801 0.000366
2.802 0.0003655
2.803 0.000365
2.803 0.0003645
2.804 0.000364
2.804 0.0003635
2.804 0.0003631
2.805 0.0003626
2.805 0.0003621
2.806 0.0003616
2.807 0.0003611
2.807 0.0003606
2.808 0.0003601
2.808 0.0003597
2.808 0.0003592
2.809 0.0003587
2.809 0.0003582
2.81 0.0003578
2.811 0.0003573
2.811 0.0003568
2.812 0.0003563
2.812 0.0003559
2.812 0.0003554
2.813 0.0003549
2.813 0.0003545
2.814 0.000354
2.814 0.0003535
2.815 0.0003531
2.816 0.0003526
2.816 0.0003522
2.817 0.0003517
2.817 0.0003512
2.817 0.0003508
2.818 0.0003503
2.818 0.0003499
2.819 0.0003494
2.82 0.000349
2.82 0.0003485
2.821 0.0003481
2.821 0.0003476
2.821 0.0003472
2.822 0.0003467
2.822 0.0003463
2.823 0.0003459
2.824 0.0003454
2.824 0.000345
2.825 0.0003446
2.825 0.0003441
2.825 0.0003437
2.826 0.0003432
2.826 0.0003428
2.827 0.0003424
2.828 0.000342
2.828 0.0003415
2.829 0.0003411
2.829 0.0003407
2.829 0.0003402
2.83 0.0003398
2.83 0.0003394
2.831 0.000339
2.832 0.0003386
2.832 0.0003381
2.833 0.0003377
2.833 0.0003373
2.833 0.0003369
2.834 0.0003365
2.834 0.0003361
2.835 0.0003356
2.836 0.0003352
2.836 0.0003348
2.837 0.0003344
2.837 0.000334
2.837 0.0003336
2.838 0.0003332
2.838 0.0003328
2.839 0.0003324
2.84 0.000332
2.84 0.0003316
2.841 0.0003312
2.841 0.0003308
2.841 0.0003304
2.842 0.00033
2.842 0.0003296
2.843 0.0003292
2.844 0.0003288
2.844 0.0003284
2.845 0.000328
2.845 0.0003276
2.845 0.0003272
2.846 0.0003269
2.846 0.0003265
2.847 0.0003261
2.848 0.0003257
2.848 0.0003253
2.849 0.0003249
2.849 0.0003246
2.849 0.0003242
2.85 0.0003238
2.85 0.0003234
2.851 0.000323
2.852 0.0003227
2.852 0.0003223
2.853 0.0003219
2.853 0.0003215
2.853 0.0003212
2.854 0.0003208
2.854 0.0003204
2.855 0.0003201
2.856 0.0003197
2.856 0.0003193
2.857 0.000319
2.857 0.0003186
2.857 0.0003182
2.858 0.0003179
2.858 0.0003175
2.859 0.0003171
2.86 0.0003168
2.86 0.0003164
2.861 0.0003161
2.861 0.0003157
2.861 0.0003153
2.862 0.000315
2.862 0.0003146
2.863 0.0003143
2.864 0.0003139
2.864 0.0003136
2.865 0.0003132
2.865 0.0003129
2.865 0.0003125
2.866 0.0003122
2.866 0.0003118
2.867 0.0003115
2.868 0.0003111
2.868 0.0003108
2.869 0.0003104
2.869 0.0003101
2.869 0.0003098
2.87 0.0003094
2.87 0.0003091
2.871 0.0003087
2.872 0.0003084
2.872 0.0003081
2.873 0.0003077
2.873 0.0003074
2.873 0.0003071
2.874 0.0003067
2.874 0.0003064
2.875 0.0003061
2.876 0.0003057
2.876 0.0003054
2.877 0.0003051
2.877 0.0003047
2.877 0.0003044
2.878 0.0003041
2.878 0.0003038
2.879 0.0003034
2.88 0.0003031
2.88 0.0003028
2.881 0.0003025
2.881 0.0003021
2.881 0.0003018
2.882 0.0003015
2.882 0.0003012
2.883 0.0003009
2.884 0.0003006
2.884 0.0003002
2.885 0.0002999
2.885 0.0002996
2.885 0.0002993
2.886 0.000299
2.886 0.0002987
2.887 0.0002984
2.888 0.000298
2.888 0.0002977
2.889 0.0002974
2.889 0.0002971
2.889 0.0002968
2.89 0.0002965
2.89 0.0002962
2.891 0.0002959
2.892 0.0002956
2.892 0.0002953
2.893 0.000295
2.893 0.0002947
2.893 0.0002944
2.894 0.0002941
2.894 0.0002938
2.895 0.0002935
2.896 0.0002932
2.896 0.0002929
2.897 0.0002926
2.897 0.0002923
2.897 0.000292
2.898 0.0002917
2.898 0.0002914
2.899 0.0002911
2.9 0.0002908
2.9 0.0002905
2.901 0.0002902
2.901 0.00029
2.901 0.0002897
2.902 0.0002894
2.902 0.0002891
2.903 0.0002888
2.904 0.0002885
2.904 0.0002882
2.905 0.000288
2.905 0.0002877
2.905 0.0002874
2.906 0.0002871
2.906 0.0002868
2.907 0.0002865
2.908 0.0002863
2.908 0.000286
2.909 0.0002857
2.909 0.0002854
2.909 0.0002851
2.91 0.0002849
2.91 0.0002846
2.911 0.0002843
2.912 0.000284
2.912 0.0002838
2.913 0.0002835
2.913 0.0002832
2.913 0.000283
2.914 0.0002827
2.914 0.0002824
2.915 0.0002821
2.916 0.0002819
2.916 0.0002816
2.917 0.0002813
2.917 0.0002811
2.917 0.0002808
2.918 0.0002805
2.918 0.0002803
2.919 0.00028
2.92 0.0002798
2.92 0.0002795
2.921 0.0002792
2.921 0.000279
2.921 0.0002787
2.922 0.0002784
2.922 0.0002782
2.923 0.0002779
2.924 0.0002777
2.924 0.0002774
2.925 0.0002772
2.925 0.0002769
2.925 0.0002766
2.926 0.0002764
2.926 0.0002761
2.927 0.0002759
2.928 0.0002756
2.928 0.0002754
2.929 0.0002751
2.929 0.0002749
2.929 0.0002746
2.93 0.0002744
2.93 0.0002741
2.931 0.0002739
2.932 0.0002736
2.932 0.0002734
2.933 0.0002731
2.933 0.0002729
2.933 0.0002727
2.934 0.0002724
2.934 0.0002722
2.935 0.0002719
2.936 0.0002717
2.936 0.0002714
2.937 0.0002712
2.937 0.000271
2.938 0.0002707
2.938 0.0002705
2.938 0.0002702
2.939 0.00027
2.939 0.0002698
2.94 0.0002695
2.941 0.0002693
2.941 0.0002691
2.942 0.0002688
2.942 0.0002686
2.942 0.0002684
2.943 0.0002681
2.943 0.0002679
2.944 0.0002677
2.945 0.0002674
2.945 0.0002672
2.946 0.000267
2.946 0.0002667
2.946 0.0002665
2.947 0.0002663
2.947 0.000266
2.948 0.0002658
2.949 0.0002656
2.949 0.0002654
2.95 0.0002651
2.95 0.0002649
2.95 0.0002647
2.951 0.0002645
2.951 0.0002642
2.952 0.000264
2.953 0.0002638
2.953 0.0002636
2.954 0.0002634
2.954 0.0002631
2.954 0.0002629
2.955 0.0002627
2.955 0.0002625
2.956 0.0002623
2.957 0.000262
2.957 0.0002618
2.958 0.0002616
2.958 0.0002614
2.958 0.0002612
2.959 0.000261
2.959 0.0002607
2.96 0.0002605
2.961 0.0002603
2.961 0.0002601
2.962 0.0002599
2.962 0.0002597
2.962 0.0002595
2.963 0.0002593
2.963 0.000259
2.964 0.0002588
2.965 0.0002586
2.965 0.0002584
2.966 0.0002582
2.966 0.000258
2.966 0.0002578
2.967 0.0002576
2.967 0.0002574
2.968 0.0002572
2.969 0.000257
2.969 0.0002568
2.97 0.0002566
2.97 0.0002564
2.97 0.0002562
2.971 0.000256
2.971 0.0002558
2.972 0.0002556
2.973 0.0002554
2.973 0.0002552
2.974 0.000255
2.974 0.0002548
2.974 0.0002546
2.975 0.0002544
2.975 0.0002542
2.976 0.000254
2.977 0.0002538
2.977 0.0002536
2.978 0.0002534
2.978 0.0002532
2.978 0.000253
2.979 0.0002528
2.979 0.0002526
2.98 0.0002524
2.981 0.0002522
2.981 0.000252
2.982 0.0002518
2.982 0.0002516
2.982 0.0002515
2.983 0.0002513
2.983 0.0002511
2.984 0.0002509
2.985 0.0002507
2.985 0.0002505
2.986 0.0002503
2.986 0.0002501
2.986 0.0002499
2.987 0.0002498
2.987 0.0002496
2.988 0.0002494
2.989 0.0002492
2.989 0.000249
2.99 0.0002488
2.99 0.0002487
2.99 0.0002485
2.991 0.0002483
2.991 0.0002481
2.992 0.0002479
2.993 0.0002477
2.993 0.0002476
2.994 0.0002474
2.994 0.0002472
2.994 0.000247
2.995 0.0002468
2.995 0.0002467
2.996 0.0002465
2.997 0.0002463
2.997 0.0002461
2.998 0.000246
2.998 0.0002458
2.998 0.0002456
2.999 0.0002454
2.999 0.0002453
3 0.0002451
3.001 0.0002449
3.001 0.0002447
3.002 0.0002446
3.002 0.0002444
3.002 0.0002442
3.003 0.0002441
3.003 0.0002439
3.004 0.0002437
3.005 0.0002435
3.005 0.0002434
3.006 0.0002432
3.006 0.000243
3.006 0.0002429
3.007 0.0002427
3.007 0.0002425
3.008 0.0002424
3.009 0.0002422
3.009 0.000242
3.01 0.0002419
3.01 0.0002417
3.01 0.0002415
3.011 0.0002414
3.011 0.0002412
3.012 0.000241
3.013 0.0002409
3.013 0.0002407
3.014 0.0002406
3.014 0.0002404
3.014 0.0002402
3.015 0.0002401
3.015 0.0002399
3.016 0.0002398
3.017 0.0002396
3.017 0.0002394
3.018 0.0002393
3.018 0.0002391
3.018 0.000239
3.019 0.0002388
3.019 0.0002387
3.02 0.0002385
3.021 0.0002383
3.021 0.0002382
3.022 0.000238
3.022 0.0002379
3.022 0.0002377
3.023 0.0002376
3.023 0.0002374
3.024 0.0002373
3.025 0.0002371
3.025 0.000237
3.026 0.0002368
3.026 0.0002367
3.026 0.0002365
3.027 0.0002364
3.027 0.0002362
3.028 0.0002361
3.029 0.0002359
3.029 0.0002358
3.03 0.0002356
3.03 0.0002355
3.03 0.0002353
3.031 0.0002352
3.031 0.000235
3.032 0.0002349
3.033 0.0002347
3.033 0.0002346
3.034 0.0002344
3.034 0.0002343
3.034 0.0002341
3.035 0.000234
3.035 0.0002339
3.036 0.0002337
3.037 0.0002336
3.037 0.0002334
3.038 0.0002333
3.038 0.0002331
3.038 0.000233
3.039 0.0002329
3.039 0.0002327
3.04 0.0002326
3.041 0.0002324
3.041 0.0002323
3.042 0.0002322
3.042 0.000232
3.042 0.0002319
3.043 0.0002317
3.043 0.0002316
3.044 0.0002315
3.045 0.0002313
3.045 0.0002312
3.046 0.0002311
3.046 0.0002309
3.046 0.0002308
3.047 0.0002307
3.047 0.0002305
3.048 0.0002304
3.049 0.0002303
3.049 0.0002301
3.05 0.00023
3.05 0.0002299
3.05 0.0002297
3.051 0.0002296
3.051 0.0002295
3.052 0.0002293
3.053 0.0002292
3.053 0.0002291
3.054 0.0002289
3.054 0.0002288
3.054 0.0002287
3.055 0.0002285
3.055 0.0002284
3.056 0.0002283
3.057 0.0002282
3.057 0.000228
3.058 0.0002279
3.058 0.0002278
3.058 0.0002277
3.059 0.0002275
3.059 0.0002274
3.06 0.0002273
3.061 0.0002272
3.061 0.000227
3.062 0.0002269
3.062 0.0002268
3.062 0.0002267
3.063 0.0002265
3.063 0.0002264
3.064 0.0002263
3.064 0.0002262
3.065 0.000226
3.066 0.0002259
3.066 0.0002258
3.067 0.0002257
3.067 0.0002256
3.067 0.0002254
3.068 0.0002253
3.068 0.0002252
3.069 0.0002251
3.07 0.000225
3.07 0.0002249
3.071 0.0002247
3.071 0.0002246
3.071 0.0002245
3.072 0.0002244
3.072 0.0002243
3.073 0.0002242
3.074 0.000224
3.074 0.0002239
3.075 0.0002238
3.075 0.0002237
3.075 0.0002236
3.076 0.0002235
3.076 0.0002234
3.077 0.0002232
3.078 0.0002231
3.078 0.000223
3.079 0.0002229
3.079 0.0002228
3.079 0.0002227
3.08 0.0002226
3.08 0.0002225
3.081 0.0002223
3.082 0.0002222
3.082 0.0002221
3.083 0.000222
3.083 0.0002219
3.083 0.0002218
3.084 0.0002217
3.084 0.0002216
3.085 0.0002215
3.086 0.0002214
3.086 0.0002213
3.087 0.0002212
3.087 0.0002211
3.087 0.0002209
3.088 0.0002208
3.088 0.0002207
3.089 0.0002206
3.09 0.0002205
3.09 0.0002204
3.091 0.0002203
3.091 0.0002202
3.091 0.0002201
3.092 0.00022
3.092 0.0002199
3.093 0.0002198
3.094 0.0002197
3.094 0.0002196
3.095 0.0002195
3.095 0.0002194
3.095 0.0002193
3.096 0.0002192
3.096 0.0002191
3.097 0.000219
3.098 0.0002189
3.098 0.0002188
3.099 0.0002187
3.099 0.0002186
3.099 0.0002185
3.1 0.0002184
3.1 0.0002183
3.101 0.0002182
3.102 0.0002181
3.102 0.000218
3.103 0.0002179
3.103 0.0002178
3.103 0.0002177
3.104 0.0002176
3.104 0.0002175
3.105 0.0002174
3.106 0.0002174
3.106 0.0002173
3.107 0.0002172
3.107 0.0002171
3.107 0.000217
3.108 0.0002169
3.108 0.0002168
3.109 0.0002167
3.11 0.0002166
3.11 0.0002165
3.111 0.0002164
3.111 0.0002163
3.111 0.0002162
3.112 0.0002162
3.112 0.0002161
3.113 0.000216
3.114 0.0002159
3.114 0.0002158
3.115 0.0002157
3.115 0.0002156
3.115 0.0002155
3.116 0.0002155
3.116 0.0002154
3.117 0.0002153
3.118 0.0002152
3.118 0.0002151
3.119 0.000215
3.119 0.0002149
3.119 0.0002148
3.12 0.0002148
3.12 0.0002147
3.121 0.0002146
3.122 0.0002145
3.122 0.0002144
3.123 0.0002143
3.123 0.0002143
3.123 0.0002142
3.124 0.0002141
3.124 0.000214
3.125 0.0002139
3.126 0.0002139
3.126 0.0002138
3.127 0.0002137
3.127 0.0002136
3.127 0.0002135
3.128 0.0002134
3.128 0.0002134
3.129 0.0002133
3.13 0.0002132
3.13 0.0002131
3.131 0.0002131
3.131 0.000213
3.131 0.0002129
3.132 0.0002128
3.132 0.0002127
3.133 0.0002127
3.134 0.0002126
3.134 0.0002125
3.135 0.0002124
3.135 0.0002124
3.135 0.0002123
3.136 0.0002122
3.136 0.0002121
3.137 0.0002121
3.138 0.000212
3.138 0.0002119
3.139 0.0002118
3.139 0.0002118
3.139 0.0002117
3.14 0.0002116
3.14 0.0002115
3.141 0.0002115
3.142 0.0002114
3.142 0.0002113
3.143 0.0002113
3.143 0.0002112
3.143 0.0002111
3.144 0.000211
3.144 0.000211
3.145 0.0002109
3.146 0.0002108
3.146 0.0002108
3.147 0.0002107
3.147 0.0002106
3.147 0.0002106
3.148 0.0002105
3.148 0.0002104
3.149 0.0002104
3.15 0.0002103
3.15 0.0002102
3.151 0.0002102
3.151 0.0002101
3.151 0.00021
3.152 0.00021
3.152 0.0002099
3.153 0.0002098
3.154 0.0002098
3.154 0.0002097
3.155 0.0002096
3.155 0.0002096
3.155 0.0002095
3.156 0.0002095
3.156 0.0002094
3.157 0.0002093
3.158 0.0002093
3.158 0.0002092
3.159 0.0002091
3.159 0.0002091
3.159 0.000209
3.16 0.000209
3.16 0.0002089
3.161 0.0002088
3.162 0.0002088
3.162 0.0002087
3.163 0.0002087
3.163 0.0002086
3.163 0.0002085
3.164 0.0002085
3.164 0.0002084
3.165 0.0002084
3.166 0.0002083
3.166 0.0002082
3.167 0.0002082
3.167 0.0002081
3.167 0.0002081
3.168 0.000208
3.168 0.000208
3.169 0.0002079
3.17 0.0002079
3.17 0.0002078
3.171 0.0002077
3.171 0.0002077
3.171 0.0002076
3.172 0.0002076
3.172 0.0002075
3.173 0.0002075
3.174 0.0002074
3.174 0.0002074
3.175 0.0002073
3.175 0.0002073
3.175 0.0002072
3.176 0.0002072
3.176 0.0002071
3.177 0.0002071
3.178 0.000207
3.178 0.000207
3.179 0.0002069
3.179 0.0002069
3.179 0.0002068
3.18 0.0002068
3.18 0.0002067
3.181 0.0002067
3.182 0.0002066
3.182 0.0002066
3.183 0.0002065
3.183 0.0002065
3.183 0.0002064
3.184 0.0002064
3.184 0.0002063
3.185 0.0002063
3.186 0.0002062
3.186 0.0002062
3.187 0.0002061
3.187 0.0002061
3.188 0.0002061
3.188 0.000206
3.188 0.000206
3.189 0.0002059
3.189 0.0002059
3.19 0.0002058
3.191 0.0002058
3.191 0.0002057
3.192 0.0002057
3.192 0.0002057
3.192 0.0002056
3.193 0.0002056
3.193 0.0002055
3.194 0.0002055
3.195 0.0002055
3.195 0.0002054
3.196 0.0002054
3.196 0.0002053
3.196 0.0002053
3.197 0.0002053
3.197 0.0002052
3.198 0.0002052
3.199 0.0002051
3.199 0.0002051
3.2 0.0002051
3.2 0.000205
3.2 0.000205
3.201 0.0002049
3.201 0.0002049
3.202 0.0002049
3.203 0.0002048
3.203 0.0002048
3.204 0.0002048
3.204 0.0002047
3.204 0.0002047
3.205 0.0002047
3.205 0.0002046
3.206 0.0002046
3.207 0.0002046
3.207 0.0002045
3.208 0.0002045
3.208 0.0002045
3.208 0.0002044
3.209 0.0002044
3.209 0.0002044
3.21 0.0002043
3.211 0.0002043
3.211 0.0002043
3.212 0.0002042
3.212 0.0002042
3.212 0.0002042
3.213 0.0002041
3.213 0.0002041
3.214 0.0002041
3.215 0.000204
3.215 0.000204
3.216 0.000204
3.216 0.000204
3.216 0.0002039
3.217 0.0002039
3.217 0.0002039
3.218 0.0002038
3.219 0.0002038
3.219 0.0002038
3.22 0.0002038
3.22 0.0002037
3.22 0.0002037
3.221 0.0002037
3.221 0.0002037
3.222 0.0002036
3.223 0.0002036
3.223 0.0002036
3.224 0.0002036
3.224 0.0002035
3.224 0.0002035
3.225 0.0002035
3.225 0.0002035
3.226 0.0002034
3.227 0.0002034
3.227 0.0002034
3.228 0.0002034
3.228 0.0002034
3.228 0.0002033
3.229 0.0002033
3.229 0.0002033
3.23 0.0002033
3.231 0.0002032
3.231 0.0002032
3.232 0.0002032
3.232 0.0002032
3.232 0.0002032
3.233 0.0002031
3.233 0.0002031
3.234 0.0002031
3.235 0.0002031
3.235 0.0002031
3.236 0.0002031
3.236 0.000203
3.236 0.000203
3.237 0.000203
3.237 0.000203
3.238 0.000203
3.239 0.000203
3.239 0.0002029
3.24 0.0002029
3.24 0.0002029
3.24 0.0002029
3.241 0.0002029
3.241 0.0002029
3.242 0.0002028
3.243 0.0002028
3.243 0.0002028
3.244 0.0002028
3.244 0.0002028
3.244 0.0002028
3.245 0.0002028
3.245 0.0002028
3.246 0.0002027
3.247 0.0002027
3.247 0.0002027
3.248 0.0002027
3.248 0.0002027
3.248 0.0002027
3.249 0.0002027
3.249 0.0002027
3.25 0.0002027
3.251 0.0002027
3.251 0.0002026
3.252 0.0002026
3.252 0.0002026
3.252 0.0002026
3.253 0.0002026
3.253 0.0002026
3.254 0.0002026
3.255 0.0002026
3.255 0.0002026
3.256 0.0002026
3.256 0.0002026
3.256 0.0002026
3.257 0.0002026
3.257 0.0002026
3.258 0.0002025
3.259 0.0002025
3.259 0.0002025
3.26 0.0002025
3.26 0.0002025
3.26 0.0002025
3.261 0.0002025
3.261 0.0002025
3.262 0.0002025
3.263 0.0002025
3.263 0.0002025
3.264 0.0002025
3.264 0.0002025
3.264 0.0002025
3.265 0.0002025
3.265 0.0002025
3.266 0.0002025
3.267 0.0002025
3.267 0.0002025
3.268 0.0002025
3.268 0.0002025
3.268 0.0002025
3.269 0.0002025
3.269 0.0002025
3.27 0.0002025
3.271 0.0002025
3.271 0.0002025
3.272 0.0002025
3.272 0.0002025
3.272 0.0002025
3.273 0.0002025
3.273 0.0002025
3.274 0.0002025
3.275 0.0002025
3.275 0.0002026
3.276 0.0002026
3.276 0.0002026
3.276 0.0002026
3.277 0.0002026
3.277 0.0002026
3.278 0.0002026
3.279 0.0002026
3.279 0.0002026
3.28 0.0002026
3.28 0.0002026
3.28 0.0002026
3.281 0.0002026
3.281 0.0002026
3.282 0.0002027
3.283 0.0002027
3.283 0.0002027
3.284 0.0002027
3.284 0.0002027
3.284 0.0002027
3.285 0.0002027
3.285 0.0002027
3.286 0.0002027
3.287 0.0002027
3.287 0.0002028
3.288 0.0002028
3.288 0.0002028
3.288 0.0002028
3.289 0.0002028
3.289 0.0002028
3.29 0.0002028
3.291 0.0002029
3.291 0.0002029
3.292 0.0002029
3.292 0.0002029
3.292 0.0002029
3.293 0.0002029
3.293 0.0002029
3.294 0.000203
3.295 0.000203
3.295 0.000203
3.296 0.000203
3.296 0.000203
3.296 0.000203
3.297 0.0002031
3.297 0.0002031
3.298 0.0002031
3.299 0.0002031
3.299 0.0002031
3.3 0.0002032
3.3 0.0002032
3.3 0.0002032
3.301 0.0002032
3.301 0.0002032
3.302 0.0002033
3.303 0.0002033
3.303 0.0002033
3.304 0.0002033
3.304 0.0002034
3.304 0.0002034
3.305 0.0002034
3.305 0.0002034
3.306 0.0002034
3.307 0.0002035
3.307 0.0002035
3.308 0.0002035
3.308 0.0002035
3.308 0.0002036
3.309 0.0002036
3.309 0.0002036
3.31 0.0002036
3.311 0.0002037
3.311 0.0002037
3.312 0.0002037
3.312 0.0002038
3.312 0.0002038
3.313 0.0002038
3.313 0.0002038
3.314 0.0002039
3.314 0.0002039
3.315 0.0002039
3.316 0.000204
3.316 0.000204
3.317 0.000204
3.317 0.000204
3.317 0.0002041
3.318 0.0002041
3.318 0.0002041
3.319 0.0002042
3.32 0.0002042
3.32 0.0002042
3.321 0.0002043
3.321 0.0002043
3.321 0.0002043
3.322 0.0002044
3.322 0.0002044
3.323 0.0002044
3.324 0.0002045
3.324 0.0002045
3.325 0.0002045
3.325 0.0002046
3.325 0.0002046
3.326 0.0002047
3.326 0.0002047
3.327 0.0002047
3.328 0.0002048
3.328 0.0002048
3.329 0.0002048
3.329 0.0002049
3.329 0.0002049
3.33 0.000205
3.33 0.000205
3.331 0.000205
3.332 0.0002051
3.332 0.0002051
3.333 0.0002052
3.333 0.0002052
3.333 0.0002052
3.334 0.0002053
3.334 0.0002053
3.335 0.0002054
3.336 0.0002054
3.336 0.0002055
3.337 0.0002055
3.337 0.0002055
3.337 0.0002056
3.338 0.0002056
3.338 0.0002057
3.339 0.0002057
3.34 0.0002058
3.34 0.0002058
3.341 0.0002059
3.341 0.0002059
3.341 0.0002059
3.342 0.000206
3.342 0.000206
3.343 0.0002061
3.344 0.0002061
3.344 0.0002062
3.345 0.0002062
3.345 0.0002063
3.345 0.0002063
3.346 0.0002064
3.346 0.0002064
3.347 0.0002065
3.348 0.0002065
3.348 0.0002066
3.349 0.0002066
3.349 0.0002067
3.349 0.0002067
3.35 0.0002068
3.35 0.0002068
3.351 0.0002069
3.352 0.000207
3.352 0.000207
3.353 0.0002071
3.353 0.0002071
3.353 0.0002072
3.354 0.0002072
3.354 0.0002073
3.355 0.0002073
3.356 0.0002074
3.356 0.0002075
3.357 0.0002075
3.357 0.0002076
3.357 0.0002076
3.358 0.0002077
3.358 0.0002077
3.359 0.0002078
3.36 0.0002079
3.36 0.0002079
3.361 0.000208
3.361 0.000208
3.361 0.0002081
3.362 0.0002082
3.362 0.0002082
3.363 0.0002083
3.364 0.0002084
3.364 0.0002084
3.365 0.0002085
3.365 0.0002085
3.365 0.0002086
3.366 0.0002087
3.366 0.0002087
3.367 0.0002088
3.368 0.0002089
3.368 0.0002089
3.369 0.000209
3.369 0.0002091
3.369 0.0002091
3.37 0.0002092
3.37 0.0002093
3.371 0.0002093
3.372 0.0002094
3.372 0.0002095
3.373 0.0002095
3.373 0.0002096
3.373 0.0002097
3.374 0.0002097
3.374 0.0002098
3.375 0.0002099
3.376 0.00021
3.376 0.00021
3.377 0.0002101
3.377 0.0002102
3.377 0.0002102
3.378 0.0002103
3.378 0.0002104
3.379 0.0002105
3.38 0.0002105
3.38 0.0002106
3.381 0.0002107
3.381 0.0002108
3.381 0.0002108
3.382 0.0002109
3.382 0.000211
3.383 0.0002111
3.384 0.0002111
3.384 0.0002112
3.385 0.0002113
3.385 0.0002114
3.385 0.0002115
3.386 0.0002115
3.386 0.0002116
3.387 0.0002117
3.388 0.0002118
3.388 0.0002119
3.389 0.0002119
3.389 0.000212
3.389 0.0002121
3.39 0.0002122
3.39 0.0002123
3.391 0.0002124
3.392 0.0002124
3.392 0.0002125
3.393 0.0002126
3.393 0.0002127
3.393 0.0002128
3.394 0.0002129
3.394 0.000213
3.395 0.000213
3.396 0.0002131
3.396 0.0002132
3.397 0.0002133
3.397 0.0002134
3.397 0.0002135
3.398 0.0002136
3.398 0.0002137
3.399 0.0002137
3.4 0.0002138
3.4 0.0002139
3.401 0.000214
3.401 0.0002141
3.401 0.0002142
3.402 0.0002143
3.402 0.0002144
3.403 0.0002145
3.404 0.0002146
3.404 0.0002147
3.405 0.0002148
3.405 0.0002149
3.405 0.000215
3.406 0.000215
3.406 0.0002151
3.407 0.0002152
3.408 0.0002153
3.408 0.0002154
3.409 0.0002155
3.409 0.0002156
3.409 0.0002157
3.41 0.0002158
3.41 0.0002159
3.411 0.000216
3.412 0.0002161
3.412 0.0002162
3.413 0.0002163
3.413 0.0002164
3.413 0.0002165
3.414 0.0002166
3.414 0.0002167
3.415 0.0002168
3.416 0.0002169
3.416 0.0002171
3.417 0.0002172
3.417 0.0002173
3.417 0.0002174
3.418 0.0002175
3.418 0.0002176
3.419 0.0002177
3.42 0.0002178
3.42 0.0002179
3.421 0.000218
3.421 0.0002181
3.421 0.0002182
3.422 0.0002183
3.422 0.0002185
3.423 0.0002186
3.424 0.0002187
3.424 0.0002188
3.425 0.0002189
3.425 0.000219
3.425 0.0002191
3.426 0.0002192
3.426 0.0002194
3.427 0.0002195
3.428 0.0002196
3.428 0.0002197
3.429 0.0002198
3.429 0.0002199
3.429 0.00022
3.43 0.0002202
3.43 0.0002203
3.431 0.0002204
3.432 0.0002205
3.432 0.0002206
3.433 0.0002208
3.433 0.0002209
3.433 0.000221
3.434 0.0002211
3.434 0.0002212
3.435 0.0002214
3.436 0.0002215
3.436 0.0002216
3.437 0.0002217
3.437 0.0002219
3.438 0.000222
3.438 0.0002221
3.438 0.0002222
3.439 0.0002224
3.439 0.0002225
3.44 0.0002226
3.441 0.0002227
3.441 0.0002229
3.442 0.000223
3.442 0.0002231
3.442 0.0002233
3.443 0.0002234
3.443 0.0002235
3.444 0.0002237
3.445 0.0002238
3.445 0.0002239
3.446 0.000224
3.446 0.0002242
3.446 0.0002243
3.447 0.0002244
3.447 0.0002246
3.448 0.0002247
3.449 0.0002249
3.449 0.000225
3.45 0.0002251
3.45 0.0002253
3.45 0.0002254
3.451 0.0002255
3.451 0.0002257
3.452 0.0002258
3.453 0.000226
3.453 0.0002261
3.454 0.0002262
3.454 0.0002264
3.454 0.0002265
3.455 0.0002267
3.455 0.0002268
3.456 0.000227
3.457 0.0002271
3.457 0.0002272
3.458 0.0002274
3.458 0.0002275
3.458 0.0002277
3.459 0.0002278
3.459 0.000228
3.46 0.0002281
3.461 0.0002283
3.461 0.0002284
3.462 0.0002286
3.462 0.0002287
3.462 0.0002289
3.463 0.000229
3.463 0.0002292
3.464 0.0002293
3.465 0.0002295
3.465 0.0002296
3.466 0.0002298
3.466 0.0002299
3.466 0.0002301
3.467 0.0002303
3.467 0.0002304
3.468 0.0002306
3.469 0.0002307
3.469 0.0002309
3.47 0.000231
3.47 0.0002312
3.47 0.0002314
3.471 0.0002315
3.471 0.0002317
3.472 0.0002318
3.473 0.000232
3.473 0.0002322
3.474 0.0002323
3.474 0.0002325
3.474 0.0002327
3.475 0.0002328
3.475 0.000233
3.476 0.0002332
3.477 0.0002333
3.477 0.0002335
3.478 0.0002337
3.478 0.0002338
3.478 0.000234
3.479 0.0002342
3.479 0.0002343
3.48 0.0002345
3.481 0.0002347
3.481 0.0002349
3.482 0.000235
3.482 0.0002352
3.482 0.0002354
3.483 0.0002356
3.483 0.0002357
3.484 0.0002359
3.485 0.0002361
3.485 0.0002363
3.486 0.0002364
3.486 0.0002366
3.486 0.0002368
3.487 0.000237
3.487 0.0002372
3.488 0.0002373
3.489 0.0002375
3.489 0.0002377
3.49 0.0002379
3.49 0.0002381
3.49 0.0002383
3.491 0.0002384
3.491 0.0002386
3.492 0.0002388
3.493 0.000239
3.493 0.0002392
3.494 0.0002394
3.494 0.0002396
3.494 0.0002398
3.495 0.00024
3.495 0.0002401
3.496 0.0002403
3.497 0.0002405
3.497 0.0002407
3.498 0.0002409
3.498 0.0002411
3.498 0.0002413
3.499 0.0002415
3.499 0.0002417
3.5 0.0002419
3.501 0.0002421
3.501 0.0002423
3.502 0.0002425
3.502 0.0002427
3.502 0.0002429
3.503 0.0002431
3.503 0.0002433
3.504 0.0002435
3.505 0.0002437
3.505 0.0002439
3.506 0.0002441
3.506 0.0002443
3.506 0.0002445
3.507 0.0002447
3.507 0.0002449
3.508 0.0002452
3.509 0.0002454
3.509 0.0002456
3.51 0.0002458
3.51 0.000246
3.51 0.0002462
3.511 0.0002464
3.511 0.0002466
3.512 0.0002469
3.513 0.0002471
3.513 0.0002473
3.514 0.0002475
3.514 0.0002477
3.514 0.0002479
3.515 0.0002482
3.515 0.0002484
3.516 0.0002486
3.517 0.0002488
3.517 0.000249
3.518 0.0002493
3.518 0.0002495
3.518 0.0002497
3.519 0.0002499
3.519 0.0002502
3.52 0.0002504
3.521 0.0002506
3.521 0.0002508
3.522 0.0002511
3.522 0.0002513
3.522 0.0002515
3.523 0.0002518
3.523 0.000252
3.524 0.0002522
3.525 0.0002525
3.525 0.0002527
3.526 0.0002529
3.526 0.0002532
3.526 0.0002534
3.527 0.0002536
3.527 0.0002539
3.528 0.0002541
3.529 0.0002544
3.529 0.0002546
3.53 0.0002549
3.53 0.0002551
3.53 0.0002553
3.531 0.0002556
3.531 0.0002558
3.532 0.0002561
3.533 0.0002563
3.533 0.0002566
3.534 0.0002568
3.534 0.0002571
3.534 0.0002573
3.535 0.0002576
3.535 0.0002578
3.536 0.0002581
3.537 0.0002583
3.537 0.0002586
3.538 0.0002588
3.538 0.0002591
3.538 0.0002594
3.539 0.0002596
3.539 0.0002599
3.54 0.0002601
3.541 0.0002604
3.541 0.0002607
3.542 0.0002609
3.542 0.0002612
3.542 0.0002614
3.543 0.0002617
3.543 0.000262
3.544 0.0002622
3.545 0.0002625
3.545 0.0002628
3.546 0.0002631
3.546 0.0002633
3.546 0.0002636
3.547 0.0002639
3.547 0.0002641
3.548 0.0002644
3.549 0.0002647
3.549 0.000265
3.55 0.0002652
3.55 0.0002655
3.55 0.0002658
3.551 0.0002661
3.551 0.0002664
3.552 0.0002666
3.553 0.0002669
3.553 0.0002672
3.554 0.0002675
3.554 0.0002678
3.554 0.0002681
3.555 0.0002684
3.555 0.0002687
3.556 0.0002689
3.557 0.0002692
3.557 0.0002695
3.558 0.0002698
3.558 0.0002701
3.558 0.0002704
3.559 0.0002707
3.559 0.000271
3.56 0.0002713
3.561 0.0002716
3.561 0.0002719
3.562 0.0002722
3.562 0.0002725
3.562 0.0002728
3.563 0.0002731
3.563 0.0002734
3.564 0.0002737
3.564 0.000274
3.565 0.0002743
3.566 0.0002747
3.566 0.000275
3.567 0.0002753
3.567 0.0002756
3.567 0.0002759
3.568 0.0002762
3.568 0.0002765
3.569 0.0002768
3.57 0.0002772
3.57 0.0002775
3.571 0.0002778
3.571 0.0002781
3.571 0.0002785
3.572 0.0002788
3.572 0.0002791
3.573 0.0002794
3.574 0.0002798
3.574 0.0002801
3.575 0.0002804
3.575 0.0002807
3.575 0.0002811
3.576 0.0002814
3.576 0.0002817
3.577 0.0002821
3.578 0.0002824
3.578 0.0002827
3.579 0.0002831
3.579 0.0002834
3.579 0.0002838
3.58 0.0002841
3.58 0.0002845
3.581 0.0002848
3.582 0.0002851
3.582 0.0002855
3.583 0.0002858
3.583 0.0002862
3.583 0.0002865
3.584 0.0002869
3.584 0.0002872
3.585 0.0002876
3.586 0.000288
3.586 0.0002883
3.587 0.0002887
3.587 0.000289
3.587 0.0002894
3.588 0.0002897
3.588 0.0002901
3.589 0.0002905
3.59 0.0002908
3.59 0.0002912
3.591 0.0002916
3.591 0.0002919
3.591 0.0002923
3.592 0.0002927
3.592 0.0002931
3.593 0.0002934
3.594 0.0002938
3.594 0.0002942
3.595 0.0002946
3.595 0.0002949
3.595 0.0002953
3.596 0.0002957
3.596 0.0002961
3.597 0.0002965
3.598 0.0002969
3.598 0.0002973
3.599 0.0002976
3.599 0.000298
3.599 0.0002984
3.6 0.0002988
3.6 0.0002992
3.601 0.0002996
3.602 0.0003
3.602 0.0003004
3.603 0.0003008
3.603 0.0003012
3.603 0.0003016
3.604 0.000302
3.604 0.0003024
3.605 0.0003028
3.606 0.0003032
3.606 0.0003036
3.607 0.0003041
3.607 0.0003045
3.607 0.0003049
3.608 0.0003053
3.608 0.0003057
3.609 0.0003061
3.61 0.0003066
3.61 0.000307
3.611 0.0003074
3.611 0.0003078
3.611 0.0003083
3.612 0.0003087
3.612 0.0003091
3.613 0.0003095
3.614 0.00031
3.614 0.0003104
3.615 0.0003108
3.615 0.0003113
3.615 0.0003117
3.616 0.0003122
3.616 0.0003126
3.617 0.000313
3.618 0.0003135
3.618 0.0003139
3.619 0.0003144
3.619 0.0003148
3.619 0.0003153
3.62 0.0003157
3.62 0.0003162
3.621 0.0003166
3.622 0.0003171
3.622 0.0003176
3.623 0.000318
3.623 0.0003185
3.623 0.000319
3.624 0.0003194
3.624 0.0003199
3.625 0.0003204
3.626 0.0003208
3.626 0.0003213
3.627 0.0003218
3.627 0.0003223
3.627 0.0003227
3.628 0.0003232
3.628 0.0003237
3.629 0.0003242
3.63 0.0003247
3.63 0.0003251
3.631 0.0003256
3.631 0.0003261
3.631 0.0003266
3.632 0.0003271
3.632 0.0003276
3.633 0.0003281
3.634 0.0003286
3.634 0.0003291
3.635 0.0003296
3.635 0.0003301
3.635 0.0003306
3.636 0.0003311
3.636 0.0003316
3.637 0.0003322
3.638 0.0003327
3.638 0.0003332
3.639 0.0003337
3.639 0.0003342
3.639 0.0003347
3.64 0.0003353
3.64 0.0003358
3.641 0.0003363
3.642 0.0003368
3.642 0.0003374
3.643 0.0003379
3.643 0.0003384
3.643 0.000339
3.644 0.0003395
3.644 0.0003401
3.645 0.0003406
3.646 0.0003412
3.646 0.0003417
3.647 0.0003423
3.647 0.0003428
3.647 0.0003434
3.648 0.0003439
3.648 0.0003445
3.649 0.000345
3.65 0.0003456
3.65 0.0003462
3.651 0.0003467
3.651 0.0003473
3.651 0.0003479
3.652 0.0003484
3.652 0.000349
3.653 0.0003496
3.654 0.0003502
3.654 0.0003507
3.655 0.0003513
3.655 0.0003519
3.655 0.0003525
3.656 0.0003531
3.656 0.0003537
3.657 0.0003543
3.658 0.0003549
3.658 0.0003555
3.659 0.0003561
3.659 0.0003567
3.659 0.0003573
3.66 0.0003579
3.66 0.0003585
3.661 0.0003591
3.662 0.0003597
3.662 0.0003603
3.663 0.000361
3.663 0.0003616
3.663 0.0003622
3.664 0.0003628
3.664 0.0003635
3.665 0.0003641
3.666 0.0003647
3.666 0.0003654
3.667 0.000366
3.667 0.0003667
3.667 0.0003673
3.668 0.0003679
3.668 0.0003686
3.669 0.0003692
3.67 0.0003699
3.67 0.0003706
3.671 0.0003712
3.671 0.0003719
3.671 0.0003725
3.672 0.0003732
3.672 0.0003739
3.673 0.0003745
3.674 0.0003752
3.674 0.0003759
3.675 0.0003766
3.675 0.0003773
3.675 0.0003779
3.676 0.0003786
3.676 0.0003793
3.677 0.00038
3.678 0.0003807
3.678 0.0003814
3.679 0.0003821
3.679 0.0003828
3.679 0.0003835
3.68 0.0003842
3.68 0.000385
3.681 0.0003857
3.682 0.0003864
3.682 0.0003871
3.683 0.0003878
3.683 0.0003886
3.683 0.0003893
3.684 0.00039
3.684 0.0003908
3.685 0.0003915
3.686 0.0003922
3.686 0.000393
3.687 0.0003937
3.687 0.0003945
3.688 0.0003952
3.688 0.000396
3.688 0.0003967
3.689 0.0003975
3.689 0.0003983
3.69 0.000399
3.691 0.0003998
3.691 0.0004006
3.692 0.0004014
3.692 0.0004022
3.692 0.0004029
3.693 0.0004037
3.693 0.0004045
3.694 0.0004053
3.695 0.0004061
3.695 0.0004069
3.696 0.0004077
3.696 0.0004085
3.696 0.0004093
3.697 0.0004101
3.697 0.000411
3.698 0.0004118
3.699 0.0004126
3.699 0.0004134
3.7 0.0004143
3.7 0.0004151
3.7 0.0004159
3.701 0.0004168
3.701 0.0004176
3.702 0.0004185
3.703 0.0004193
3.703 0.0004202
3.704 0.000421
3.704 0.0004219
3.704 0.0004228
3.705 0.0004236
3.705 0.0004245
3.706 0.0004254
3.707 0.0004263
3.707 0.0004271
3.708 0.000428
3.708 0.0004289
3.708 0.0004298
3.709 0.0004307
3.709 0.0004316
3.71 0.0004325
3.711 0.0004334
3.711 0.0004344
3.712 0.0004353
3.712 0.0004362
3.712 0.0004371
3.713 0.0004381
3.713 0.000439
3.714 0.0004399
3.715 0.0004409
3.715 0.0004418
3.716 0.0004428
3.716 0.0004437
3.716 0.0004447
3.717 0.0004456
3.717 0.0004466
3.718 0.0004476
3.719 0.0004486
3.719 0.0004495
3.72 0.0004505
3.72 0.0004515
3.72 0.0004525
3.721 0.0004535
3.721 0.0004545
3.722 0.0004555
3.723 0.0004565
3.723 0.0004575
3.724 0.0004585
3.724 0.0004596
3.724 0.0004606
3.725 0.0004616
3.725 0.0004627
3.726 0.0004637
3.727 0.0004647
3.727 0.0004658
3.728 0.0004668
3.728 0.0004679
3.728 0.000469
3.729 0.00047
3.729 0.0004711
3.73 0.0004722
3.731 0.0004733
3.731 0.0004744
3.732 0.0004755
3.732 0.0004766
3.732 0.0004777
3.733 0.0004788
3.733 0.0004799
3.734 0.000481
3.735 0.0004821
3.735 0.0004832
3.736 0.0004844
3.736 0.0004855
3.736 0.0004867
3.737 0.0004878
3.737 0.000489
3.738 0.0004901
3.739 0.0004913
3.739 0.0004925
3.74 0.0004936
3.74 0.0004948
3.74 0.000496
3.741 0.0004972
3.741 0.0004984
3.742 0.0004996
3.743 0.0005008
3.743 0.000502
3.744 0.0005032
3.744 0.0005045
3.744 0.0005057
3.745 0.0005069
3.745 0.0005082
3.746 0.0005094
3.747 0.0005107
3.747 0.0005119
3.748 0.0005132
3.748 0.0005145
3.748 0.0005157
3.749 0.000517
3.749 0.0005183
3.75 0.0005196
3.751 0.0005209
3.751 0.0005222
3.752 0.0005235
3.752 0.0005249
3.752 0.0005262
3.753 0.0005275
3.753 0.0005289
3.754 0.0005302
3.755 0.0005316
3.755 0.0005329
3.756 0.0005343
3.756 0.0005356
3.756 0.000537
3.757 0.0005384
3.757 0.0005398
3.758 0.0005412
3.759 0.0005426
3.759 0.000544
3.76 0.0005454
3.76 0.0005469
3.76 0.0005483
3.761 0.0005497
3.761 0.0005512
3.762 0.0005526
3.763 0.0005541
3.763 0.0005556
3.764 0.000557
3.764 0.0005585
3.764 0.00056
3.765 0.0005615
3.765 0.000563
3.766 0.0005645
3.767 0.0005661
3.767 0.0005676
3.768 0.0005691
3.768 0.0005707
3.768 0.0005722
3.769 0.0005738
3.769 0.0005753
3.77 0.0005769
3.771 0.0005785
3.771 0.0005801
3.772 0.0005817
3.772 0.0005833
3.772 0.0005849
3.773 0.0005865
3.773 0.0005882
3.774 0.0005898
3.775 0.0005915
3.775 0.0005931
3.776 0.0005948
3.776 0.0005965
3.776 0.0005981
3.777 0.0005998
3.777 0.0006015
3.778 0.0006032
3.779 0.000605
3.779 0.0006067
3.78 0.0006084
3.78 0.0006102
3.78 0.0006119
3.781 0.0006137
3.781 0.0006155
3.782 0.0006173
3.783 0.000619
3.783 0.0006208
3.784 0.0006227
3.784 0.0006245
3.784 0.0006263
3.785 0.0006282
3.785 0.00063
3.786 0.0006319
3.787 0.0006337
3.787 0.0006356
3.788 0.0006375
3.788 0.0006394
3.788 0.0006413
3.789 0.0006432
3.789 0.0006452
3.79 0.0006471
3.791 0.0006491
3.791 0.000651
3.792 0.000653
3.792 0.000655
3.792 0.000657
3.793 0.000659
3.793 0.000661
3.794 0.000663
3.795 0.0006651
3.795 0.0006671
3.796 0.0006692
3.796 0.0006713
3.796 0.0006734
3.797 0.0006755
3.797 0.0006776
3.798 0.0006797
3.799 0.0006818
3.799 0.000684
3.8 0.0006861
3.8 0.0006883
3.8 0.0006905
3.801 0.0006927
3.801 0.0006949
3.802 0.0006971
3.803 0.0006994
3.803 0.0007016
3.804 0.0007039
3.804 0.0007061
3.804 0.0007084
3.805 0.0007107
3.805 0.000713
3.806 0.0007154
3.807 0.0007177
3.807 0.0007201
3.808 0.0007224
3.808 0.0007248
3.808 0.0007272
3.809 0.0007296
3.809 0.000732
3.81 0.0007345
3.811 0.0007369
3.811 0.0007394
3.812 0.0007419
3.812 0.0007444
3.812 0.0007469
3.813 0.0007494
3.813 0.0007519
3.814 0.0007545
3.814 0.0007571
3.815 0.0007597
3.816 0.0007623
3.816 0.0007649
3.817 0.0007675
3.817 0.0007702
3.817 0.0007728
3.818 0.0007755
3.818 0.0007782
3.819 0.000781
3.82 0.0007837
3.82 0.0007864
3.821 0.0007892
3.821 0.000792
3.821 0.0007948
3.822 0.0007976
3.822 0.0008005
3.823 0.0008033
3.824 0.0008062
3.824 0.0008091
3.825 0.000812
3.825 0.0008149
3.825 0.0008179
3.826 0.0008209
3.826 0.0008238
3.827 0.0008269
3.828 0.0008299
3.828 0.0008329
3.829 0.000836
3.829 0.0008391
3.829 0.0008422
3.83 0.0008453
3.83 0.0008485
3.831 0.0008516
3.832 0.0008548
3.832 0.000858
3.833 0.0008613
3.833 0.0008645
3.833 0.0008678
3.834 0.0008711
3.834 0.0008744
3.835 0.0008777
3.836 0.0008811
3.836 0.0008845
3.837 0.0008879
3.837 0.0008913
3.837 0.0008948
3.838 0.0008983
3.838 0.0009018
3.839 0.0009053
3.84 0.0009088
3.84 0.0009124
3.841 0.000916
3.841 0.0009196
3.841 0.0009233
3.842 0.000927
3.842 0.0009307
3.843 0.0009344
3.844 0.0009382
3.844 0.0009419
3.845 0.0009457
3.845 0.0009496
3.845 0.0009534
3.846 0.0009573
3.846 0.0009612
3.847 0.0009652
3.848 0.0009692
3.848 0.0009732
3.849 0.0009772
3.849 0.0009813
3.849 0.0009853
3.85 0.0009895
3.85 0.0009936
3.851 0.0009978
3.852 0.001002
3.852 0.001006
3.853 0.001011
3.853 0.001015
3.853 0.001019
3.854 0.001024
3.854 0.001028
3.855 0.001032
3.856 0.001037
3.856 0.001041
3.857 0.001046
3.857 0.00105
3.857 0.001055
3.858 0.00106
3.858 0.001064
3.859 0.001069
3.86 0.001074
3.86 0.001079
3.861 0.001084
3.861 0.001088
3.861 0.001093
3.862 0.001098
3.862 0.001103
3.863 0.001108
3.864 0.001113
3.864 0.001118
3.865 0.001124
3.865 0.001129
3.865 0.001134
3.866 0.001139
3.866 0.001145
3.867 0.00115
3.868 0.001155
3.868 0.001161
3.869 0.001166
3.869 0.001172
3.869 0.001177
3.87 0.001183
3.87 0.001189
3.871 0.001194
3.872 0.0012
3.872 0.001206
3.873 0.001212
3.873 0.001218
3.873 0.001224
3.874 0.00123
3.874 0.001236
3.875 0.001242
3.876 0.001248
3.876 0.001254
3.877 0.001261
3.877 0.001267
3.877 0.001273
3.878 0.00128
3.878 0.001286
3.879 0.001293
3.88 0.0013
3.88 0.001306
3.881 0.001313
3.881 0.00132
3.881 0.001327
3.882 0.001334
3.882 0.001341
3.883 0.001348
3.884 0.001355
3.884 0.001362
3.885 0.001369
3.885 0.001377
3.885 0.001384
3.886 0.001391
3.886 0.001399
3.887 0.001407
3.888 0.001414
3.888 0.001422
3.889 0.00143
3.889 0.001438
3.889 0.001446
3.89 0.001454
3.89 0.001462
3.891 0.00147
3.892 0.001479
3.892 0.001487
3.893 0.001495
3.893 0.001504
3.893 0.001513
3.894 0.001521
3.894 0.00153
3.895 0.001539
3.896 0.001548
3.896 0.001557
3.897 0.001566
3.897 0.001576
3.897 0.001585
3.898 0.001594
3.898 0.001604
3.899 0.001614
3.9 0.001624
3.9 0.001633
3.901 0.001643
3.901 0.001654
3.901 0.001664
3.902 0.001674
3.902 0.001685
3.903 0.001695
3.904 0.001706
3.904 0.001717
3.905 0.001727
3.905 0.001738
3.905 0.00175
3.906 0.001761
3.906 0.001772
3.907 0.001784
3.908 0.001796
3.908 0.001807
3.909 0.001819
3.909 0.001831
3.909 0.001844
3.91 0.001856
3.91 0.001869
3.911 0.001881
3.912 0.001894
3.912 0.001907
3.913 0.00192
3.913 0.001934
3.913 0.001947
3.914 0.001961
3.914 0.001975
3.915 0.001989
3.916 0.002003
3.916 0.002017
3.917 0.002032
3.917 0.002046
3.917 0.002061
3.918 0.002076
3.918 0.002092
3.919 0.002107
3.92 0.002123
3.92 0.002139
3.921 0.002155
3.921 0.002171
3.921 0.002188
3.922 0.002205
3.922 0.002222
3.923 0.002239
3.924 0.002256
3.924 0.002274
3.925 0.002292
3.925 0.00231
3.925 0.002329
3.926 0.002348
3.926 0.002367
3.927 0.002386
3.928 0.002406
3.928 0.002426
3.929 0.002446
3.929 0.002466
3.929 0.002487
3.93 0.002508
3.93 0.00253
3.931 0.002552
3.932 0.002574
3.932 0.002596
3.933 0.002619
3.933 0.002642
3.933 0.002666
3.934 0.00269
3.934 0.002714
3.935 0.002739
3.936 0.002764
3.936 0.00279
3.937 0.002816
3.937 0.002842
3.938 0.002869
3.938 0.002896
3.938 0.002924
3.939 0.002952
3.939 0.002981
3.94 0.00301
3.941 0.00304
3.941 0.003071
3.942 0.003101
3.942 0.003133
3.942 0.003165
3.943 0.003198
3.943 0.003231
3.944 0.003265
3.945 0.003299
3.945 0.003335
3.946 0.00337
3.946 0.003407
3.946 0.003444
3.947 0.003482
3.947 0.003521
3.948 0.003561
3.949 0.003601
3.949 0.003643
3.95 0.003685
3.95 0.003728
3.95 0.003772
3.951 0.003817
3.951 0.003863
3.952 0.003909
3.953 0.003957
3.953 0.004006
3.954 0.004056
3.954 0.004108
3.954 0.00416
3.955 0.004214
3.955 0.004269
3.956 0.004325
3.957 0.004382
3.957 0.004441
3.958 0.004502
3.958 0.004564
3.958 0.004627
3.959 0.004692
3.959 0.004759
3.96 0.004827
3.961 0.004898
3.961 0.00497
3.962 0.005044
3.962 0.00512
3.962 0.005198
3.963 0.005278
3.963 0.005361
3.964 0.005446
3.965 0.005533
3.965 0.005623
3.966 0.005716
3.966 0.005811
3.966 0.005909
3.967 0.006011
3.967 0.006115
3.968 0.006223
3.969 0.006334
3.969 0.006449
3.97 0.006567
3.97 0.006689
3.97 0.006816
3.971 0.006947
3.971 0.007082
3.972 0.007222
3.973 0.007367
3.973 0.007517
3.974 0.007673
3.974 0.007834
3.974 0.008002
3.975 0.008176
3.975 0.008356
3.976 0.008544
3.977 0.008739
3.977 0.008942
3.978 0.009154
3.978 0.009374
3.978 0.009604
3.979 0.009843
3.979 0.01009
3.98 0.01035
3.981 0.01063
3.981 0.01091
3.982 0.01121
3.982 0.01153
3.982 0.01185
3.983 0.0122
3.983 0.01256
3.984 0.01294
3.985 0.01334
3.985 0.01376
3.986 0.01421
3.986 0.01468
3.986 0.01517
3.987 0.01569
3.987 0.01625
3.988 0.01683
3.989 0.01745
3.989 0.01811
3.99 0.01881
3.99 0.01956
3.99 0.02036
3.991 0.0212
3.991 0.02211
3.992 0.02308
3.993 0.02411
3.993 0.02522
3.994 0.02642
3.994 0.0277
3.994 0.02908
3.995 0.03057
3.995 0.03218
3.996 0.03392
3.997 0.03581
3.997 0.03785
3.998 0.04007
3.998 0.04248
3.998 0.0451
3.999 0.04796
3.999 0.05108
4 0.05449
4 0.0582
4.001 0.06226
4.002 0.06669
4.002 0.07151
4.003 0.07676
4.003 0.08246
4.003 0.08862
4.004 0.09524
4.005 0.1023
4.005 0.1098
4.005 0.1176
4.006 0.1256
4.006 0.1337
4.007 0.1416
4.008 0.1491
4.008 0.1559
4.008 0.1616
4.009 0.166
4.01 0.1687
4.01 0.1697
4.011 0.1688
4.011 0.1662
4.011 0.1619
4.012 0.1563
4.013 0.1496
4.013 0.1422
4.013 0.1344
4.014 0.1264
4.014 0.1185
4.015 0.1108
4.016 0.1034
4.016 0.09641
4.016 0.08989
4.017 0.08383
4.018 0.07823
4.018 0.07309
4.019 0.06836
4.019 0.06404
4.019 0.06009
4.02 0.05647
4.021 0.05318
4.021 0.05016
4.021 0.04741
4.022 0.04489
4.022 0.04259
4.023 0.04048
4.024 0.03855
4.024 0.03678
4.024 0.03516
4.025 0.03366
4.026 0.03229
4.026 0.03103
4.027 0.02986
4.027 0.02879
4.027 0.0278
4.028 0.02689
4.029 0.02605
4.029 0.02527
4.029 0.02456
4.03 0.0239
4.03 0.02329
4.031 0.02272
4.032 0.0222
4.032 0.02172
4.032 0.02128
4.033 0.02088
4.034 0.0205
4.034 0.02016
4.035 0.01985
4.035 0.01957
4.035 0.01931
4.036 0.01907
4.037 0.01886
4.037 0.01867
4.037 0.01851
4.038 0.01836
4.038 0.01823
4.039 0.01812
4.04 0.01803
4.04 0.01795
4.04 0.0179
4.041 0.01785
4.042 0.01783
4.042 0.01782
4.043 0.01782
4.043 0.01784
4.043 0.01788
4.044 0.01792
4.045 0.01799
4.045 0.01806
4.045 0.01816
4.046 0.01826
4.046 0.01838
4.047 0.01851
4.048 0.01866
4.048 0.01882
4.048 0.019
4.049 0.01919
4.05 0.0194
4.05 0.01962
4.051 0.01986
4.051 0.02012
4.051 0.02039
4.052 0.02068
4.053 0.02099
4.053 0.02131
4.053 0.02166
4.054 0.02202
4.054 0.0224
4.055 0.02281
4.056 0.02324
4.056 0.02369
4.056 0.02417
4.057 0.02467
4.058 0.02519
4.058 0.02575
4.059 0.02634
4.059 0.02695
4.059 0.0276
4.06 0.02829
4.061 0.02901
4.061 0.02976
4.061 0.03057
4.062 0.03141
4.062 0.0323
4.063 0.03324
4.064 0.03423
4.064 0.03528
4.064 0.03639
4.065 0.03756
4.066 0.0388
4.066 0.04012
4.066 0.04151
4.067 0.04299
4.067 0.04456
4.068 0.04623
4.069 0.04801
4.069 0.0499
4.069 0.05191
4.07 0.05406
4.071 0.05636
4.071 0.05881
4.072 0.06144
4.072 0.06426
4.072 0.06728
4.073 0.07053
4.074 0.07402
4.074 0.07778
4.074 0.08184
4.075 0.08622
4.075 0.09096
4.076 0.09609
4.077 0.1016
4.077 0.1077
4.077 0.1142
4.078 0.1214
4.079 0.1292
4.079 0.1377
4.08 0.1469
4.08 0.157
4.08 0.1681
4.081 0.1802
4.082 0.1934
4.082 0.2077
4.082 0.2234
4.083 0.2404
4.083 0.2588
4.084 0.2785
4.085 0.2996
4.085 0.322
4.085 0.3453
4.086 0.3692
4.087 0.3934
4.087 0.417
4.088 0.4394
4.088 0.4596
4.088 0.4767
4.089 0.4897
4.09 0.4979
4.09 0.5007
4.09 0.4979
4.091 0.4898
4.091 0.4769
4.092 0.4599
4.093 0.4397
4.093 0.4174
4.093 0.3938
4.094 0.3697
4.095 0.3458
4.095 0.3226
4.096 0.3003
4.096 0.2793
4.096 0.2596
4.097 0.2412
4.098 0.2243
4.098 0.2087
4.098 0.1944
4.099 0.1813
4.099 0.1693
4.1 0.1583
4.101 0.1482
4.101 0.139
4.101 0.1306
4.102 0.1229
4.103 0.1158
4.103 0.1093
4.104 0.1034
4.104 0.09787
4.104 0.09281
4.105 0.08815
4.106 0.08384
4.106 0.07986
4.106 0.07617
4.107 0.07276
4.107 0.06959
4.108 0.06665
4.109 0.06391
4.109 0.06136
4.109 0.05899
4.11 0.05678
4.111 0.05471
4.111 0.05279
4.112 0.05098
4.112 0.0493
4.112 0.04772
4.113 0.04624
4.114 0.04486
4.114 0.04356
4.114 0.04235
4.115 0.04121
4.115 0.04014
4.116 0.03913
4.117 0.03819
4.117 0.03731
4.117 0.03649
4.118 0.03571
4.119 0.03498
4.119 0.03431
4.12 0.03367
4.12 0.03308
4.12 0.03252
4.121 0.03201
4.122 0.03153
4.122 0.03108
4.122 0.03067
4.123 0.03029
4.123 0.02995
4.124 0.02963
4.125 0.02934
4.125 0.02907
4.125 0.02884
4.126 0.02863
4.127 0.02845
4.127 0.02829
4.128 0.02816
4.128 0.02805
4.128 0.02797
4.129 0.02791
4.13 0.02787
4.13 0.02786
4.13 0.02787
4.131 0.02791
4.131 0.02797
4.132 0.02805
4.133 0.02816
4.133 0.02829
4.133 0.02845
4.134 0.02863
4.135 0.02884
4.135 0.02907
4.136 0.02934
4.136 0.02963
4.136 0.02994
4.137 0.03029
4.138 0.03067
4.138 0.03108
4.138 0.03153
4.139 0.03201
4.139 0.03252
4.14 0.03308
4.141 0.03367
4.141 0.0343
4.141 0.03498
4.142 0.03571
4.143 0.03648
4.143 0.03731
4.144 0.03819
4.144 0.03913
4.144 0.04014
4.145 0.04121
4.146 0.04235
4.146 0.04356
4.146 0.04486
4.147 0.04624
4.147 0.04772
4.148 0.0493
4.149 0.05098
4.149 0.05278
4.149 0.05471
4.15 0.05678
4.151 0.05899
4.151 0.06136
4.152 0.06391
4.152 0.06664
4.152 0.06959
4.153 0.07275
4.154 0.07617
4.154 0.07986
4.154 0.08384
4.155 0.08815
4.155 0.09281
4.156 0.09787
4.157 0.1034
4.157 0.1093
4.157 0.1158
4.158 0.1229
4.159 0.1306
4.159 0.139
4.16 0.1482
4.16 0.1583
4.16 0.1693
4.161 0.1813
4.162 0.1944
4.162 0.2087
4.162 0.2243
4.163 0.2412
4.163 0.2595
4.164 0.2793
4.165 0.3003
4.165 0.3226
4.165 0.3458
4.166 0.3697
4.167 0.3938
4.167 0.4174
4.168 0.4397
4.168 0.4599
4.168 0.4769
4.169 0.4898
4.17 0.4979
4.17 0.5007
4.17 0.4979
4.171 0.4897
4.171 0.4767
4.172 0.4596
4.173 0.4394
4.173 0.417
4.173 0.3934
4.174 0.3692
4.175 0.3453
4.175 0.3219
4.176 0.2996
4.176 0.2785
4.176 0.2588
4.177 0.2404
4.178 0.2234
4.178 0.2077
4.178 0.1934
4.179 0.1802
4.179 0.1681
4.18 0.157
4.181 0.1469
4.181 0.1377
4.181 0.1292
4.182 0.1214
4.183 0.1142
4.183 0.1077
4.184 0.1016
4.184 0.09608
4.184 0.09095
4.185 0.08621
4.186 0.08183
4.186 0.07778
4.186 0.07402
4.187 0.07052
4.188 0.06728
4.188 0.06425
4.189 0.06144
4.189 0.05881
4.189 0.05636
4.19 0.05406
4.191 0.05191
4.191 0.04989
4.191 0.048
4.192 0.04623
4.192 0.04456
4.193 0.04299
4.194 0.04151
4.194 0.04011
4.194 0.0388
4.195 0.03756
4.196 0.03638
4.196 0.03528
4.197 0.03423
4.197 0.03323
4.197 0.03229
4.198 0.0314
4.199 0.03056
4.199 0.02976
4.199 0.029
4.2 0.02828
4.2 0.0276
4.201 0.02695
4.202 0.02633
4.202 0.02574
4.202 0.02519
4.203 0.02466
4.204 0.02416
4.204 0.02368
4.205 0.02323
4.205 0.0228
4.205 0.0224
4.206 0.02201
4.207 0.02165
4.207 0.02131
4.207 0.02098
4.208 0.02067
4.208 0.02038
4.209 0.02011
4.21 0.01986
4.21 0.01962
4.21 0.0194
4.211 0.01919
4.212 0.019
4.212 0.01882
4.213 0.01866
4.213 0.01851
4.213 0.01837
4.214 0.01825
4.215 0.01815
4.215 0.01806
4.215 0.01798
4.216 0.01792
4.216 0.01787
4.217 0.01784
4.218 0.01782
4.218 0.01781
4.218 0.01782
4.219 0.01785
4.22 0.01789
4.22 0.01795
4.221 0.01802
4.221 0.01811
4.221 0.01822
4.222 0.01835
4.223 0.0185
4.223 0.01867
4.223 0.01885
4.224 0.01907
4.224 0.0193
4.225 0.01956
4.226 0.01984
4.226 0.02016
4.226 0.0205
4.227 0.02087
4.228 0.02127
4.228 0.02172
4.229 0.02219
4.229 0.02271
4.229 0.02328
4.23 0.02389
4.231 0.02455
4.231 0.02527
4.231 0.02604
4.232 0.02688
4.232 0.0278
4.233 0.02878
4.234 0.02986
4.234 0.03102
4.234 0.03228
4.235 0.03365
4.236 0.03515
4.236 0.03677
4.237 0.03854
4.237 0.04048
4.237 0.04258
4.238 0.04489
4.239 0.0474
4.239 0.05015
4.239 0.05317
4.24 0.05647
4.24 0.06008
4.241 0.06403
4.242 0.06835
4.242 0.07308
4.242 0.07823
4.243 0.08382
4.244 0.08988
4.244 0.0964
4.245 0.1034
4.245 0.1107
4.245 0.1185
4.246 0.1264
4.247 0.1344
4.247 0.1422
4.247 0.1496
4.248 0.1563
4.248 0.1619
4.249 0.1662
4.25 0.1688
4.25 0.1697
4.25 0.1687
4.251 0.166
4.252 0.1616
4.252 0.1559
4.253 0.1491
4.253 0.1416
4.253 0.1337
4.254 0.1256
4.255 0.1176
4.255 0.1098
4.255 0.1023
4.256 0.09523
4.256 0.08861
4.257 0.08245
4.258 0.07675
4.258 0.0715
4.258 0.06668
4.259 0.06225
4.26 0.05819
4.26 0.05448
4.261 0.05107
4.261 0.04795
4.261 0.04509
4.262 0.04247
4.263 0.04006
4.263 0.03784
4.263 0.0358
4.264 0.03391
4.264 0.03217
4.265 0.03056
4.266 0.02907
4.266 0.02769
4.266 0.02641
4.267 0.02521
4.268 0.0241
4.268 0.02307
4.269 0.0221
4.269 0.02119
4.269 0.02034
4.27 0.01955
4.271 0.0188
4.271 0.0181
4.271 0.01744
4.272 0.01682
4.272 0.01623
4.273 0.01568
4.274 0.01516
4.274 0.01466
4.274 0.0142
4.275 0.01375
4.276 0.01333
4.276 0.01293
4.277 0.01255
4.277 0.01219
4.277 0.01184
4.278 0.01151
4.279 0.0112
4.279 0.0109
4.279 0.01062
4.28 0.01034
4.28 0.01008
4.281 0.009831
4.282 0.009592
4.282 0.009362
4.282 0.009142
4.283 0.00893
4.284 0.008727
4.284 0.008532
4.285 0.008344
4.285 0.008163
4.285 0.007989
4.286 0.007822
4.287 0.00766
4.287 0.007505
4.287 0.007354
4.288 0.007209
4.288 0.007069
4.289 0.006934
4.29 0.006803
4.29 0.006677
4.29 0.006554
4.291 0.006436
4.292 0.006321
4.292 0.00621
4.293 0.006102
4.293 0.005998
4.293 0.005896
4.294 0.005798
4.295 0.005703
4.295 0.00561
4.295 0.00552
4.296 0.005433
4.296 0.005348
4.297 0.005265
4.298 0.005185
4.298 0.005107
4.298 0.00503
4.299 0.004956
4.3 0.004884
4.3 0.004814
4.301 0.004745
4.301 0.004679
4.301 0.004613
4.302 0.00455
4.303 0.004488
4.303 0.004428
4.303 0.004369
4.304 0.004311
4.304 0.004255
4.305 0.0042
4.306 0.004146
4.306 0.004094
4.306 0.004042
4.307 0.003992
4.308 0.003943
4.308 0.003895
4.309 0.003848
4.309 0.003802
4.309 0.003757
4.31 0.003713
4.311 0.00367
4.311 0.003628
4.311 0.003587
4.312 0.003546
4.312 0.003507
4.313 0.003468
4.314 0.00343
4.314 0.003392
4.314 0.003356
4.315 0.00332
4.316 0.003285
4.316 0.00325
4.316 0.003216
4.317 0.003183
4.317 0.00315
4.318 0.003118
4.319 0.003086
4.319 0.003055
4.319 0.003025
4.32 0.002995
4.321 0.002966
4.321 0.002937
4.322 0.002909
4.322 0.002881
4.322 0.002853
4.323 0.002826
4.324 0.0028
4.324 0.002774
4.324 0.002748
4.325 0.002723
4.325 0.002698
4.326 0.002674
4.327 0.00265
4.327 0.002626
4.327 0.002603
4.328 0.00258
4.329 0.002558
4.329 0.002536
4.33 0.002514
4.33 0.002492
4.33 0.002471
4.331 0.00245
4.332 0.00243
4.332 0.002409
4.332 0.002389
4.333 0.00237
4.333 0.00235
4.334 0.002331
4.335 0.002313
4.335 0.002294
4.335 0.002276
4.336 0.002258
4.337 0.00224
4.337 0.002222
4.338 0.002205
4.338 0.002188
4.338 0.002171
4.339 0.002154
4.34 0.002138
4.34 0.002122
4.34 0.002106
4.341 0.00209
4.341 0.002075
4.342 0.002059
4.343 0.002044
4.343 0.002029
4.343 0.002014
4.344 0.002
4.345 0.001985
4.345 0.001971
4.346 0.001957
4.346 0.001943
4.346 0.00193
4.347 0.001916
4.348 0.001903
4.348 0.00189
4.348 0.001877
4.349 0.001864
4.349 0.001851
4.35 0.001838
4.351 0.001826
4.351 0.001814
4.351 0.001802
4.352 0.00179
4.353 0.001778
4.353 0.001766
4.354 0.001754
4.354 0.001743
4.354 0.001732
4.355 0.00172
4.356 0.001709
4.356 0.001698
4.356 0.001688
4.357 0.001677
4.357 0.001666
4.358 0.001656
4.359 0.001645
4.359 0.001635
4.359 0.001625
4.36 0.001615
4.361 0.001605
4.361 0.001595
4.362 0.001585
4.362 0.001576
4.362 0.001566
4.363 0.001557
4.364 0.001547
4.364 0.001538
4.364 0.001529
4.365 0.00152
4.365 0.001511
4.366 0.001502
4.367 0.001493
4.367 0.001485
4.367 0.001476
4.368 0.001468
4.369 0.001459
4.369 0.001451
4.37 0.001443
4.37 0.001434
4.37 0.001426
4.371 0.001418
4.372 0.00141
4.372 0.001402
4.372 0.001395
4.373 0.001387
4.373 0.001379
4.374 0.001372
4.375 0.001364
4.375 0.001357
4.375 0.001349
4.376 0.001342
4.377 0.001335
4.377 0.001328
4.378 0.001321
4.378 0.001314
4.378 0.001307
4.379 0.0013
4.38 0.001293
4.38 0.001286
4.38 0.001279
4.381 0.001273
4.381 0.001266
4.382 0.001259
4.383 0.001253
4.383 0.001246
4.383 0.00124
4.384 0.001234
4.385 0.001227
4.385 0.001221
4.386 0.001215
4.386 0.001209
4.386 0.001203
4.387 0.001197
4.388 0.001191
4.388 0.001185
4.388 0.001179
4.389 0.001173
4.389 0.001168
4.39 0.001162
4.391 0.001156
4.391 0.001151
4.391 0.001145
4.392 0.001139
4.393 0.001134
4.393 0.001129
4.394 0.001123
4.394 0.001118
4.394 0.001112
4.395 0.001107
4.396 0.001102
4.396 0.001097
4.396 0.001092
4.397 0.001087
4.397 0.001081
4.398 0.001076
4.399 0.001071
4.399 0.001067
4.399 0.001062
4.4 0.001057
4.401 0.001052
4.401 0.001047
4.402 0.001042
4.402 0.001038
4.402 0.001033
4.403 0.001028
4.404 0.001024
4.404 0.001019
4.404 0.001015
4.405 0.00101
4.405 0.001006
4.406 0.001001
4.407 0.0009967
4.407 0.0009923
4.407 0.0009879
4.408 0.0009836
4.409 0.0009793
4.409 0.0009751
4.41 0.0009708
4.41 0.0009666
4.41 0.0009625
4.411 0.0009584
4.412 0.0009542
4.412 0.0009502
4.412 0.0009461
4.413 0.0009421
4.413 0.0009381
4.414 0.0009342
4.415 0.0009302
4.415 0.0009263
4.415 0.0009224
4.416 0.0009186
4.417 0.0009148
4.417 0.000911
4.418 0.0009072
4.418 0.0009035
4.418 0.0008997
4.419 0.000896
4.42 0.0008924
4.42 0.0008887
4.42 0.0008851
4.421 0.0008815
4.421 0.0008779
4.422 0.0008744
4.423 0.0008709
4.423 0.0008674
4.423 0.0008639
4.424 0.0008604
4.425 0.000857
4.425 0.0008536
4.426 0.0008502
4.426 0.0008469
4.426 0.0008435
4.427 0.0008402
4.428 0.0008369
4.428 0.0008336
4.428 0.0008304
4.429 0.0008271
4.429 0.0008239
4.43 0.0008207
4.431 0.0008176
4.431 0.0008144
4.431 0.0008113
4.432 0.0008082
4.433 0.0008051
4.433 0.000802
4.434 0.000799
4.434 0.0007959
4.434 0.0007929
4.435 0.0007899
4.436 0.000787
4.436 0.000784
4.436 0.0007811
4.437 0.0007781
4.438 0.0007752
4.438 0.0007723
4.439 0.0007695
4.439 0.0007666
4.439 0.0007638
4.44 0.000761
4.441 0.0007582
4.441 0.0007554
4.441 0.0007526
4.442 0.0007499
4.442 0.0007472
4.443 0.0007445
4.444 0.0007418
4.444 0.0007391
4.444 0.0007364
4.445 0.0007338
4.446 0.0007311
4.446 0.0007285
4.447 0.0007259
4.447 0.0007233
4.447 0.0007208
4.448 0.0007182
4.449 0.0007157
4.449 0.0007131
4.449 0.0007106
4.45 0.0007081
4.45 0.0007056
4.451 0.0007032
4.452 0.0007007
4.452 0.0006983
4.452 0.0006958
4.453 0.0006934
4.454 0.000691
4.454 0.0006887
4.455 0.0006863
4.455 0.0006839
4.455 0.0006816
4.456 0.0006792
4.457 0.0006769
4.457 0.0006746
4.457 0.0006723
4.458 0.0006701
4.458 0.0006678
4.459 0.0006655
4.46 0.0006633
4.46 0.0006611
4.46 0.0006588
4.461 0.0006566
4.462 0.0006545
4.462 0.0006523
4.463 0.0006501
4.463 0.0006479
4.463 0.0006458
4.464 0.0006437
4.465 0.0006415
4.465 0.0006394
4.465 0.0006373
4.466 0.0006353
4.466 0.0006332
4.467 0.0006311
4.468 0.0006291
4.468 0.000627
4.468 0.000625
4.469 0.000623
4.47 0.000621
4.47 0.000619
4.471 0.000617
4.471 0.000615
4.471 0.000613
4.472 0.0006111
4.473 0.0006091
4.473 0.0006072
4.473 0.0006053
4.474 0.0006033
4.474 0.0006014
4.475 0.0005995
4.476 0.0005977
4.476 0.0005958
4.476 0.0005939
4.477 0.0005921
4.478 0.0005902
4.478 0.0005884
4.479 0.0005865
4.479 0.0005847
4.479 0.0005829
4.48 0.0005811
4.481 0.0005793
4.481 0.0005775
4.481 0.0005758
4.482 0.000574
4.482 0.0005722
4.483 0.0005705
4.484 0.0005688
4.484 0.000567
4.484 0.0005653
4.485 0.0005636
4.486 0.0005619
4.486 0.0005602
4.487 0.0005585
4.487 0.0005568
4.487 0.0005552
4.488 0.0005535
4.489 0.0005518
4.489 0.0005502
4.489 0.0005486
4.49 0.0005469
4.49 0.0005453
4.491 0.0005437
4.492 0.0005421
4.492 0.0005405
4.492 0.0005389
4.493 0.0005373
4.494 0.0005357
4.494 0.0005342
4.495 0.0005326
4.495 0.0005311
4.495 0.0005295
4.496 0.000528
4.497 0.0005264
4.497 0.0005249
4.497 0.0005234
4.498 0.0005219
4.498 0.0005204
4.499 0.0005189
4.5 0.0005174
4.5 0.0005159
4.5 0.0005145
4.501 0.000513
4.502 0.0005115
4.502 0.0005101
4.503 0.0005086
4.503 0.0005072
4.503 0.0005058
4.504 0.0005043
4.505 0.0005029
4.505 0.0005015
4.505 0.0005001
4.506 0.0004987
4.506 0.0004973
4.507 0.0004959
4.508 0.0004946
4.508 0.0004932
4.508 0.0004918
4.509 0.0004904
4.51 0.0004891
4.51 0.0004877
4.511 0.0004864
4.511 0.0004851
4.511 0.0004837
4.512 0.0004824
4.513 0.0004811
4.513 0.0004798
4.513 0.0004785
4.514 0.0004772
4.514 0.0004759
4.515 0.0004746
4.516 0.0004733
4.516 0.000472
4.516 0.0004707
4.517 0.0004695
4.518 0.0004682
4.518 0.000467
4.519 0.0004657
4.519 0.0004645
4.519 0.0004632
4.52 0.000462
4.521 0.0004608
4.521 0.0004595
4.521 0.0004583
4.522 0.0004571
4.522 0.0004559
4.523 0.0004547
4.524 0.0004535
4.524 0.0004523
4.524 0.0004511
4.525 0.00045
4.526 0.0004488
4.526 0.0004476
4.527 0.0004464
4.527 0.0004453
4.527 0.0004441
4.528 0.000443
4.529 0.0004418
4.529 0.0004407
4.529 0.0004396
4.53 0.0004384
4.53 0.0004373
4.531 0.0004362
4.532 0.0004351
4.532 0.0004339
4.532 0.0004328
4.533 0.0004317
4.534 0.0004306
4.534 0.0004295
4.535 0.0004284
4.535 0.0004274
4.535 0.0004263
4.536 0.0004252
4.537 0.0004241
4.537 0.0004231
4.537 0.000422
4.538 0.0004209
4.538 0.0004199
4.539 0.0004188
4.54 0.0004178
4.54 0.0004168
4.54 0.0004157
4.541 0.0004147
4.542 0.0004137
4.542 0.0004126
4.543 0.0004116
4.543 0.0004106
4.543 0.0004096
4.544 0.0004086
4.545 0.0004076
4.545 0.0004066
4.545 0.0004056
4.546 0.0004046
4.546 0.0004036
4.547 0.0004026
4.548 0.0004016
4.548 0.0004007
4.548 0.0003997
4.549 0.0003987
4.55 0.0003978
4.55 0.0003968
4.551 0.0003959
4.551 0.0003949
4.551 0.000394
4.552 0.000393
4.553 0.0003921
4.553 0.0003911
4.553 0.0003902
4.554 0.0003893
4.554 0.0003883
4.555 0.0003874
4.556 0.0003865
4.556 0.0003856
4.556 0.0003847
4.557 0.0003838
4.558 0.0003829
4.558 0.000382
4.559 0.0003811
4.559 0.0003802
4.559 0.0003793
4.56 0.0003784
4.561 0.0003775
4.561 0.0003766
4.561 0.0003757
4.562 0.0003749
4.562 0.000374
4.563 0.0003731
4.564 0.0003723
4.564 0.0003714
4.564 0.0003706
4.565 0.0003697
4.566 0.0003689
4.566 0.000368
4.566 0.0003672
4.567 0.0003663
4.567 0.0003655
4.568 0.0003646
4.569 0.0003638
4.569 0.000363
4.569 0.0003622
4.57 0.0003613
4.571 0.0003605
4.571 0.0003597
4.572 0.0003589
4.572 0.0003581
4.572 0.0003573
4.573 0.0003565
4.574 0.0003557
4.574 0.0003549
4.574 0.0003541
4.575 0.0003533
4.575 0.0003525
4.576 0.0003517
4.577 0.0003509
4.577 0.0003501
4.577 0.0003494
4.578 0.0003486
4.579 0.0003478
4.579 0.0003471
4.58 0.0003463
4.58 0.0003455
4.58 0.0003448
4.581 0.000344
4.582 0.0003432
4.582 0.0003425
4.582 0.0003417
4.583 0.000341
4.583 0.0003403
4.584 0.0003395
4.585 0.0003388
4.585 0.000338
4.585 0.0003373
4.586 0.0003366
4.587 0.0003358
4.587 0.0003351
4.588 0.0003344
4.588 0.0003337
4.588 0.000333
4.589 0.0003322
4.59 0.0003315
4.59 0.0003308
4.59 0.0003301
4.591 0.0003294
4.591 0.0003287
4.592 0.000328
4.593 0.0003273
4.593 0.0003266
4.593 0.0003259
4.594 0.0003252
4.595 0.0003245
4.595 0.0003238
4.596 0.0003232
4.596 0.0003225
4.596 0.0003218
4.597 0.0003211
4.598 0.0003205
4.598 0.0003198
4.598 0.0003191
4.599 0.0003184
4.599 0.0003178
4.6 0.0003171
4.601 0.0003165
4.601 0.0003158
4.601 0.0003151
4.602 0.0003145
4.603 0.0003138
4.603 0.0003132
4.604 0.0003125
4.604 0.0003119
4.604 0.0003113
4.605 0.0003106
4.606 0.00031
4.606 0.0003093
4.606 0.0003087
4.607 0.0003081
4.607 0.0003075
4.608 0.0003068
4.609 0.0003062
4.609 0.0003056
4.609 0.000305
4.61 0.0003043
4.611 0.0003037
4.611 0.0003031
4.612 0.0003025
4.612 0.0003019
4.612 0.0003013
4.613 0.0003007
4.614 0.0003001
4.614 0.0002995
4.614 0.0002989
4.615 0.0002983
4.615 0.0002977
4.616 0.0002971
4.617 0.0002965
4.617 0.0002959
4.617 0.0002953
4.618 0.0002947
4.619 0.0002941
4.619 0.0002935
4.62 0.000293
4.62 0.0002924
4.62 0.0002918
4.621 0.0002912
4.622 0.0002907
4.622 0.0002901
4.622 0.0002895
4.623 0.000289
4.623 0.0002884
4.624 0.0002878
4.625 0.0002873
4.625 0.0002867
4.625 0.0002861
4.626 0.0002856
4.627 0.000285
4.627 0.0002845
4.628 0.0002839
4.628 0.0002834
4.628 0.0002828
4.629 0.0002823
4.63 0.0002817
4.63 0.0002812
4.63 0.0002807
4.631 0.0002801
4.631 0.0002796
4.632 0.000279
4.633 0.0002785
4.633 0.000278
4.633 0.0002775
4.634 0.0002769
4.635 0.0002764
4.635 0.0002759
4.636 0.0002753
4.636 0.0002748
4.636 0.0002743
4.637 0.0002738
4.638 0.0002733
4.638 0.0002728
4.638 0.0002722
4.639 0.0002717
4.639 0.0002712
4.64 0.0002707
4.641 0.0002702
4.641 0.0002697
4.641 0.0002692
4.642 0.0002687
4.643 0.0002682
4.643 0.0002677
4.644 0.0002672
4.644 0.0002667
4.644 0.0002662
4.645 0.0002657
4.646 0.0002652
4.646 0.0002647
4.646 0.0002642
4.647 0.0002637
4.647 0.0002633
4.648 0.0002628
4.649 0.0002623
4.649 0.0002618
4.649 0.0002613
4.65 0.0002608
4.651 0.0002604
4.651 0.0002599
4.652 0.0002594
4.652 0.0002589
4.652 0.0002585
4.653 0.000258
4.654 0.0002575
4.654 0.0002571
4.654 0.0002566
4.655 0.0002561
4.655 0.0002557
4.656 0.0002552
4.657 0.0002548
4.657 0.0002543
4.657 0.0002538
4.658 0.0002534
4.659 0.0002529
4.659 0.0002525
4.66 0.000252
4.66 0.0002516
4.66 0.0002511
4.661 0.0002507
4.662 0.0002502
4.662 0.0002498
4.662 0.0002493
4.663 0.0002489
4.663 0.0002485
4.664 0.000248
4.665 0.0002476
4.665 0.0002471
4.665 0.0002467
4.666 0.0002463
4.667 0.0002458
4.667 0.0002454
4.668 0.000245
4.668 0.0002445
4.668 0.0002441
4.669 0.0002437
4.67 0.0002433
4.67 0.0002428
4.67 0.0002424
4.671 0.000242
4.671 0.0002416
4.672 0.0002411
4.673 0.0002407
4.673 0.0002403
4.673 0.0002399
4.674 0.0002395
4.675 0.0002391
4.675 0.0002387
4.676 0.0002382
4.676 0.0002378
4.676 0.0002374
4.677 0.000237
4.678 0.0002366
4.678 0.0002362
4.678 0.0002358
4.679 0.0002354
4.679 0.000235
4.68 0.0002346
4.681 0.0002342
4.681 0.0002338
4.681 0.0002334
4.682 0.000233
4.683 0.0002326
4.683 0.0002322
4.684 0.0002318
4.684 0.0002314
4.684 0.000231
4.685 0.0002306
4.686 0.0002303
4.686 0.0002299
4.686 0.0002295
4.687 0.0002291
4.688 0.0002287
4.688 0.0002283
4.689 0.0002279
4.689 0.0002276
4.689 0.0002272
4.69 0.0002268
4.691 0.0002264
4.691 0.0002261
4.691 0.0002257
4.692 0.0002253
4.692 0.0002249
4.693 0.0002246
4.694 0.0002242
4.694 0.0002238
4.694 0.0002234
4.695 0.0002231
4.696 0.0002227
4.696 0.0002223
4.697 0.000222
4.697 0.0002216
4.697 0.0002212
4.698 0.0002209
4.699 0.0002205
4.699 0.0002202
4.699 0.0002198
4.7 0.0002194
4.7 0.0002191
4.701 0.0002187
4.702 0.0002184
4.702 0.000218
4.702 0.0002177
4.703 0.0002173
4.704 0.000217
4.704 0.0002166
4.705 0.0002163
4.705 0.0002159
4.705 0.0002156
4.706 0.0002152
4.707 0.0002149
4.707 0.0002145
4.707 0.0002142
4.708 0.0002138
4.708 0.0002135
4.709 0.0002132
4.71 0.0002128
4.71 0.0002125
4.71 0.0002121
4.711 0.0002118
4.712 0.0002115
4.712 0.0002111
4.713 0.0002108
4.713 0.0002105
4.713 0.0002101
4.714 0.0002098
4.715 0.0002095
4.715 0.0002091
4.715 0.0002088
4.716 0.0002085
4.716 0.0002081
4.717 0.0002078
4.718 0.0002075
4.718 0.0002072
4.718 0.0002068
4.719 0.0002065
4.72 0.0002062
4.72 0.0002059
4.721 0.0002055
4.721 0.0002052
4.721 0.0002049
4.722 0.0002046
4.723 0.0002043
4.723 0.000204
4.723 0.0002036
4.724 0.0002033
4.724 0.000203
4.725 0.0002027
4.726 0.0002024
4.726 0.0002021
4.726 0.0002018
4.727 0.0002014
4.728 0.0002011
4.728 0.0002008
4.729 0.0002005
4.729 0.0002002
4.729 0.0001999
4.73 0.0001996
4.731 0.0001993
4.731 0.000199
4.731 0.0001987
4.732 0.0001984
4.732 0.0001981
4.733 0.0001978
4.734 0.0001975
4.734 0.0001972
4.734 0.0001969
4.735 0.0001966
4.736 0.0001963
4.736 0.000196
4.737 0.0001957
4.737 0.0001954
4.737 0.0001951
4.738 0.0001948
4.739 0.0001945
4.739 0.0001942
4.739 0.0001939
4.74 0.0001936
4.74 0.0001934
4.741 0.0001931
4.742 0.0001928
4.742 0.0001925
4.742 0.0001922
4.743 0.0001919
4.744 0.0001916
4.744 0.0001913
4.745 0.0001911
4.745 0.0001908
4.745 0.0001905
4.746 0.0001902
4.747 0.0001899
4.747 0.0001897
4.747 0.0001894
4.748 0.0001891
4.748 0.0001888
4.749 0.0001885
4.75 0.0001883
4.75 0.000188
4.75 0.0001877
4.751 0.0001874
4.752 0.0001872
4.752 0.0001869
4.753 0.0001866
4.753 0.0001863
4.753 0.0001861
4.754 0.0001858
4.755 0.0001855
4.755 0.0001853
4.755 0.000185
4.756 0.0001847
4.756 0.0001845
4.757 0.0001842
4.758 0.0001839
4.758 0.0001837
4.758 0.0001834
4.759 0.0001831
4.76 0.0001829
4.76 0.0001826
4.761 0.0001823
4.761 0.0001821
4.761 0.0001818
4.762 0.0001816
4.763 0.0001813
4.763 0.000181
4.763 0.0001808
4.764 0.0001805
4.764 0.0001803
4.765 0.00018
4.766 0.0001797
4.766 0.0001795
4.766 0.0001792
4.767 0.000179
4.768 0.0001787
4.768 0.0001785
4.769 0.0001782
4.769 0.000178
4.769 0.0001777
4.77 0.0001775
4.771 0.0001772
4.771 0.000177
4.771 0.0001767
4.772 0.0001765
4.772 0.0001762
4.773 0.000176
4.774 0.0001757
4.774 0.0001755
4.774 0.0001752
4.775 0.000175
4.776 0.0001748
4.776 0.0001745
4.777 0.0001743
4.777 0.000174
4.777 0.0001738
4.778 0.0001735
4.779 0.0001733
4.779 0.0001731
4.779 0.0001728
4.78 0.0001726
4.78 0.0001723
4.781 0.0001721
4.782 0.0001719
4.782 0.0001716
4.782 0.0001714
4.783 0.0001712
4.784 0.0001709
4.784 0.0001707
4.785 0.0001705
4.785 0.0001702
4.785 0.00017
4.786 0.0001698
4.787 0.0001695
4.787 0.0001693
4.787 0.0001691
4.788 0.0001688
4.788 0.0001686
4.789 0.0001684
4.79 0.0001681
4.79 0.0001679
4.79 0.0001677
4.791 0.0001675
4.792 0.0001672
4.792 0.000167
4.793 0.0001668
4.793 0.0001666
4.793 0.0001663
4.794 0.0001661
4.795 0.0001659
4.795 0.0001657
4.795 0.0001654
4.796 0.0001652
4.796 0.000165
4.797 0.0001648
4.798 0.0001646
4.798 0.0001643
4.798 0.0001641
4.799 0.0001639
4.8 0.0001637
4.8 0.0001635
4.801 0.0001632
4.801 0.000163
4.801 0.0001628
4.802 0.0001626
4.803 0.0001624
4.803 0.0001622
4.803 0.0001619
4.804 0.0001617
4.804 0.0001615
4.805 0.0001613
4.806 0.0001611
4.806 0.0001609
4.806 0.0001607
4.807 0.0001605
4.808 0.0001602
4.808 0.00016
4.809 0.0001598
4.809 0.0001596
4.809 0.0001594
4.81 0.0001592
4.811 0.000159
4.811 0.0001588
4.811 0.0001586
4.812 0.0001584
4.812 0.0001582
4.813 0.000158
4.814 0.0001578
4.814 0.0001575
4.814 0.0001573
4.815 0.0001571
4.816 0.0001569
4.816 0.0001567
4.816 0.0001565
4.817 0.0001563
4.817 0.0001561
4.818 0.0001559
4.819 0.0001557
4.819 0.0001555
4.819 0.0001553
4.82 0.0001551
4.821 0.0001549
4.821 0.0001547
4.822 0.0001545
4.822 0.0001543
4.822 0.0001541
4.823 0.0001539
4.824 0.0001537
4.824 0.0001535
4.824 0.0001533
4.825 0.0001532
4.825 0.000153
4.826 0.0001528
4.827 0.0001526
4.827 0.0001524
4.827 0.0001522
4.828 0.000152
4.829 0.0001518
4.829 0.0001516
4.83 0.0001514
4.83 0.0001512
4.83 0.000151
4.831 0.0001508
4.832 0.0001507
4.832 0.0001505
4.832 0.0001503
4.833 0.0001501
4.833 0.0001499
4.834 0.0001497
4.835 0.0001495
4.835 0.0001493
4.835 0.0001492
4.836 0.000149
4.837 0.0001488
4.837 0.0001486
4.838 0.0001484
4.838 0.0001482
4.838 0.000148
4.839 0.0001479
4.84 0.0001477
4.84 0.0001475
4.84 0.0001473
4.841 0.0001471
4.841 0.0001469
4.842 0.0001468
4.843 0.0001466
4.843 0.0001464
4.843 0.0001462
4.844 0.000146
4.845 0.0001459
4.845 0.0001457
4.846 0.0001455
4.846 0.0001453
4.846 0.0001451
4.847 0.000145
4.848 0.0001448
4.848 0.0001446
4.848 0.0001444
4.849 0.0001443
4.849 0.0001441
4.85 0.0001439
4.851 0.0001437
4.851 0.0001436
4.851 0.0001434
4.852 0.0001432
4.853 0.000143
4.853 0.0001429
4.854 0.0001427
4.854 0.0001425
4.854 0.0001423
4.855 0.0001422
4.856 0.000142
4.856 0.0001418
4.856 0.0001417
4.857 0.0001415
4.857 0.0001413
4.858 0.0001411
4.859 0.000141
4.859 0.0001408
4.859 0.0001406
4.86 0.0001405
4.861 0.0001403
4.861 0.0001401
4.862 0.00014
4.862 0.0001398
4.862 0.0001396
4.863 0.0001395
4.864 0.0001393
4.864 0.0001391
4.864 0.000139
4.865 0.0001388
4.865 0.0001386
4.866 0.0001385
4.867 0.0001383
4.867 0.0001382
4.867 0.000138
4.868 0.0001378
4.869 0.0001377
4.869 0.0001375
4.87 0.0001373
4.87 0.0001372
4.87 0.000137
4.871 0.0001369
4.872 0.0001367
4.872 0.0001365
4.872 0.0001364
4.873 0.0001362
4.873 0.0001361
4.874 0.0001359
4.875 0.0001357
4.875 0.0001356
4.875 0.0001354
4.876 0.0001353
4.877 0.0001351
4.877 0.0001349
4.878 0.0001348
4.878 0.0001346
4.878 0.0001345
4.879 0.0001343
4.88 0.0001342
4.88 0.000134
4.88 0.0001339
4.881 0.0001337
4.881 0.0001335
4.882 0.0001334
4.883 0.0001332
4.883 0.0001331
4.883 0.0001329
4.884 0.0001328
4.885 0.0001326
4.885 0.0001325
4.886 0.0001323
4.886 0.0001322
4.886 0.000132
4.887 0.0001319
4.888 0.0001317
4.888 0.0001316
4.888 0.0001314
4.889 0.0001313
4.889 0.0001311
4.89 0.000131
4.891 0.0001308
4.891 0.0001307
4.891 0.0001305
4.892 0.0001304
4.893 0.0001302
4.893 0.0001301
4.894 0.0001299
4.894 0.0001298
4.894 0.0001296
4.895 0.0001295
4.896 0.0001293
4.896 0.0001292
4.896 0.0001291
4.897 0.0001289
4.897 0.0001288
4.898 0.0001286
4.899 0.0001285
4.899 0.0001283
4.899 0.0001282
4.9 0.000128
4.901 0.0001279
4.901 0.0001278
4.902 0.0001276
4.902 0.0001275
4.902 0.0001273
4.903 0.0001272
4.904 0.000127
4.904 0.0001269
4.904 0.0001268
4.905 0.0001266
4.905 0.0001265
4.906 0.0001263
4.907 0.0001262
4.907 0.0001261
4.907 0.0001259
4.908 0.0001258
4.909 0.0001256
4.909 0.0001255
4.91 0.0001254
4.91 0.0001252
4.91 0.0001251
4.911 0.0001249
4.912 0.0001248
4.912 0.0001247
4.912 0.0001245
4.913 0.0001244
4.913 0.0001243
4.914 0.0001241
4.915 0.000124
4.915 0.0001239
4.915 0.0001237
4.916 0.0001236
4.917 0.0001235
4.917 0.0001233
4.918 0.0001232
4.918 0.000123
4.918 0.0001229
4.919 0.0001228
4.92 0.0001226
4.92 0.0001225
4.92 0.0001224
4.921 0.0001222
4.921 0.0001221
4.922 0.000122
4.923 0.0001219
4.923 0.0001217
4.923 0.0001216
4.924 0.0001215
4.925 0.0001213
4.925 0.0001212
4.926 0.0001211
4.926 0.0001209
4.926 0.0001208
4.927 0.0001207
4.928 0.0001205
4.928 0.0001204
4.928 0.0001203
4.929 0.0001202
4.929 0.00012
4.93 0.0001199
4.931 0.0001198
4.931 0.0001196
4.931 0.0001195
4.932 0.0001194
4.933 0.0001193
4.933 0.0001191
4.934 0.000119
4.934 0.0001189
4.934 0.0001188
4.935 0.0001186
4.936 0.0001185
4.936 0.0001184
4.936 0.0001183
4.937 0.0001181
4.938 0.000118
4.938 0.0001179
4.939 0.0001178
4.939 0.0001176
4.939 0.0001175
4.94 0.0001174
4.941 0.0001173
4.941 0.0001171
4.941 0.000117
4.942 0.0001169
4.942 0.0001168
4.943 0.0001166
4.944 0.0001165
4.944 0.0001164
4.944 0.0001163
4.945 0.0001162
4.946 0.000116
4.946 0.0001159
4.947 0.0001158
4.947 0.0001157
4.947 0.0001156
4.948 0.0001154
4.949 0.0001153
4.949 0.0001152
4.949 0.0001151
4.95 0.000115
4.95 0.0001148
4.951 0.0001147
4.952 0.0001146
4.952 0.0001145
4.952 0.0001144
4.953 0.0001142
4.954 0.0001141
4.954 0.000114
4.955 0.0001139
4.955 0.0001138
4.955 0.0001137
4.956 0.0001135
4.957 0.0001134
4.957 0.0001133
4.957 0.0001132
4.958 0.0001131
4.958 0.000113
4.959 0.0001128
4.96 0.0001127
4.96 0.0001126
4.96 0.0001125
4.961 0.0001124
4.962 0.0001123
4.962 0.0001122
4.963 0.000112
4.963 0.0001119
4.963 0.0001118
4.964 0.0001117
4.965 0.0001116
4.965 0.0001115
4.965 0.0001114
4.966 0.0001113
4.966 0.0001111
4.967 0.000111
4.968 0.0001109
4.968 0.0001108
4.968 0.0001107
4.969 0.0001106
4.97 0.0001105
4.97 0.0001104
4.971 0.0001102
4.971 0.0001101
4.971 0.00011
4.972 0.0001099
4.973 0.0001098
4.973 0.0001097
4.973 0.0001096
4.974 0.0001095
4.974 0.0001094
4.975 0.0001093
4.976 0.0001091
4.976 0.000109
4.976 0.0001089
4.977 0.0001088
4.978 0.0001087
4.978 0.0001086
4.979 0.0001085
4.979 0.0001084
4.979 0.0001083
4.98 0.0001082
4.981 0.0001081
4.981 0.000108
4.981 0.0001079
4.982 0.0001077
4.982 0.0001076
4.983 0.0001075
4.984 0.0001074
4.984 0.0001073
4.984 0.0001072
4.985 0.0001071
4.986 0.000107
4.986 0.0001069
4.987 0.0001068
4.987 0.0001067
4.987 0.0001066
4.988 0.0001065
4.989 0.0001064
4.989 0.0001063
4.989 0.0001062
4.99 0.0001061
4.99 0.000106
4.991 0.0001059
4.992 0.0001058
4.992 0.0001056
4.992 0.0001055
4.993 0.0001054
4.994 0.0001053
4.994 0.0001052
4.995 0.0001051
4.995 0.000105
4.995 0.0001049
4.996 0.0001048
4.997 0.0001047
4.997 0.0001046
4.997 0.0001045
4.998 0.0001044
4.998 0.0001043
4.999 0.0001042
5 0.0001041
5 0.000104
