ppm I
0 6.732e-05
0.0005 6.737e-05
0.001 6.742e-05
0.0015 6.747e-05
0.002 6.752e-05
0.0025 6.758e-05
0.003 6.763e-05
0.0035 6.768e-05
0.004 6.773e-05
0.0045 6.778e-05
0.005 6.783e-05
0.0055 6.788e-05
0.006 6.793e-05
0.0065 6.799e-05
0.007 6.804e-05
0.0075 6.809e-05
0.008 6.814e-05
0.0085 6.819e-05
0.009 6.824e-05
0.0095 6.83e-05
0.01 6.835e-05
0.0105 6.84e-05
0.011 6.845e-05
0.0115 6.851e-05
0.012 6.856e-05
0.0125 6.861e-05
0.013 6.866e-05
0.0135 6.871e-05
0.014 6.877e-05
0.0145 6.882e-05
0.015 6.887e-05
0.0155 6.893e-05
0.016 6.898e-05
0.0165 6.903e-05
0.017 6.908e-05
0.0175 6.914e-05
0.018 6.919e-05
0.0185 6.924e-05
0.019 6.93e-05
0.0195 6.935e-05
0.02 6.94e-05
0.0205 6.946e-05
0.021 6.951e-05
0.0215 6.956e-05
0.022 6.962e-05
0.0225 6.967e-05
0.023 6.972e-05
0.0235 6.978e-05
0.024 6.983e-05
0.0245 6.988e-05
0.025 6.994e-05
0.0255 6.999e-05
0.026 7.005e-05
0.0265 7.01e-05
0.027 7.016e-05
0.0275 7.021e-05
0.028 7.026e-05
0.0285 7.032e-05
0.029 7.037e-05
0.0295 7.043e-05
0.03 7.048e-05
0.0305 7.054e-05
0.031 7.059e-05
0.0315 7.065e-05
0.032 7.07e-05
0.0325 7.076e-05
0.033 7.081e-05
0.0335 7.087e-05
0.034 7.092e-05
0.0345 7.098e-05
0.035 7.103e-05
0.0355 7.109e-05
0.036 7.114e-05
0.0365 7.12e-05
0.037 7.125e-05
0.0375 7.131e-05
0.038 7.136e-05
0.0385 7.142e-05
0.039 7.148e-05
0.0395 7.153e-05
0.04 7.159e-05
0.0405 7.164e-05
0.041 7.17e-05
0.0415 7.176e-05
0.042 7.181e-05
0.0425 7.187e-05
0.043 7.193e-05
0.0435 7.198e-05
0.044 7.204e-05
0.0445 7.209e-05
0.045 7.215e-05
0.0455 7.221e-05
0.046 7.226e-05
0.0465 7.232e-05
0.047 7.238e-05
0.0475 7.244e-05
0.048 7.249e-05
0.0485 7.255e-05
0.049 7.261e-05
0.0495 7.266e-05
0.05 7.272e-05
0.0505 7.278e-05
0.051 7.284e-05
0.0515 7.289e-05
0.052 7.295e-05
0.0525 7.301e-05
0.053 7.307e-05
0.0535 7.313e-05
0.054 7.318e-05
0.0545 7.324e-05
0.055 7.33e-05
0.0555 7.336e-05
0.056 7.342e-05
0.0565 7.347e-05
0.057 7.353e-05
0.0575 7.359e-05
0.058 7.365e-05
0.0585 7.371e-05
0.059 7.377e-05
0.0595 7.382e-05
0.06 7.388e-05
0.0605 7.394e-05
0.061 7.4e-05
0.0615 7.406e-05
0.062 7.412e-05
0.0625 7.418e-05
0.063 7.424e-05
0.0635 7.43e-05
0.064 7.436e-05
0.0645 7.442e-05
0.065 7.448e-05
0.0655 7.454e-05
0.066 7.46e-05
0.0665 7.465e-05
0.067 7.471e-05
0.0675 7.477e-05
0.068 7.483e-05
0.0685 7.489e-05
0.069 7.495e-05
0.0695 7.502e-05
0.07 7.508e-05
0.0705 7.514e-05
0.071 7.52e-05
0.0715 7.526e-05
0.072 7.532e-05
0.0725 7.538e-05
0.073 7.544e-05
0.0735 7.55e-05
0.074 7.556e-05
0.0745 7.562e-05
0.075 7.568e-05
0.0755 7.574e-05
0.076 7.581e-05
0.0765 7.587e-05
0.077 7.593e-05
0.0775 7.599e-05
0.078 7.605e-05
0.0785 7.611e-05
0.079 7.617e-05
0.0795 7.624e-05
0.08 7.63e-05
0.0805 7.636e-05
0.081 7.642e-05
0.0815 7.648e-05
0.082 7.655e-05
0.0825 7.661e-05
0.083 7.667e-05
0.0835 7.673e-05
0.084 7.68e-05
0.0845 7.686e-05
0.085 7.692e-05
0.0855 7.698e-05
0.086 7.705e-05
0.0865 7.711e-05
0.087 7.717e-05
0.0875 7.723e-05
0.088 7.73e-05
0.0885 7.736e-05
0.089 7.742e-05
0.0895 7.749e-05
0.09 7.755e-05
0.0905 7.761e-05
0.091 7.768e-05
0.0915 7.774e-05
0.092 7.781e-05
0.0925 7.787e-05
0.093 7.793e-05
0.0935 7.8e-05
0.094 7.806e-05
0.0945 7.813e-05
0.095 7.819e-05
0.0955 7.825e-05
0.096 7.832e-05
0.0965 7.838e-05
0.097 7.845e-05
0.0975 7.851e-05
0.098 7.858e-05
0.0985 7.864e-05
0.099 7.871e-05
0.0995 7.877e-05
0.1 7.884e-05
0.1005 7.89e-05
0.101 7.897e-05
0.1015 7.903e-05
0.102 7.91e-05
0.1025 7.916e-05
0.103 7.923e-05
0.1035 7.93e-05
0.104 7.936e-05
0.1045 7.943e-05
0.105 7.949e-05
0.1055 7.956e-05
0.106 7.963e-05
0.1065 7.969e-05
0.107 7.976e-05
0.1075 7.983e-05
0.108 7.989e-05
0.1085 7.996e-05
0.109 8.002e-05
0.1095 8.009e-05
0.11 8.016e-05
0.1105 8.023e-05
0.111 8.029e-05
0.1115 8.036e-05
0.112 8.043e-05
0.1125 8.049e-05
0.113 8.056e-05
0.1135 8.063e-05
0.114 8.07e-05
0.1145 8.076e-05
0.115 8.083e-05
0.1155 8.09e-05
0.116 8.097e-05
0.1165 8.104e-05
0.117 8.11e-05
0.1175 8.117e-05
0.118 8.124e-05
0.1185 8.131e-05
0.119 8.138e-05
0.1195 8.145e-05
0.12 8.151e-05
0.1205 8.158e-05
0.121 8.165e-05
0.1215 8.172e-05
0.122 8.179e-05
0.1225 8.186e-05
0.123 8.193e-05
0.1235 8.2e-05
0.124 8.207e-05
0.1245 8.214e-05
0.125 8.221e-05
0.1255 8.228e-05
0.126 8.234e-05
0.1265 8.241e-05
0.127 8.248e-05
0.1275 8.255e-05
0.128 8.262e-05
0.1285 8.269e-05
0.129 8.277e-05
0.1295 8.284e-05
0.13 8.291e-05
0.1305 8.298e-05
0.131 8.305e-05
0.1315 8.312e-05
0.132 8.319e-05
0.1325 8.326e-05
0.133 8.333e-05
0.1335 8.34e-05
0.134 8.347e-05
0.1345 8.354e-05
0.135 8.362e-05
0.1355 8.369e-05
0.136 8.376e-05
0.1365 8.383e-05
0.137 8.39e-05
0.1375 8.397e-05
0.138 8.405e-05
0.1385 8.412e-05
0.139 8.419e-05
0.1395 8.426e-05
0.14 8.434e-05
0.1405 8.441e-05
0.141 8.448e-05
0.1415 8.455e-05
0.142 8.463e-05
0.1425 8.47e-05
0.143 8.477e-05
0.1435 8.485e-05
0.144 8.492e-05
0.1445 8.499e-05
0.145 8.507e-05
0.1455 8.514e-05
0.146 8.521e-05
0.1465 8.529e-05
0.147 8.536e-05
0.1475 8.543e-05
0.148 8.551e-05
0.1485 8.558e-05
0.149 8.566e-05
0.1495 8.573e-05
0.15 8.58e-05
0.1505 8.588e-05
0.151 8.595e-05
0.1515 8.603e-05
0.152 8.61e-05
0.1525 8.618e-05
0.153 8.625e-05
0.1535 8.633e-05
0.154 8.64e-05
0.1545 8.648e-05
0.155 8.655e-05
0.1555 8.663e-05
0.156 8.671e-05
0.1565 8.678e-05
0.157 8.686e-05
0.1575 8.693e-05
0.158 8.701e-05
0.1585 8.709e-05
0.159 8.716e-05
0.1595 8.724e-05
0.16 8.731e-05
0.1605 8.739e-05
0.161 8.747e-05
0.1615 8.754e-05
0.162 8.762e-05
0.1625 8.77e-05
0.163 8.778e-05
0.1635 8.785e-05
0.164 8.793e-05
0.1645 8.801e-05
0.165 8.809e-05
0.1655 8.816e-05
0.166 8.824e-05
0.1665 8.832e-05
0.167 8.84e-05
0.1675 8.847e-05
0.168 8.855e-05
0.1685 8.863e-05
0.169 8.871e-05
0.1695 8.879e-05
0.17 8.887e-05
0.1705 8.895e-05
0.171 8.902e-05
0.1715 8.91e-05
0.172 8.918e-05
0.1725 8.926e-05
0.173 8.934e-05
0.1735 8.942e-05
0.174 8.95e-05
0.1745 8.958e-05
0.175 8.966e-05
0.1755 8.974e-05
0.176 8.982e-05
0.1765 8.99e-05
0.177 8.998e-05
0.1775 9.006e-05
0.178 9.014e-05
0.1785 9.022e-05
0.179 9.03e-05
0.1795 9.038e-05
0.18 9.046e-05
0.1805 9.054e-05
0.181 9.062e-05
0.1815 9.071e-05
0.182 9.079e-05
0.1825 9.087e-05
0.183 9.095e-05
0.1835 9.103e-05
0.184 9.111e-05
0.1845 9.119e-05
0.185 9.128e-05
0.1855 9.136e-05
0.186 9.144e-05
0.1865 9.152e-05
0.187 9.161e-05
0.1875 9.169e-05
0.188 9.177e-05
0.1885 9.185e-05
0.189 9.194e-05
0.1895 9.202e-05
0.19 9.21e-05
0.1905 9.219e-05
0.191 9.227e-05
0.1915 9.235e-05
0.192 9.244e-05
0.1925 9.252e-05
0.193 9.26e-05
0.1935 9.269e-05
0.194 9.277e-05
0.1945 9.286e-05
0.195 9.294e-05
0.1955 9.303e-05
0.196 9.311e-05
0.1965 9.32e-05
0.197 9.328e-05
0.1975 9.337e-05
0.198 9.345e-05
0.1985 9.354e-05
0.199 9.362e-05
0.1995 9.371e-05
0.2 9.379e-05
0.2005 9.388e-05
0.201 9.396e-05
0.2015 9.405e-05
0.202 9.414e-05
0.2025 9.422e-05
0.203 9.431e-05
0.2035 9.439e-05
0.204 9.448e-05
0.2045 9.457e-05
0.205 9.465e-05
0.2055 9.474e-05
0.206 9.483e-05
0.2065 9.492e-05
0.207 9.5e-05
0.2075 9.509e-05
0.208 9.518e-05
0.2085 9.527e-05
0.209 9.535e-05
0.2095 9.544e-05
0.21 9.553e-05
0.2105 9.562e-05
0.211 9.571e-05
0.2115 9.579e-05
0.212 9.588e-05
0.2125 9.597e-05
0.213 9.606e-05
0.2135 9.615e-05
0.214 9.624e-05
0.2145 9.633e-05
0.215 9.642e-05
0.2155 9.651e-05
0.216 9.66e-05
0.2165 9.669e-05
0.217 9.678e-05
0.2175 9.687e-05
0.218 9.696e-05
0.2185 9.705e-05
0.219 9.714e-05
0.2195 9.723e-05
0.22 9.732e-05
0.2205 9.741e-05
0.221 9.75e-05
0.2215 9.759e-05
0.222 9.768e-05
0.2225 9.777e-05
0.223 9.787e-05
0.2235 9.796e-05
0.224 9.805e-05
0.2245 9.814e-05
0.225 9.823e-05
0.2255 9.832e-05
0.226 9.842e-05
0.2265 9.851e-05
0.227 9.86e-05
0.2275 9.869e-05
0.228 9.879e-05
0.2285 9.888e-05
0.229 9.897e-05
0.2295 9.907e-05
0.23 9.916e-05
0.2305 9.925e-05
0.231 9.935e-05
0.2315 9.944e-05
0.232 9.954e-05
0.2325 9.963e-05
0.233 9.972e-05
0.2335 9.982e-05
0.234 9.991e-05
0.2345 0.0001
0.235 0.0001001
0.2355 0.0001002
0.236 0.0001003
0.2365 0.0001004
0.237 0.0001005
0.2375 0.0001006
0.238 0.0001007
0.2385 0.0001008
0.239 0.0001009
0.2395 0.000101
0.24 0.0001011
0.2405 0.0001012
0.241 0.0001013
0.2415 0.0001013
0.242 0.0001014
0.2425 0.0001015
0.243 0.0001016
0.2435 0.0001017
0.244 0.0001018
0.2445 0.0001019
0.245 0.000102
0.2455 0.0001021
0.246 0.0001022
0.2465 0.0001023
0.247 0.0001024
0.2475 0.0001025
0.248 0.0001026
0.2485 0.0001027
0.249 0.0001028
0.2495 0.0001029
0.25 0.000103
0.2505 0.0001031
0.251 0.0001032
0.2515 0.0001033
0.252 0.0001034
0.2525 0.0001035
0.253 0.0001036
0.2535 0.0001037
0.254 0.0001038
0.2545 0.0001039
0.255 0.000104
0.2555 0.0001041
0.256 0.0001042
0.2565 0.0001043
0.257 0.0001044
0.2575 0.0001045
0.258 0.0001046
0.2585 0.0001047
0.259 0.0001048
0.2595 0.0001049
0.26 0.000105
0.2605 0.0001051
0.261 0.0001052
0.2615 0.0001053
0.262 0.0001054
0.2625 0.0001055
0.263 0.0001056
0.2635 0.0001057
0.264 0.0001059
0.2645 0.000106
0.265 0.0001061
0.2655 0.0001062
0.266 0.0001063
0.2665 0.0001064
0.267 0.0001065
0.2675 0.0001066
0.268 0.0001067
0.2685 0.0001068
0.269 0.0001069
0.2695 0.000107
0.27 0.0001071
0.2705 0.0001072
0.271 0.0001073
0.2715 0.0001074
0.272 0.0001075
0.2725 0.0001076
0.273 0.0001077
0.2735 0.0001078
0.274 0.000108
0.2745 0.0001081
0.275 0.0001082
0.2755 0.0001083
0.276 0.0001084
0.2765 0.0001085
0.277 0.0001086
0.2775 0.0001087
0.278 0.0001088
0.2785 0.0001089
0.279 0.000109
0.2795 0.0001091
0.28 0.0001092
0.2805 0.0001094
0.281 0.0001095
0.2815 0.0001096
0.282 0.0001097
0.2825 0.0001098
0.283 0.0001099
0.2835 0.00011
0.284 0.0001101
0.2845 0.0001102
0.285 0.0001103
0.2855 0.0001105
0.286 0.0001106
0.2865 0.0001107
0.287 0.0001108
0.2875 0.0001109
0.288 0.000111
0.2885 0.0001111
0.289 0.0001112
0.2895 0.0001113
0.29 0.0001115
0.2905 0.0001116
0.291 0.0001117
0.2915 0.0001118
0.292 0.0001119
0.2925 0.000112
0.293 0.0001121
0.2935 0.0001123
0.294 0.0001124
0.2945 0.0001125
0.295 0.0001126
0.2955 0.0001127
0.296 0.0001128
0.2965 0.0001129
0.297 0.000113
0.2975 0.0001132
0.298 0.0001133
0.2985 0.0001134
0.299 0.0001135
0.2995 0.0001136
0.3 0.0001137
0.3005 0.0001139
0.301 0.000114
0.3015 0.0001141
0.302 0.0001142
0.3025 0.0001143
0.303 0.0001144
0.3035 0.0001146
0.304 0.0001147
0.3045 0.0001148
0.305 0.0001149
0.3055 0.000115
0.306 0.0001151
0.3065 0.0001153
0.307 0.0001154
0.3075 0.0001155
0.308 0.0001156
0.3085 0.0001157
0.309 0.0001159
0.3095 0.000116
0.31 0.0001161
0.3105 0.0001162
0.311 0.0001163
0.3115 0.0001165
0.312 0.0001166
0.3125 0.0001167
0.313 0.0001168
0.3135 0.0001169
0.314 0.0001171
0.3145 0.0001172
0.315 0.0001173
0.3155 0.0001174
0.316 0.0001175
0.3165 0.0001177
0.317 0.0001178
0.3175 0.0001179
0.318 0.000118
0.3185 0.0001182
0.319 0.0001183
0.3195 0.0001184
0.32 0.0001185
0.3205 0.0001187
0.321 0.0001188
0.3215 0.0001189
0.322 0.000119
0.3225 0.0001192
0.323 0.0001193
0.3235 0.0001194
0.324 0.0001195
0.3245 0.0001197
0.325 0.0001198
0.3255 0.0001199
0.326 0.00012
0.3265 0.0001202
0.327 0.0001203
0.3275 0.0001204
0.328 0.0001205
0.3285 0.0001207
0.329 0.0001208
0.3295 0.0001209
0.33 0.000121
0.3305 0.0001212
0.331 0.0001213
0.3315 0.0001214
0.332 0.0001216
0.3325 0.0001217
0.333 0.0001218
0.3335 0.0001219
0.334 0.0001221
0.3345 0.0001222
0.335 0.0001223
0.3355 0.0001225
0.336 0.0001226
0.3365 0.0001227
0.337 0.0001229
0.3375 0.000123
0.338 0.0001231
0.3385 0.0001233
0.339 0.0001234
0.3395 0.0001235
0.34 0.0001236
0.3405 0.0001238
0.341 0.0001239
0.3415 0.000124
0.342 0.0001242
0.3425 0.0001243
0.343 0.0001244
0.3435 0.0001246
0.344 0.0001247
0.3445 0.0001248
0.345 0.000125
0.3455 0.0001251
0.346 0.0001252
0.3465 0.0001254
0.347 0.0001255
0.3475 0.0001257
0.348 0.0001258
0.3485 0.0001259
0.349 0.0001261
0.3495 0.0001262
0.35 0.0001263
0.3505 0.0001265
0.351 0.0001266
0.3515 0.0001267
0.352 0.0001269
0.3525 0.000127
0.353 0.0001272
0.3535 0.0001273
0.354 0.0001274
0.3545 0.0001276
0.355 0.0001277
0.3555 0.0001279
0.356 0.000128
0.3565 0.0001281
0.357 0.0001283
0.3575 0.0001284
0.358 0.0001286
0.3585 0.0001287
0.359 0.0001288
0.3595 0.000129
0.36 0.0001291
0.3605 0.0001293
0.361 0.0001294
0.3615 0.0001295
0.362 0.0001297
0.3625 0.0001298
0.363 0.00013
0.3635 0.0001301
0.364 0.0001303
0.3645 0.0001304
0.365 0.0001305
0.3655 0.0001307
0.366 0.0001308
0.3665 0.000131
0.367 0.0001311
0.3675 0.0001313
0.368 0.0001314
0.3685 0.0001316
0.369 0.0001317
0.3695 0.0001318
0.37 0.000132
0.3705 0.0001321
0.371 0.0001323
0.3715 0.0001324
0.372 0.0001326
0.3725 0.0001327
0.373 0.0001329
0.3735 0.000133
0.374 0.0001332
0.3745 0.0001333
0.375 0.0001335
0.3755 0.0001336
0.376 0.0001338
0.3765 0.0001339
0.377 0.0001341
0.3775 0.0001342
0.378 0.0001344
0.3785 0.0001345
0.379 0.0001347
0.3795 0.0001348
0.38 0.000135
0.3805 0.0001351
0.381 0.0001353
0.3815 0.0001354
0.382 0.0001356
0.3825 0.0001357
0.383 0.0001359
0.3835 0.000136
0.384 0.0001362
0.3845 0.0001364
0.385 0.0001365
0.3855 0.0001367
0.386 0.0001368
0.3865 0.000137
0.387 0.0001371
0.3875 0.0001373
0.388 0.0001374
0.3885 0.0001376
0.389 0.0001377
0.3895 0.0001379
0.39 0.0001381
0.3905 0.0001382
0.391 0.0001384
0.3915 0.0001385
0.392 0.0001387
0.3925 0.0001389
0.393 0.000139
0.3935 0.0001392
0.394 0.0001393
0.3945 0.0001395
0.395 0.0001396
0.3955 0.0001398
0.396 0.00014
0.3965 0.0001401
0.397 0.0001403
0.3975 0.0001404
0.398 0.0001406
0.3985 0.0001408
0.399 0.0001409
0.3995 0.0001411
0.4 0.0001413
0.4005 0.0001414
0.401 0.0001416
0.4015 0.0001418
0.402 0.0001419
0.4025 0.0001421
0.403 0.0001422
0.4035 0.0001424
0.404 0.0001426
0.4045 0.0001427
0.405 0.0001429
0.4055 0.0001431
0.406 0.0001432
0.4065 0.0001434
0.407 0.0001436
0.4075 0.0001437
0.408 0.0001439
0.4085 0.0001441
0.409 0.0001442
0.4095 0.0001444
0.41 0.0001446
0.4105 0.0001447
0.411 0.0001449
0.4115 0.0001451
0.412 0.0001453
0.4125 0.0001454
0.413 0.0001456
0.4135 0.0001458
0.414 0.0001459
0.4145 0.0001461
0.415 0.0001463
0.4155 0.0001465
0.416 0.0001466
0.4165 0.0001468
0.417 0.000147
0.4175 0.0001471
0.418 0.0001473
0.4185 0.0001475
0.419 0.0001477
0.4195 0.0001478
0.42 0.000148
0.4205 0.0001482
0.421 0.0001484
0.4215 0.0001485
0.422 0.0001487
0.4225 0.0001489
0.423 0.0001491
0.4235 0.0001493
0.424 0.0001494
0.4245 0.0001496
0.425 0.0001498
0.4255 0.00015
0.426 0.0001501
0.4265 0.0001503
0.427 0.0001505
0.4275 0.0001507
0.428 0.0001509
0.4285 0.000151
0.429 0.0001512
0.4295 0.0001514
0.43 0.0001516
0.4305 0.0001518
0.431 0.000152
0.4315 0.0001521
0.432 0.0001523
0.4325 0.0001525
0.433 0.0001527
0.4335 0.0001529
0.434 0.0001531
0.4345 0.0001532
0.435 0.0001534
0.4355 0.0001536
0.436 0.0001538
0.4365 0.000154
0.437 0.0001542
0.4375 0.0001544
0.438 0.0001545
0.4385 0.0001547
0.439 0.0001549
0.4395 0.0001551
0.44 0.0001553
0.4405 0.0001555
0.441 0.0001557
0.4415 0.0001559
0.442 0.0001561
0.4425 0.0001562
0.443 0.0001564
0.4435 0.0001566
0.444 0.0001568
0.4445 0.000157
0.445 0.0001572
0.4455 0.0001574
0.446 0.0001576
0.4465 0.0001578
0.447 0.000158
0.4475 0.0001582
0.448 0.0001584
0.4485 0.0001586
0.449 0.0001588
0.4495 0.0001589
0.45 0.0001591
0.4505 0.0001593
0.451 0.0001595
0.4515 0.0001597
0.452 0.0001599
0.4525 0.0001601
0.453 0.0001603
0.4535 0.0001605
0.454 0.0001607
0.4545 0.0001609
0.455 0.0001611
0.4555 0.0001613
0.456 0.0001615
0.4565 0.0001617
0.457 0.0001619
0.4575 0.0001621
0.458 0.0001623
0.4585 0.0001625
0.459 0.0001627
0.4595 0.0001629
0.46 0.0001631
0.4605 0.0001634
0.461 0.0001636
0.4615 0.0001638
0.462 0.000164
0.4625 0.0001642
0.463 0.0001644
0.4635 0.0001646
0.464 0.0001648
0.4645 0.000165
0.465 0.0001652
0.4655 0.0001654
0.466 0.0001656
0.4665 0.0001658
0.467 0.000166
0.4675 0.0001663
0.468 0.0001665
0.4685 0.0001667
0.469 0.0001669
0.4695 0.0001671
0.47 0.0001673
0.4705 0.0001675
0.471 0.0001677
0.4715 0.0001679
0.472 0.0001682
0.4725 0.0001684
0.473 0.0001686
0.4735 0.0001688
0.474 0.000169
0.4745 0.0001692
0.475 0.0001695
0.4755 0.0001697
0.476 0.0001699
0.4765 0.0001701
0.477 0.0001703
0.4775 0.0001705
0.478 0.0001708
0.4785 0.000171
0.479 0.0001712
0.4795 0.0001714
0.48 0.0001716
0.4805 0.0001719
0.481 0.0001721
0.4815 0.0001723
0.482 0.0001725
0.4825 0.0001728
0.483 0.000173
0.4835 0.0001732
0.484 0.0001734
0.4845 0.0001736
0.485 0.0001739
0.4855 0.0001741
0.486 0.0001743
0.4865 0.0001745
0.487 0.0001748
0.4875 0.000175
0.488 0.0001752
0.4885 0.0001755
0.489 0.0001757
0.4895 0.0001759
0.49 0.0001761
0.4905 0.0001764
0.491 0.0001766
0.4915 0.0001768
0.492 0.0001771
0.4925 0.0001773
0.493 0.0001775
0.4935 0.0001778
0.494 0.000178
0.4945 0.0001782
0.495 0.0001785
0.4955 0.0001787
0.496 0.0001789
0.4965 0.0001792
0.497 0.0001794
0.4975 0.0001797
0.498 0.0001799
0.4985 0.0001801
0.499 0.0001804
0.4995 0.0001806
0.5 0.0001808
0.5005 0.0001811
0.501 0.0001813
0.5015 0.0001816
0.502 0.0001818
0.5025 0.000182
0.503 0.0001823
0.5035 0.0001825
0.504 0.0001828
0.5045 0.000183
0.505 0.0001833
0.5055 0.0001835
0.506 0.0001838
0.5065 0.000184
0.507 0.0001843
0.5075 0.0001845
0.508 0.0001847
0.5085 0.000185
0.509 0.0001852
0.5095 0.0001855
0.51 0.0001857
0.5105 0.000186
0.511 0.0001862
0.5115 0.0001865
0.512 0.0001867
0.5125 0.000187
0.513 0.0001872
0.5135 0.0001875
0.514 0.0001878
0.5145 0.000188
0.515 0.0001883
0.5155 0.0001885
0.516 0.0001888
0.5165 0.000189
0.517 0.0001893
0.5175 0.0001895
0.518 0.0001898
0.5185 0.0001901
0.519 0.0001903
0.5195 0.0001906
0.52 0.0001908
0.5205 0.0001911
0.521 0.0001914
0.5215 0.0001916
0.522 0.0001919
0.5225 0.0001922
0.523 0.0001924
0.5235 0.0001927
0.524 0.0001929
0.5245 0.0001932
0.525 0.0001935
0.5255 0.0001937
0.526 0.000194
0.5265 0.0001943
0.527 0.0001946
0.5275 0.0001948
0.528 0.0001951
0.5285 0.0001954
0.529 0.0001956
0.5295 0.0001959
0.53 0.0001962
0.5305 0.0001964
0.531 0.0001967
0.5315 0.000197
0.532 0.0001973
0.5325 0.0001975
0.533 0.0001978
0.5335 0.0001981
0.534 0.0001984
0.5345 0.0001986
0.535 0.0001989
0.5355 0.0001992
0.536 0.0001995
0.5365 0.0001998
0.537 0.0002
0.5375 0.0002003
0.538 0.0002006
0.5385 0.0002009
0.539 0.0002012
0.5395 0.0002015
0.54 0.0002017
0.5405 0.000202
0.541 0.0002023
0.5415 0.0002026
0.542 0.0002029
0.5425 0.0002032
0.543 0.0002035
0.5435 0.0002037
0.544 0.000204
0.5445 0.0002043
0.545 0.0002046
0.5455 0.0002049
0.546 0.0002052
0.5465 0.0002055
0.547 0.0002058
0.5475 0.0002061
0.548 0.0002064
0.5485 0.0002067
0.549 0.000207
0.5495 0.0002073
0.55 0.0002076
0.5505 0.0002078
0.551 0.0002081
0.5515 0.0002084
0.552 0.0002087
0.5525 0.000209
0.553 0.0002093
0.5535 0.0002096
0.554 0.00021
0.5545 0.0002103
0.555 0.0002106
0.5555 0.0002109
0.556 0.0002112
0.5565 0.0002115
0.557 0.0002118
0.5575 0.0002121
0.558 0.0002124
0.5585 0.0002127
0.559 0.000213
0.5595 0.0002133
0.56 0.0002136
0.5605 0.0002139
0.561 0.0002143
0.5615 0.0002146
0.562 0.0002149
0.5625 0.0002152
0.563 0.0002155
0.5635 0.0002158
0.564 0.0002161
0.5645 0.0002165
0.565 0.0002168
0.5655 0.0002171
0.566 0.0002174
0.5665 0.0002177
0.567 0.0002181
0.5675 0.0002184
0.568 0.0002187
0.5685 0.000219
0.569 0.0002193
0.5695 0.0002197
0.57 0.00022
0.5705 0.0002203
0.571 0.0002206
0.5715 0.000221
0.572 0.0002213
0.5725 0.0002216
0.573 0.000222
0.5735 0.0002223
0.574 0.0002226
0.5745 0.000223
0.575 0.0002233
0.5755 0.0002236
0.576 0.000224
0.5765 0.0002243
0.577 0.0002246
0.5775 0.000225
0.578 0.0002253
0.5785 0.0002256
0.579 0.000226
0.5795 0.0002263
0.58 0.0002267
0.5805 0.000227
0.581 0.0002273
0.5815 0.0002277
0.582 0.000228
0.5825 0.0002284
0.583 0.0002287
0.5835 0.0002291
0.584 0.0002294
0.5845 0.0002298
0.585 0.0002301
0.5855 0.0002305
0.586 0.0002308
0.5865 0.0002312
0.587 0.0002315
0.5875 0.0002319
0.588 0.0002322
0.5885 0.0002326
0.589 0.0002329
0.5895 0.0002333
0.59 0.0002336
0.5905 0.000234
0.591 0.0002344
0.5915 0.0002347
0.592 0.0002351
0.5925 0.0002354
0.593 0.0002358
0.5935 0.0002362
0.594 0.0002365
0.5945 0.0002369
0.595 0.0002373
0.5955 0.0002376
0.596 0.000238
0.5965 0.0002384
0.597 0.0002387
0.5975 0.0002391
0.598 0.0002395
0.5985 0.0002398
0.599 0.0002402
0.5995 0.0002406
0.6 0.000241
0.6005 0.0002413
0.601 0.0002417
0.6015 0.0002421
0.602 0.0002425
0.6025 0.0002429
0.603 0.0002432
0.6035 0.0002436
0.604 0.000244
0.6045 0.0002444
0.605 0.0002448
0.6055 0.0002452
0.606 0.0002455
0.6065 0.0002459
0.607 0.0002463
0.6075 0.0002467
0.608 0.0002471
0.6085 0.0002475
0.609 0.0002479
0.6095 0.0002483
0.61 0.0002487
0.6105 0.0002491
0.611 0.0002494
0.6115 0.0002498
0.612 0.0002502
0.6125 0.0002506
0.613 0.000251
0.6135 0.0002514
0.614 0.0002518
0.6145 0.0002522
0.615 0.0002526
0.6155 0.0002531
0.616 0.0002535
0.6165 0.0002539
0.617 0.0002543
0.6175 0.0002547
0.618 0.0002551
0.6185 0.0002555
0.619 0.0002559
0.6195 0.0002563
0.62 0.0002567
0.6205 0.0002572
0.621 0.0002576
0.6215 0.000258
0.622 0.0002584
0.6225 0.0002588
0.623 0.0002592
0.6235 0.0002597
0.624 0.0002601
0.6245 0.0002605
0.625 0.0002609
0.6255 0.0002614
0.626 0.0002618
0.6265 0.0002622
0.627 0.0002626
0.6275 0.0002631
0.628 0.0002635
0.6285 0.0002639
0.629 0.0002644
0.6295 0.0002648
0.63 0.0002652
0.6305 0.0002657
0.631 0.0002661
0.6315 0.0002665
0.632 0.000267
0.6325 0.0002674
0.633 0.0002679
0.6335 0.0002683
0.634 0.0002688
0.6345 0.0002692
0.635 0.0002697
0.6355 0.0002701
0.636 0.0002705
0.6365 0.000271
0.637 0.0002714
0.6375 0.0002719
0.638 0.0002724
0.6385 0.0002728
0.639 0.0002733
0.6395 0.0002737
0.64 0.0002742
0.6405 0.0002746
0.641 0.0002751
0.6415 0.0002756
0.642 0.000276
0.6425 0.0002765
0.643 0.000277
0.6435 0.0002774
0.644 0.0002779
0.6445 0.0002784
0.645 0.0002788
0.6455 0.0002793
0.646 0.0002798
0.6465 0.0002802
0.647 0.0002807
0.6475 0.0002812
0.648 0.0002817
0.6485 0.0002822
0.649 0.0002826
0.6495 0.0002831
0.65 0.0002836
0.6505 0.0002841
0.651 0.0002846
0.6515 0.0002851
0.652 0.0002855
0.6525 0.000286
0.653 0.0002865
0.6535 0.000287
0.654 0.0002875
0.6545 0.000288
0.655 0.0002885
0.6555 0.000289
0.656 0.0002895
0.6565 0.00029
0.657 0.0002905
0.6575 0.000291
0.658 0.0002915
0.6585 0.000292
0.659 0.0002925
0.6595 0.000293
0.66 0.0002935
0.6605 0.0002941
0.661 0.0002946
0.6615 0.0002951
0.662 0.0002956
0.6625 0.0002961
0.663 0.0002966
0.6635 0.0002971
0.664 0.0002977
0.6645 0.0002982
0.665 0.0002987
0.6655 0.0002992
0.666 0.0002998
0.6665 0.0003003
0.667 0.0003008
0.6675 0.0003014
0.668 0.0003019
0.6685 0.0003024
0.669 0.000303
0.6695 0.0003035
0.67 0.000304
0.6705 0.0003046
0.671 0.0003051
0.6715 0.0003057
0.672 0.0003062
0.6725 0.0003067
0.673 0.0003073
0.6735 0.0003078
0.674 0.0003084
0.6745 0.0003089
0.675 0.0003095
0.6755 0.0003101
0.676 0.0003106
0.6765 0.0003112
0.677 0.0003117
0.6775 0.0003123
0.678 0.0003128
0.6785 0.0003134
0.679 0.000314
0.6795 0.0003145
0.68 0.0003151
0.6805 0.0003157
0.681 0.0003163
0.6815 0.0003168
0.682 0.0003174
0.6825 0.000318
0.683 0.0003186
0.6835 0.0003191
0.684 0.0003197
0.6845 0.0003203
0.685 0.0003209
0.6855 0.0003215
0.686 0.0003221
0.6865 0.0003227
0.687 0.0003233
0.6875 0.0003238
0.688 0.0003244
0.6885 0.000325
0.689 0.0003256
0.6895 0.0003262
0.69 0.0003268
0.6905 0.0003274
0.691 0.0003281
0.6915 0.0003287
0.692 0.0003293
0.6925 0.0003299
0.693 0.0003305
0.6935 0.0003311
0.694 0.0003317
0.6945 0.0003323
0.695 0.000333
0.6955 0.0003336
0.696 0.0003342
0.6965 0.0003348
0.697 0.0003355
0.6975 0.0003361
0.698 0.0003367
0.6985 0.0003374
0.699 0.000338
0.6995 0.0003386
0.7 0.0003393
0.7005 0.0003399
0.701 0.0003405
0.7015 0.0003412
0.702 0.0003418
0.7025 0.0003425
0.703 0.0003431
0.7035 0.0003438
0.704 0.0003444
0.7045 0.0003451
0.705 0.0003458
0.7055 0.0003464
0.706 0.0003471
0.7065 0.0003477
0.707 0.0003484
0.7075 0.0003491
0.708 0.0003497
0.7085 0.0003504
0.709 0.0003511
0.7095 0.0003518
0.71 0.0003524
0.7105 0.0003531
0.711 0.0003538
0.7115 0.0003545
0.712 0.0003552
0.7125 0.0003559
0.713 0.0003565
0.7135 0.0003572
0.714 0.0003579
0.7145 0.0003586
0.715 0.0003593
0.7155 0.00036
0.716 0.0003607
0.7165 0.0003614
0.717 0.0003621
0.7175 0.0003628
0.718 0.0003636
0.7185 0.0003643
0.719 0.000365
0.7195 0.0003657
0.72 0.0003664
0.7205 0.0003671
0.721 0.0003679
0.7215 0.0003686
0.722 0.0003693
0.7225 0.0003701
0.723 0.0003708
0.7235 0.0003715
0.724 0.0003723
0.7245 0.000373
0.725 0.0003737
0.7255 0.0003745
0.726 0.0003752
0.7265 0.000376
0.727 0.0003767
0.7275 0.0003775
0.728 0.0003782
0.7285 0.000379
0.729 0.0003798
0.7295 0.0003805
0.73 0.0003813
0.7305 0.0003821
0.731 0.0003828
0.7315 0.0003836
0.732 0.0003844
0.7325 0.0003852
0.733 0.0003859
0.7335 0.0003867
0.734 0.0003875
0.7345 0.0003883
0.735 0.0003891
0.7355 0.0003899
0.736 0.0003907
0.7365 0.0003915
0.737 0.0003923
0.7375 0.0003931
0.738 0.0003939
0.7385 0.0003947
0.739 0.0003955
0.7395 0.0003963
0.74 0.0003971
0.7405 0.0003979
0.741 0.0003988
0.7415 0.0003996
0.742 0.0004004
0.7425 0.0004012
0.743 0.0004021
0.7435 0.0004029
0.744 0.0004037
0.7445 0.0004046
0.745 0.0004054
0.7455 0.0004063
0.746 0.0004071
0.7465 0.000408
0.747 0.0004088
0.7475 0.0004097
0.748 0.0004105
0.7485 0.0004114
0.749 0.0004123
0.7495 0.0004131
0.75 0.000414
0.7505 0.0004149
0.751 0.0004158
0.7515 0.0004166
0.752 0.0004175
0.7525 0.0004184
0.753 0.0004193
0.7535 0.0004202
0.754 0.0004211
0.7545 0.000422
0.755 0.0004229
0.7555 0.0004238
0.756 0.0004247
0.7565 0.0004256
0.757 0.0004265
0.7575 0.0004274
0.758 0.0004283
0.7585 0.0004292
0.759 0.0004302
0.7595 0.0004311
0.76 0.000432
0.7605 0.000433
0.761 0.0004339
0.7615 0.0004348
0.762 0.0004358
0.7625 0.0004367
0.763 0.0004377
0.7635 0.0004386
0.764 0.0004396
0.7645 0.0004405
0.765 0.0004415
0.7655 0.0004425
0.766 0.0004434
0.7665 0.0004444
0.767 0.0004454
0.7675 0.0004464
0.768 0.0004473
0.7685 0.0004483
0.769 0.0004493
0.7695 0.0004503
0.77 0.0004513
0.7705 0.0004523
0.771 0.0004533
0.7715 0.0004543
0.772 0.0004553
0.7725 0.0004563
0.773 0.0004573
0.7735 0.0004584
0.774 0.0004594
0.7745 0.0004604
0.775 0.0004614
0.7755 0.0004625
0.776 0.0004635
0.7765 0.0004645
0.777 0.0004656
0.7775 0.0004666
0.778 0.0004677
0.7785 0.0004688
0.779 0.0004698
0.7795 0.0004709
0.78 0.0004719
0.7805 0.000473
0.781 0.0004741
0.7815 0.0004752
0.782 0.0004762
0.7825 0.0004773
0.783 0.0004784
0.7835 0.0004795
0.784 0.0004806
0.7845 0.0004817
0.785 0.0004828
0.7855 0.0004839
0.786 0.000485
0.7865 0.0004862
0.787 0.0004873
0.7875 0.0004884
0.788 0.0004895
0.7885 0.0004907
0.789 0.0004918
0.7895 0.0004929
0.79 0.0004941
0.7905 0.0004952
0.791 0.0004964
0.7915 0.0004976
0.792 0.0004987
0.7925 0.0004999
0.793 0.0005011
0.7935 0.0005022
0.794 0.0005034
0.7945 0.0005046
0.795 0.0005058
0.7955 0.000507
0.796 0.0005082
0.7965 0.0005094
0.797 0.0005106
0.7975 0.0005118
0.798 0.000513
0.7985 0.0005142
0.799 0.0005154
0.7995 0.0005167
0.8 0.0005179
0.8005 0.0005191
0.801 0.0005204
0.8015 0.0005216
0.802 0.0005229
0.8025 0.0005241
0.803 0.0005254
0.8035 0.0005267
0.804 0.0005279
0.8045 0.0005292
0.805 0.0005305
0.8055 0.0005318
0.806 0.0005331
0.8065 0.0005344
0.807 0.0005357
0.8075 0.000537
0.808 0.0005383
0.8085 0.0005396
0.809 0.0005409
0.8095 0.0005422
0.81 0.0005436
0.8105 0.0005449
0.811 0.0005462
0.8115 0.0005476
0.812 0.0005489
0.8125 0.0005503
0.813 0.0005516
0.8135 0.000553
0.814 0.0005544
0.8145 0.0005557
0.815 0.0005571
0.8155 0.0005585
0.816 0.0005599
0.8165 0.0005613
0.817 0.0005627
0.8175 0.0005641
0.818 0.0005655
0.8185 0.0005669
0.819 0.0005684
0.8195 0.0005698
0.82 0.0005712
0.8205 0.0005727
0.821 0.0005741
0.8215 0.0005756
0.822 0.000577
0.8225 0.0005785
0.823 0.00058
0.8235 0.0005814
0.824 0.0005829
0.8245 0.0005844
0.825 0.0005859
0.8255 0.0005874
0.826 0.0005889
0.8265 0.0005904
0.827 0.0005919
0.8275 0.0005935
0.828 0.000595
0.8285 0.0005965
0.829 0.0005981
0.8295 0.0005996
0.83 0.0006012
0.8305 0.0006027
0.831 0.0006043
0.8315 0.0006059
0.832 0.0006075
0.8325 0.000609
0.833 0.0006106
0.8335 0.0006122
0.834 0.0006138
0.8345 0.0006155
0.835 0.0006171
0.8355 0.0006187
0.836 0.0006203
0.8365 0.000622
0.837 0.0006236
0.8375 0.0006253
0.838 0.0006269
0.8385 0.0006286
0.839 0.0006303
0.8395 0.000632
0.84 0.0006336
0.8405 0.0006353
0.841 0.000637
0.8415 0.0006387
0.842 0.0006405
0.8425 0.0006422
0.843 0.0006439
0.8435 0.0006457
0.844 0.0006474
0.8445 0.0006491
0.845 0.0006509
0.8455 0.0006527
0.846 0.0006544
0.8465 0.0006562
0.847 0.000658
0.8475 0.0006598
0.848 0.0006616
0.8485 0.0006634
0.849 0.0006653
0.8495 0.0006671
0.85 0.0006689
0.8505 0.0006708
0.851 0.0006726
0.8515 0.0006745
0.852 0.0006763
0.8525 0.0006782
0.853 0.0006801
0.8535 0.000682
0.854 0.0006839
0.8545 0.0006858
0.855 0.0006877
0.8555 0.0006896
0.856 0.0006916
0.8565 0.0006935
0.857 0.0006955
0.8575 0.0006974
0.858 0.0006994
0.8585 0.0007014
0.859 0.0007034
0.8595 0.0007054
0.86 0.0007074
0.8605 0.0007094
0.861 0.0007114
0.8615 0.0007134
0.862 0.0007155
0.8625 0.0007175
0.863 0.0007196
0.8635 0.0007216
0.864 0.0007237
0.8645 0.0007258
0.865 0.0007279
0.8655 0.00073
0.866 0.0007321
0.8665 0.0007342
0.867 0.0007364
0.8675 0.0007385
0.868 0.0007406
0.8685 0.0007428
0.869 0.000745
0.8695 0.0007472
0.87 0.0007494
0.8705 0.0007516
0.871 0.0007538
0.8715 0.000756
0.872 0.0007582
0.8725 0.0007605
0.873 0.0007627
0.8735 0.000765
0.874 0.0007673
0.8745 0.0007695
0.875 0.0007718
0.8755 0.0007741
0.876 0.0007765
0.8765 0.0007788
0.877 0.0007811
0.8775 0.0007835
0.878 0.0007858
0.8785 0.0007882
0.879 0.0007906
0.8795 0.000793
0.88 0.0007954
0.8805 0.0007978
0.881 0.0008002
0.8815 0.0008027
0.882 0.0008051
0.8825 0.0008076
0.883 0.0008101
0.8835 0.0008125
0.884 0.000815
0.8845 0.0008175
0.885 0.0008201
0.8855 0.0008226
0.886 0.0008252
0.8865 0.0008277
0.887 0.0008303
0.8875 0.0008329
0.888 0.0008355
0.8885 0.0008381
0.889 0.0008407
0.8895 0.0008433
0.89 0.000846
0.8905 0.0008486
0.891 0.0008513
0.8915 0.000854
0.892 0.0008567
0.8925 0.0008594
0.893 0.0008621
0.8935 0.0008649
0.894 0.0008676
0.8945 0.0008704
0.895 0.0008732
0.8955 0.000876
0.896 0.0008788
0.8965 0.0008816
0.897 0.0008845
0.8975 0.0008873
0.898 0.0008902
0.8985 0.0008931
0.899 0.000896
0.8995 0.0008989
0.9 0.0009018
0.9005 0.0009047
0.901 0.0009077
0.9015 0.0009107
0.902 0.0009136
0.9025 0.0009166
0.903 0.0009197
0.9035 0.0009227
0.904 0.0009257
0.9045 0.0009288
0.905 0.0009319
0.9055 0.000935
0.906 0.0009381
0.9065 0.0009412
0.907 0.0009444
0.9075 0.0009475
0.908 0.0009507
0.9085 0.0009539
0.909 0.0009571
0.9095 0.0009603
0.91 0.0009636
0.9105 0.0009669
0.911 0.0009701
0.9115 0.0009734
0.912 0.0009768
0.9125 0.0009801
0.913 0.0009834
0.9135 0.0009868
0.914 0.0009902
0.9145 0.0009936
0.915 0.000997
0.9155 0.001
0.916 0.001004
0.9165 0.001007
0.917 0.001011
0.9175 0.001014
0.918 0.001018
0.9185 0.001022
0.919 0.001025
0.9195 0.001029
0.92 0.001032
0.9205 0.001036
0.921 0.00104
0.9215 0.001043
0.922 0.001047
0.9225 0.001051
0.923 0.001054
0.9235 0.001058
0.924 0.001062
0.9245 0.001066
0.925 0.00107
0.9255 0.001073
0.926 0.001077
0.9265 0.001081
0.927 0.001085
0.9275 0.001089
0.928 0.001093
0.9285 0.001097
0.929 0.001101
0.9295 0.001105
0.93 0.001109
0.9305 0.001113
0.931 0.001117
0.9315 0.001121
0.932 0.001125
0.9325 0.00113
0.933 0.001134
0.9335 0.001138
0.934 0.001142
0.9345 0.001146
0.935 0.001151
0.9355 0.001155
0.936 0.001159
0.9365 0.001164
0.937 0.001168
0.9375 0.001173
0.938 0.001177
0.9385 0.001182
0.939 0.001186
0.9395 0.001191
0.94 0.001195
0.9405 0.0012
0.941 0.001204
0.9415 0.001209
0.942 0.001214
0.9425 0.001218
0.943 0.001223
0.9435 0.001228
0.944 0.001232
0.9445 0.001237
0.945 0.001242
0.9455 0.001247
0.946 0.001252
0.9465 0.001257
0.947 0.001262
0.9475 0.001267
0.948 0.001272
0.9485 0.001277
0.949 0.001282
0.9495 0.001287
0.95 0.001292
0.9505 0.001297
0.951 0.001303
0.9515 0.001308
0.952 0.001313
0.9525 0.001318
0.953 0.001324
0.9535 0.001329
0.954 0.001334
0.9545 0.00134
0.955 0.001345
0.9555 0.001351
0.956 0.001356
0.9565 0.001362
0.957 0.001368
0.9575 0.001373
0.958 0.001379
0.9585 0.001385
0.959 0.001391
0.9595 0.001396
0.96 0.001402
0.9605 0.001408
0.961 0.001414
0.9615 0.00142
0.962 0.001426
0.9625 0.001432
0.963 0.001438
0.9635 0.001444
0.964 0.00145
0.9645 0.001457
0.965 0.001463
0.9655 0.001469
0.966 0.001476
0.9665 0.001482
0.967 0.001488
0.9675 0.001495
0.968 0.001501
0.9685 0.001508
0.969 0.001515
0.9695 0.001521
0.97 0.001528
0.9705 0.001535
0.971 0.001541
0.9715 0.001548
0.972 0.001555
0.9725 0.001562
0.973 0.001569
0.9735 0.001576
0.974 0.001583
0.9745 0.00159
0.975 0.001598
0.9755 0.001605
0.976 0.001612
0.9765 0.001619
0.977 0.001627
0.9775 0.001634
0.978 0.001642
0.9785 0.001649
0.979 0.001657
0.9795 0.001665
0.98 0.001672
0.9805 0.00168
0.981 0.001688
0.9815 0.001696
0.982 0.001704
0.9825 0.001712
0.983 0.00172
0.9835 0.001728
0.984 0.001736
0.9845 0.001745
0.985 0.001753
0.9855 0.001761
0.986 0.00177
0.9865 0.001778
0.987 0.001787
0.9875 0.001796
0.988 0.001804
0.9885 0.001813
0.989 0.001822
0.9895 0.001831
0.99 0.00184
0.9905 0.001849
0.991 0.001858
0.9915 0.001867
0.992 0.001877
0.9925 0.001886
0.993 0.001895
0.9935 0.001905
0.994 0.001915
0.9945 0.001924
0.995 0.001934
0.9955 0.001944
0.996 0.001954
0.9965 0.001964
0.997 0.001974
0.9975 0.001984
0.998 0.001994
0.9985 0.002004
0.999 0.002015
0.9995 0.002025
1 0.002036
1 0.002047
1.001 0.002057
1.002 0.002068
1.002 0.002079
1.002 0.00209
1.003 0.002101
1.004 0.002112
1.004 0.002124
1.004 0.002135
1.005 0.002147
1.006 0.002158
1.006 0.00217
1.006 0.002182
1.007 0.002194
1.008 0.002206
1.008 0.002218
1.008 0.00223
1.009 0.002242
1.01 0.002255
1.01 0.002267
1.01 0.00228
1.011 0.002293
1.012 0.002306
1.012 0.002319
1.012 0.002332
1.013 0.002345
1.014 0.002359
1.014 0.002372
1.014 0.002386
1.015 0.002399
1.016 0.002413
1.016 0.002427
1.016 0.002441
1.017 0.002456
1.018 0.00247
1.018 0.002485
1.018 0.002499
1.019 0.002514
1.02 0.002529
1.02 0.002544
1.02 0.00256
1.021 0.002575
1.022 0.002591
1.022 0.002606
1.022 0.002622
1.023 0.002638
1.024 0.002654
1.024 0.002671
1.024 0.002687
1.025 0.002704
1.026 0.002721
1.026 0.002738
1.026 0.002755
1.027 0.002772
1.028 0.00279
1.028 0.002807
1.028 0.002825
1.029 0.002843
1.03 0.002862
1.03 0.00288
1.03 0.002899
1.031 0.002918
1.032 0.002937
1.032 0.002956
1.032 0.002975
1.033 0.002995
1.034 0.003015
1.034 0.003035
1.034 0.003055
1.035 0.003076
1.036 0.003097
1.036 0.003118
1.036 0.003139
1.037 0.00316
1.038 0.003182
1.038 0.003204
1.038 0.003226
1.039 0.003248
1.04 0.003271
1.04 0.003294
1.04 0.003317
1.041 0.003341
1.042 0.003364
1.042 0.003389
1.042 0.003413
1.043 0.003437
1.044 0.003462
1.044 0.003487
1.044 0.003513
1.045 0.003539
1.046 0.003565
1.046 0.003591
1.046 0.003618
1.047 0.003645
1.048 0.003672
1.048 0.0037
1.048 0.003728
1.049 0.003757
1.05 0.003785
1.05 0.003814
1.05 0.003844
1.051 0.003874
1.052 0.003904
1.052 0.003935
1.052 0.003966
1.053 0.003997
1.054 0.004029
1.054 0.004061
1.054 0.004094
1.055 0.004127
1.056 0.004161
1.056 0.004195
1.056 0.004229
1.057 0.004264
1.058 0.0043
1.058 0.004336
1.058 0.004372
1.059 0.004409
1.06 0.004447
1.06 0.004485
1.06 0.004523
1.061 0.004562
1.062 0.004602
1.062 0.004642
1.062 0.004683
1.063 0.004724
1.063 0.004766
1.064 0.004809
1.065 0.004852
1.065 0.004896
1.065 0.00494
1.066 0.004986
1.067 0.005031
1.067 0.005078
1.067 0.005125
1.068 0.005173
1.069 0.005222
1.069 0.005272
1.069 0.005322
1.07 0.005373
1.071 0.005425
1.071 0.005478
1.071 0.005532
1.072 0.005586
1.073 0.005642
1.073 0.005698
1.073 0.005755
1.074 0.005814
1.075 0.005873
1.075 0.005933
1.075 0.005994
1.076 0.006057
1.077 0.00612
1.077 0.006185
1.077 0.00625
1.078 0.006317
1.079 0.006385
1.079 0.006454
1.079 0.006525
1.08 0.006597
1.081 0.00667
1.081 0.006744
1.081 0.00682
1.082 0.006898
1.083 0.006976
1.083 0.007057
1.083 0.007139
1.084 0.007222
1.085 0.007307
1.085 0.007394
1.085 0.007482
1.086 0.007573
1.087 0.007665
1.087 0.007759
1.087 0.007855
1.088 0.007953
1.089 0.008053
1.089 0.008155
1.089 0.008259
1.09 0.008366
1.091 0.008474
1.091 0.008586
1.091 0.008699
1.092 0.008815
1.093 0.008934
1.093 0.009056
1.093 0.00918
1.094 0.009307
1.095 0.009437
1.095 0.009571
1.095 0.009707
1.096 0.009847
1.097 0.00999
1.097 0.01014
1.097 0.01029
1.098 0.01044
1.099 0.0106
1.099 0.01076
1.099 0.01093
1.1 0.0111
1.101 0.01127
1.101 0.01145
1.101 0.01163
1.102 0.01182
1.103 0.01202
1.103 0.01222
1.103 0.01242
1.104 0.01263
1.105 0.01285
1.105 0.01307
1.105 0.0133
1.106 0.01354
1.107 0.01378
1.107 0.01403
1.107 0.01429
1.108 0.01456
1.109 0.01483
1.109 0.01512
1.109 0.01541
1.11 0.01571
1.111 0.01603
1.111 0.01635
1.111 0.01668
1.112 0.01703
1.113 0.01738
1.113 0.01775
1.113 0.01814
1.114 0.01853
1.115 0.01894
1.115 0.01937
1.115 0.01981
1.116 0.02027
1.117 0.02074
1.117 0.02124
1.117 0.02175
1.118 0.02229
1.119 0.02284
1.119 0.02342
1.119 0.02403
1.12 0.02466
1.121 0.02531
1.121 0.026
1.121 0.02671
1.122 0.02746
1.123 0.02824
1.123 0.02906
1.123 0.02992
1.124 0.03082
1.125 0.03176
1.125 0.03275
1.125 0.03379
1.126 0.03489
1.127 0.03604
1.127 0.03725
1.127 0.03853
1.128 0.03988
1.129 0.0413
1.129 0.04281
1.129 0.04441
1.13 0.0461
1.131 0.04789
1.131 0.04979
1.131 0.05181
1.132 0.05397
1.133 0.05626
1.133 0.05871
1.133 0.06132
1.134 0.06411
1.135 0.0671
1.135 0.07031
1.135 0.07375
1.136 0.07746
1.137 0.08144
1.137 0.08574
1.137 0.09038
1.138 0.09539
1.139 0.1008
1.139 0.1067
1.139 0.1131
1.14 0.12
1.141 0.1276
1.141 0.1358
1.141 0.1448
1.142 0.1546
1.143 0.1653
1.143 0.177
1.143 0.1897
1.144 0.2037
1.145 0.2188
1.145 0.2353
1.145 0.2531
1.146 0.2724
1.147 0.293
1.147 0.3149
1.147 0.3378
1.148 0.3617
1.149 0.3859
1.149 0.4099
1.149 0.4331
1.15 0.4545
1.151 0.4732
1.151 0.4882
1.151 0.4986
1.152 0.5039
1.153 0.5037
1.153 0.498
1.153 0.4872
1.154 0.4719
1.155 0.4531
1.155 0.4317
1.155 0.4086
1.156 0.3847
1.157 0.3607
1.157 0.3371
1.157 0.3145
1.158 0.2929
1.159 0.2726
1.159 0.2538
1.159 0.2363
1.16 0.2202
1.161 0.2054
1.161 0.1918
1.161 0.1794
1.162 0.168
1.163 0.1577
1.163 0.1482
1.163 0.1395
1.164 0.1316
1.165 0.1243
1.165 0.1176
1.165 0.1115
1.166 0.1059
1.167 0.1008
1.167 0.09606
1.167 0.09171
1.168 0.08769
1.169 0.08399
1.169 0.08057
1.169 0.07741
1.17 0.07449
1.171 0.07178
1.171 0.06928
1.171 0.06696
1.172 0.06481
1.173 0.06281
1.173 0.06096
1.173 0.05925
1.174 0.05766
1.175 0.05618
1.175 0.05481
1.175 0.05354
1.176 0.05237
1.177 0.05128
1.177 0.05028
1.177 0.04935
1.178 0.0485
1.179 0.04772
1.179 0.047
1.179 0.04634
1.18 0.04575
1.181 0.0452
1.181 0.04472
1.181 0.04428
1.182 0.04389
1.183 0.04355
1.183 0.04326
1.183 0.04301
1.184 0.04281
1.185 0.04264
1.185 0.04252
1.185 0.04244
1.186 0.0424
1.187 0.04239
1.187 0.04243
1.188 0.0425
1.188 0.04261
1.188 0.04276
1.189 0.04294
1.19 0.04317
1.19 0.04343
1.19 0.04373
1.191 0.04407
1.192 0.04445
1.192 0.04487
1.192 0.04533
1.193 0.04583
1.194 0.04637
1.194 0.04696
1.194 0.0476
1.195 0.04828
1.196 0.04901
1.196 0.04979
1.196 0.05062
1.197 0.05151
1.198 0.05245
1.198 0.05345
1.198 0.05452
1.199 0.05565
1.2 0.05684
1.2 0.05811
1.2 0.05946
1.201 0.06088
1.202 0.06239
1.202 0.06399
1.202 0.06569
1.203 0.06748
1.204 0.06938
1.204 0.0714
1.204 0.07354
1.205 0.07581
1.206 0.07821
1.206 0.08077
1.206 0.08349
1.207 0.08637
1.208 0.08944
1.208 0.09271
1.208 0.0962
1.209 0.09991
1.21 0.1039
1.21 0.1081
1.21 0.1126
1.211 0.1175
1.212 0.1227
1.212 0.1283
1.212 0.1343
1.213 0.1407
1.214 0.1476
1.214 0.1551
1.214 0.1631
1.215 0.1719
1.216 0.1813
1.216 0.1915
1.216 0.2026
1.217 0.2146
1.218 0.2277
1.218 0.2419
1.218 0.2575
1.219 0.2744
1.22 0.2929
1.22 0.3131
1.22 0.3352
1.221 0.3593
1.222 0.3856
1.222 0.4144
1.222 0.4456
1.223 0.4796
1.224 0.5163
1.224 0.5559
1.224 0.5981
1.225 0.6427
1.226 0.6893
1.226 0.7373
1.226 0.7855
1.227 0.8329
1.228 0.8776
1.228 0.918
1.228 0.9522
1.229 0.9782
1.23 0.9944
1.23 1
1.23 0.9944
1.231 0.9782
1.232 0.9522
1.232 0.918
1.232 0.8776
1.233 0.8329
1.234 0.7855
1.234 0.7373
1.234 0.6893
1.235 0.6427
1.236 0.5981
1.236 0.5559
1.236 0.5163
1.237 0.4796
1.238 0.4456
1.238 0.4144
1.238 0.3856
1.239 0.3593
1.24 0.3352
1.24 0.3131
1.24 0.2929
1.241 0.2744
1.242 0.2575
1.242 0.2419
1.242 0.2277
1.243 0.2146
1.244 0.2026
1.244 0.1915
1.244 0.1813
1.245 0.1719
1.246 0.1632
1.246 0.1551
1.246 0.1476
1.247 0.1407
1.248 0.1343
1.248 0.1283
1.248 0.1227
1.249 0.1175
1.25 0.1126
1.25 0.1081
1.25 0.1039
1.251 0.09992
1.252 0.0962
1.252 0.09272
1.252 0.08945
1.253 0.08637
1.254 0.08349
1.254 0.08077
1.254 0.07822
1.255 0.07581
1.256 0.07354
1.256 0.0714
1.256 0.06939
1.257 0.06748
1.258 0.06569
1.258 0.06399
1.258 0.0624
1.259 0.06089
1.26 0.05946
1.26 0.05811
1.26 0.05685
1.261 0.05565
1.262 0.05452
1.262 0.05345
1.262 0.05245
1.263 0.05151
1.264 0.05062
1.264 0.04979
1.264 0.04901
1.265 0.04828
1.266 0.0476
1.266 0.04697
1.266 0.04638
1.267 0.04583
1.268 0.04533
1.268 0.04487
1.268 0.04445
1.269 0.04407
1.27 0.04373
1.27 0.04343
1.27 0.04317
1.271 0.04295
1.272 0.04276
1.272 0.04261
1.272 0.0425
1.273 0.04243
1.274 0.0424
1.274 0.0424
1.274 0.04244
1.275 0.04252
1.276 0.04265
1.276 0.04281
1.276 0.04302
1.277 0.04326
1.278 0.04356
1.278 0.0439
1.278 0.04428
1.279 0.04472
1.28 0.04521
1.28 0.04575
1.28 0.04635
1.281 0.047
1.282 0.04772
1.282 0.0485
1.282 0.04936
1.283 0.05028
1.284 0.05129
1.284 0.05237
1.284 0.05355
1.285 0.05481
1.286 0.05618
1.286 0.05766
1.286 0.05925
1.287 0.06097
1.288 0.06282
1.288 0.06481
1.288 0.06696
1.289 0.06928
1.29 0.07178
1.29 0.07449
1.29 0.07741
1.291 0.08057
1.292 0.08399
1.292 0.0877
1.292 0.09171
1.293 0.09607
1.294 0.1008
1.294 0.1059
1.294 0.1115
1.295 0.1176
1.296 0.1243
1.296 0.1316
1.296 0.1395
1.297 0.1482
1.298 0.1577
1.298 0.168
1.298 0.1794
1.299 0.1918
1.3 0.2054
1.3 0.2202
1.3 0.2363
1.301 0.2538
1.302 0.2727
1.302 0.2929
1.302 0.3145
1.303 0.3371
1.304 0.3607
1.304 0.3847
1.304 0.4086
1.305 0.4317
1.306 0.4531
1.306 0.472
1.306 0.4872
1.307 0.498
1.308 0.5037
1.308 0.504
1.308 0.4986
1.309 0.4882
1.31 0.4732
1.31 0.4545
1.31 0.4331
1.311 0.41
1.312 0.3859
1.312 0.3617
1.312 0.3379
1.313 0.3149
1.313 0.293
1.314 0.2724
1.315 0.2531
1.315 0.2353
1.315 0.2188
1.316 0.2037
1.317 0.1898
1.317 0.177
1.317 0.1653
1.318 0.1546
1.319 0.1448
1.319 0.1358
1.319 0.1276
1.32 0.12
1.321 0.1131
1.321 0.1067
1.321 0.1008
1.322 0.0954
1.323 0.09038
1.323 0.08574
1.323 0.08145
1.324 0.07746
1.325 0.07376
1.325 0.07032
1.325 0.06711
1.326 0.06412
1.327 0.06132
1.327 0.05871
1.327 0.05627
1.328 0.05397
1.329 0.05182
1.329 0.0498
1.329 0.04789
1.33 0.0461
1.331 0.04441
1.331 0.04282
1.331 0.04131
1.332 0.03989
1.333 0.03854
1.333 0.03726
1.333 0.03604
1.334 0.03489
1.335 0.0338
1.335 0.03276
1.335 0.03177
1.336 0.03083
1.337 0.02993
1.337 0.02907
1.337 0.02825
1.338 0.02747
1.339 0.02672
1.339 0.026
1.339 0.02532
1.34 0.02466
1.341 0.02403
1.341 0.02343
1.341 0.02285
1.342 0.02229
1.343 0.02176
1.343 0.02125
1.343 0.02075
1.344 0.02027
1.345 0.01982
1.345 0.01937
1.345 0.01895
1.346 0.01854
1.347 0.01814
1.347 0.01776
1.347 0.01739
1.348 0.01703
1.349 0.01669
1.349 0.01636
1.349 0.01603
1.35 0.01572
1.351 0.01542
1.351 0.01513
1.351 0.01484
1.352 0.01457
1.353 0.0143
1.353 0.01404
1.353 0.01379
1.354 0.01355
1.355 0.01331
1.355 0.01308
1.355 0.01286
1.356 0.01264
1.357 0.01243
1.357 0.01222
1.357 0.01202
1.358 0.01183
1.359 0.01164
1.359 0.01146
1.359 0.01128
1.36 0.0111
1.361 0.01093
1.361 0.01077
1.361 0.01061
1.362 0.01045
1.363 0.01029
1.363 0.01014
1.363 0.009998
1.364 0.009855
1.365 0.009715
1.365 0.009579
1.365 0.009446
1.366 0.009316
1.367 0.009189
1.367 0.009064
1.367 0.008943
1.368 0.008824
1.369 0.008708
1.369 0.008594
1.369 0.008483
1.37 0.008374
1.371 0.008268
1.371 0.008164
1.371 0.008061
1.372 0.007961
1.373 0.007864
1.373 0.007768
1.373 0.007674
1.374 0.007582
1.375 0.007491
1.375 0.007403
1.375 0.007316
1.376 0.007231
1.377 0.007148
1.377 0.007066
1.377 0.006986
1.378 0.006907
1.379 0.00683
1.379 0.006754
1.379 0.006679
1.38 0.006606
1.381 0.006534
1.381 0.006464
1.381 0.006395
1.382 0.006327
1.383 0.00626
1.383 0.006194
1.383 0.00613
1.384 0.006066
1.385 0.006004
1.385 0.005943
1.385 0.005882
1.386 0.005823
1.387 0.005765
1.387 0.005708
1.387 0.005651
1.388 0.005596
1.389 0.005542
1.389 0.005488
1.389 0.005435
1.39 0.005383
1.391 0.005332
1.391 0.005282
1.391 0.005232
1.392 0.005183
1.393 0.005135
1.393 0.005088
1.393 0.005042
1.394 0.004996
1.395 0.004951
1.395 0.004906
1.395 0.004862
1.396 0.004819
1.397 0.004776
1.397 0.004735
1.397 0.004693
1.398 0.004652
1.399 0.004612
1.399 0.004573
1.399 0.004534
1.4 0.004495
1.401 0.004457
1.401 0.00442
1.401 0.004383
1.402 0.004346
1.403 0.004311
1.403 0.004275
1.403 0.00424
1.404 0.004206
1.405 0.004172
1.405 0.004138
1.405 0.004105
1.406 0.004072
1.407 0.00404
1.407 0.004008
1.407 0.003977
1.408 0.003946
1.409 0.003915
1.409 0.003885
1.409 0.003855
1.41 0.003826
1.411 0.003797
1.411 0.003768
1.411 0.003739
1.412 0.003711
1.413 0.003684
1.413 0.003656
1.413 0.003629
1.414 0.003603
1.415 0.003576
1.415 0.00355
1.415 0.003525
1.416 0.003499
1.417 0.003474
1.417 0.003449
1.417 0.003425
1.418 0.0034
1.419 0.003376
1.419 0.003353
1.419 0.003329
1.42 0.003306
1.421 0.003283
1.421 0.00326
1.421 0.003238
1.422 0.003216
1.423 0.003194
1.423 0.003172
1.423 0.003151
1.424 0.00313
1.425 0.003109
1.425 0.003088
1.425 0.003068
1.426 0.003047
1.427 0.003027
1.427 0.003007
1.427 0.002988
1.428 0.002968
1.429 0.002949
1.429 0.00293
1.429 0.002911
1.43 0.002893
1.431 0.002874
1.431 0.002856
1.431 0.002838
1.432 0.00282
1.433 0.002802
1.433 0.002785
1.433 0.002768
1.434 0.00275
1.435 0.002733
1.435 0.002717
1.435 0.0027
1.436 0.002684
1.437 0.002667
1.437 0.002651
1.438 0.002635
1.438 0.002619
1.438 0.002604
1.439 0.002588
1.44 0.002573
1.44 0.002558
1.44 0.002542
1.441 0.002528
1.442 0.002513
1.442 0.002498
1.442 0.002484
1.443 0.002469
1.444 0.002455
1.444 0.002441
1.444 0.002427
1.445 0.002413
1.446 0.002399
1.446 0.002386
1.446 0.002372
1.447 0.002359
1.448 0.002346
1.448 0.002333
1.448 0.00232
1.449 0.002307
1.45 0.002294
1.45 0.002281
1.45 0.002269
1.451 0.002256
1.452 0.002244
1.452 0.002232
1.452 0.00222
1.453 0.002208
1.454 0.002196
1.454 0.002184
1.454 0.002172
1.455 0.002161
1.456 0.002149
1.456 0.002138
1.456 0.002127
1.457 0.002116
1.458 0.002105
1.458 0.002094
1.458 0.002083
1.459 0.002072
1.46 0.002061
1.46 0.00205
1.46 0.00204
1.461 0.002029
1.462 0.002019
1.462 0.002009
1.462 0.001999
1.463 0.001989
1.464 0.001979
1.464 0.001969
1.464 0.001959
1.465 0.001949
1.466 0.001939
1.466 0.00193
1.466 0.00192
1.467 0.001911
1.468 0.001901
1.468 0.001892
1.468 0.001883
1.469 0.001873
1.47 0.001864
1.47 0.001855
1.47 0.001846
1.471 0.001837
1.472 0.001829
1.472 0.00182
1.472 0.001811
1.473 0.001803
1.474 0.001794
1.474 0.001785
1.474 0.001777
1.475 0.001769
1.476 0.00176
1.476 0.001752
1.476 0.001744
1.477 0.001736
1.478 0.001728
1.478 0.00172
1.478 0.001712
1.479 0.001704
1.48 0.001696
1.48 0.001688
1.48 0.001681
1.481 0.001673
1.482 0.001666
1.482 0.001658
1.482 0.001651
1.483 0.001643
1.484 0.001636
1.484 0.001628
1.484 0.001621
1.485 0.001614
1.486 0.001607
1.486 0.0016
1.486 0.001593
1.487 0.001586
1.488 0.001579
1.488 0.001572
1.488 0.001565
1.489 0.001558
1.49 0.001551
1.49 0.001545
1.49 0.001538
1.491 0.001531
1.492 0.001525
1.492 0.001518
1.492 0.001512
1.493 0.001505
1.494 0.001499
1.494 0.001493
1.494 0.001486
1.495 0.00148
1.496 0.001474
1.496 0.001468
1.496 0.001462
1.497 0.001455
1.498 0.001449
1.498 0.001443
1.498 0.001437
1.499 0.001431
1.5 0.001426
1.5 0.00142
1.5 0.001414
1.501 0.001408
1.502 0.001402
1.502 0.001397
1.502 0.001391
1.503 0.001385
1.504 0.00138
1.504 0.001374
1.504 0.001369
1.505 0.001363
1.506 0.001358
1.506 0.001352
1.506 0.001347
1.507 0.001342
1.508 0.001336
1.508 0.001331
1.508 0.001326
1.509 0.001321
1.51 0.001315
1.51 0.00131
1.51 0.001305
1.511 0.0013
1.512 0.001295
1.512 0.00129
1.512 0.001285
1.513 0.00128
1.514 0.001275
1.514 0.00127
1.514 0.001266
1.515 0.001261
1.516 0.001256
1.516 0.001251
1.516 0.001246
1.517 0.001242
1.518 0.001237
1.518 0.001232
1.518 0.001228
1.519 0.001223
1.52 0.001219
1.52 0.001214
1.52 0.00121
1.521 0.001205
1.522 0.001201
1.522 0.001196
1.522 0.001192
1.523 0.001187
1.524 0.001183
1.524 0.001179
1.524 0.001174
1.525 0.00117
1.526 0.001166
1.526 0.001162
1.526 0.001157
1.527 0.001153
1.528 0.001149
1.528 0.001145
1.528 0.001141
1.529 0.001137
1.53 0.001133
1.53 0.001129
1.53 0.001125
1.531 0.001121
1.532 0.001117
1.532 0.001113
1.532 0.001109
1.533 0.001105
1.534 0.001101
1.534 0.001097
1.534 0.001093
1.535 0.00109
1.536 0.001086
1.536 0.001082
1.536 0.001078
1.537 0.001075
1.538 0.001071
1.538 0.001067
1.538 0.001064
1.539 0.00106
1.54 0.001056
1.54 0.001053
1.54 0.001049
1.541 0.001046
1.542 0.001042
1.542 0.001039
1.542 0.001035
1.543 0.001032
1.544 0.001028
1.544 0.001025
1.544 0.001021
1.545 0.001018
1.546 0.001015
1.546 0.001011
1.546 0.001008
1.547 0.001004
1.548 0.001001
1.548 0.0009979
1.548 0.0009946
1.549 0.0009913
1.55 0.0009881
1.55 0.0009849
1.55 0.0009816
1.551 0.0009785
1.552 0.0009753
1.552 0.0009721
1.552 0.000969
1.553 0.0009659
1.554 0.0009628
1.554 0.0009597
1.554 0.0009566
1.555 0.0009535
1.556 0.0009505
1.556 0.0009475
1.556 0.0009445
1.557 0.0009415
1.558 0.0009385
1.558 0.0009355
1.558 0.0009326
1.559 0.0009297
1.56 0.0009267
1.56 0.0009238
1.56 0.000921
1.561 0.0009181
1.562 0.0009152
1.562 0.0009124
1.562 0.0009096
1.563 0.0009068
1.563 0.000904
1.564 0.0009012
1.565 0.0008984
1.565 0.0008956
1.565 0.0008929
1.566 0.0008902
1.567 0.0008875
1.567 0.0008848
1.567 0.0008821
1.568 0.0008794
1.569 0.0008767
1.569 0.0008741
1.569 0.0008715
1.57 0.0008688
1.571 0.0008662
1.571 0.0008636
1.571 0.0008611
1.572 0.0008585
1.573 0.0008559
1.573 0.0008534
1.573 0.0008509
1.574 0.0008483
1.575 0.0008458
1.575 0.0008433
1.575 0.0008409
1.576 0.0008384
1.577 0.0008359
1.577 0.0008335
1.577 0.0008311
1.578 0.0008286
1.579 0.0008262
1.579 0.0008238
1.579 0.0008214
1.58 0.0008191
1.581 0.0008167
1.581 0.0008144
1.581 0.000812
1.582 0.0008097
1.583 0.0008074
1.583 0.0008051
1.583 0.0008028
1.584 0.0008005
1.585 0.0007982
1.585 0.0007959
1.585 0.0007937
1.586 0.0007914
1.587 0.0007892
1.587 0.000787
1.587 0.0007848
1.588 0.0007826
1.589 0.0007804
1.589 0.0007782
1.589 0.000776
1.59 0.0007739
1.591 0.0007717
1.591 0.0007696
1.591 0.0007675
1.592 0.0007653
1.593 0.0007632
1.593 0.0007611
1.593 0.000759
1.594 0.000757
1.595 0.0007549
1.595 0.0007528
1.595 0.0007508
1.596 0.0007487
1.597 0.0007467
1.597 0.0007447
1.597 0.0007427
1.598 0.0007407
1.599 0.0007387
1.599 0.0007367
1.599 0.0007347
1.6 0.0007327
1.601 0.0007308
1.601 0.0007288
1.601 0.0007269
1.602 0.000725
1.603 0.000723
1.603 0.0007211
1.603 0.0007192
1.604 0.0007173
1.605 0.0007154
1.605 0.0007135
1.605 0.0007117
1.606 0.0007098
1.607 0.0007079
1.607 0.0007061
1.607 0.0007042
1.608 0.0007024
1.609 0.0007006
1.609 0.0006988
1.609 0.000697
1.61 0.0006952
1.611 0.0006934
1.611 0.0006916
1.611 0.0006898
1.612 0.000688
1.613 0.0006863
1.613 0.0006845
1.613 0.0006828
1.614 0.0006811
1.615 0.0006793
1.615 0.0006776
1.615 0.0006759
1.616 0.0006742
1.617 0.0006725
1.617 0.0006708
1.617 0.0006691
1.618 0.0006674
1.619 0.0006658
1.619 0.0006641
1.619 0.0006624
1.62 0.0006608
1.621 0.0006591
1.621 0.0006575
1.621 0.0006559
1.622 0.0006543
1.623 0.0006526
1.623 0.000651
1.623 0.0006494
1.624 0.0006478
1.625 0.0006462
1.625 0.0006447
1.625 0.0006431
1.626 0.0006415
1.627 0.00064
1.627 0.0006384
1.627 0.0006369
1.628 0.0006353
1.629 0.0006338
1.629 0.0006323
1.629 0.0006307
1.63 0.0006292
1.631 0.0006277
1.631 0.0006262
1.631 0.0006247
1.632 0.0006232
1.633 0.0006217
1.633 0.0006203
1.633 0.0006188
1.634 0.0006173
1.635 0.0006159
1.635 0.0006144
1.635 0.000613
1.636 0.0006115
1.637 0.0006101
1.637 0.0006087
1.637 0.0006072
1.638 0.0006058
1.639 0.0006044
1.639 0.000603
1.639 0.0006016
1.64 0.0006002
1.641 0.0005988
1.641 0.0005974
1.641 0.0005961
1.642 0.0005947
1.643 0.0005933
1.643 0.000592
1.643 0.0005906
1.644 0.0005893
1.645 0.0005879
1.645 0.0005866
1.645 0.0005852
1.646 0.0005839
1.647 0.0005826
1.647 0.0005813
1.647 0.00058
1.648 0.0005786
1.649 0.0005773
1.649 0.000576
1.649 0.0005748
1.65 0.0005735
1.651 0.0005722
1.651 0.0005709
1.651 0.0005696
1.652 0.0005684
1.653 0.0005671
1.653 0.0005659
1.653 0.0005646
1.654 0.0005634
1.655 0.0005621
1.655 0.0005609
1.655 0.0005597
1.656 0.0005584
1.657 0.0005572
1.657 0.000556
1.657 0.0005548
1.658 0.0005536
1.659 0.0005524
1.659 0.0005512
1.659 0.00055
1.66 0.0005488
1.661 0.0005476
1.661 0.0005464
1.661 0.0005452
1.662 0.0005441
1.663 0.0005429
1.663 0.0005417
1.663 0.0005406
1.664 0.0005394
1.665 0.0005383
1.665 0.0005372
1.665 0.000536
1.666 0.0005349
1.667 0.0005337
1.667 0.0005326
1.667 0.0005315
1.668 0.0005304
1.669 0.0005293
1.669 0.0005282
1.669 0.0005271
1.67 0.000526
1.671 0.0005249
1.671 0.0005238
1.671 0.0005227
1.672 0.0005216
1.673 0.0005205
1.673 0.0005194
1.673 0.0005184
1.674 0.0005173
1.675 0.0005162
1.675 0.0005152
1.675 0.0005141
1.676 0.0005131
1.677 0.000512
1.677 0.000511
1.677 0.00051
1.678 0.0005089
1.679 0.0005079
1.679 0.0005069
1.679 0.0005058
1.68 0.0005048
1.681 0.0005038
1.681 0.0005028
1.681 0.0005018
1.682 0.0005008
1.683 0.0004998
1.683 0.0004988
1.683 0.0004978
1.684 0.0004968
1.685 0.0004958
1.685 0.0004948
1.685 0.0004938
1.686 0.0004929
1.687 0.0004919
1.687 0.0004909
1.688 0.00049
1.688 0.000489
1.688 0.0004881
1.689 0.0004871
1.69 0.0004862
1.69 0.0004852
1.69 0.0004843
1.691 0.0004833
1.692 0.0004824
1.692 0.0004815
1.692 0.0004805
1.693 0.0004796
1.694 0.0004787
1.694 0.0004778
1.694 0.0004768
1.695 0.0004759
1.696 0.000475
1.696 0.0004741
1.696 0.0004732
1.697 0.0004723
1.698 0.0004714
1.698 0.0004705
1.698 0.0004696
1.699 0.0004688
1.7 0.0004679
1.7 0.000467
1.7 0.0004661
1.701 0.0004652
1.702 0.0004644
1.702 0.0004635
1.702 0.0004626
1.703 0.0004618
1.704 0.0004609
1.704 0.0004601
1.704 0.0004592
1.705 0.0004584
1.706 0.0004575
1.706 0.0004567
1.706 0.0004558
1.707 0.000455
1.708 0.0004542
1.708 0.0004533
1.708 0.0004525
1.709 0.0004517
1.71 0.0004509
1.71 0.0004501
1.71 0.0004492
1.711 0.0004484
1.712 0.0004476
1.712 0.0004468
1.712 0.000446
1.713 0.0004452
1.714 0.0004444
1.714 0.0004436
1.714 0.0004428
1.715 0.000442
1.716 0.0004412
1.716 0.0004405
1.716 0.0004397
1.717 0.0004389
1.718 0.0004381
1.718 0.0004374
1.718 0.0004366
1.719 0.0004358
1.72 0.000435
1.72 0.0004343
1.72 0.0004335
1.721 0.0004328
1.722 0.000432
1.722 0.0004313
1.722 0.0004305
1.723 0.0004298
1.724 0.000429
1.724 0.0004283
1.724 0.0004275
1.725 0.0004268
1.726 0.0004261
1.726 0.0004253
1.726 0.0004246
1.727 0.0004239
1.728 0.0004232
1.728 0.0004225
1.728 0.0004217
1.729 0.000421
1.73 0.0004203
1.73 0.0004196
1.73 0.0004189
1.731 0.0004182
1.732 0.0004175
1.732 0.0004168
1.732 0.0004161
1.733 0.0004154
1.734 0.0004147
1.734 0.000414
1.734 0.0004133
1.735 0.0004126
1.736 0.0004119
1.736 0.0004113
1.736 0.0004106
1.737 0.0004099
1.738 0.0004092
1.738 0.0004086
1.738 0.0004079
1.739 0.0004072
1.74 0.0004066
1.74 0.0004059
1.74 0.0004052
1.741 0.0004046
1.742 0.0004039
1.742 0.0004033
1.742 0.0004026
1.743 0.000402
1.744 0.0004013
1.744 0.0004007
1.744 0.0004
1.745 0.0003994
1.746 0.0003988
1.746 0.0003981
1.746 0.0003975
1.747 0.0003969
1.748 0.0003962
1.748 0.0003956
1.748 0.000395
1.749 0.0003944
1.75 0.0003937
1.75 0.0003931
1.75 0.0003925
1.751 0.0003919
1.752 0.0003913
1.752 0.0003907
1.752 0.00039
1.753 0.0003894
1.754 0.0003888
1.754 0.0003882
1.754 0.0003876
1.755 0.000387
1.756 0.0003864
1.756 0.0003859
1.756 0.0003853
1.757 0.0003847
1.758 0.0003841
1.758 0.0003835
1.758 0.0003829
1.759 0.0003823
1.76 0.0003818
1.76 0.0003812
1.76 0.0003806
1.761 0.00038
1.762 0.0003795
1.762 0.0003789
1.762 0.0003783
1.763 0.0003777
1.764 0.0003772
1.764 0.0003766
1.764 0.0003761
1.765 0.0003755
1.766 0.0003749
1.766 0.0003744
1.766 0.0003738
1.767 0.0003733
1.768 0.0003727
1.768 0.0003722
1.768 0.0003716
1.769 0.0003711
1.77 0.0003706
1.77 0.00037
1.77 0.0003695
1.771 0.0003689
1.772 0.0003684
1.772 0.0003679
1.772 0.0003673
1.773 0.0003668
1.774 0.0003663
1.774 0.0003658
1.774 0.0003652
1.775 0.0003647
1.776 0.0003642
1.776 0.0003637
1.776 0.0003632
1.777 0.0003626
1.778 0.0003621
1.778 0.0003616
1.778 0.0003611
1.779 0.0003606
1.78 0.0003601
1.78 0.0003596
1.78 0.0003591
1.781 0.0003586
1.782 0.0003581
1.782 0.0003576
1.782 0.0003571
1.783 0.0003566
1.784 0.0003561
1.784 0.0003556
1.784 0.0003551
1.785 0.0003546
1.786 0.0003542
1.786 0.0003537
1.786 0.0003532
1.787 0.0003527
1.788 0.0003522
1.788 0.0003518
1.788 0.0003513
1.789 0.0003508
1.79 0.0003503
1.79 0.0003499
1.79 0.0003494
1.791 0.0003489
1.792 0.0003484
1.792 0.000348
1.792 0.0003475
1.793 0.0003471
1.794 0.0003466
1.794 0.0003461
1.794 0.0003457
1.795 0.0003452
1.796 0.0003448
1.796 0.0003443
1.796 0.0003439
1.797 0.0003434
1.798 0.000343
1.798 0.0003425
1.798 0.0003421
1.799 0.0003416
1.8 0.0003412
1.8 0.0003407
1.8 0.0003403
1.801 0.0003399
1.802 0.0003394
1.802 0.000339
1.802 0.0003386
1.803 0.0003381
1.804 0.0003377
1.804 0.0003373
1.804 0.0003368
1.805 0.0003364
1.806 0.000336
1.806 0.0003356
1.806 0.0003352
1.807 0.0003347
1.808 0.0003343
1.808 0.0003339
1.808 0.0003335
1.809 0.0003331
1.81 0.0003326
1.81 0.0003322
1.81 0.0003318
1.811 0.0003314
1.812 0.000331
1.812 0.0003306
1.812 0.0003302
1.813 0.0003298
1.813 0.0003294
1.814 0.000329
1.815 0.0003286
1.815 0.0003282
1.815 0.0003278
1.816 0.0003274
1.817 0.000327
1.817 0.0003266
1.817 0.0003262
1.818 0.0003258
1.819 0.0003254
1.819 0.0003251
1.819 0.0003247
1.82 0.0003243
1.821 0.0003239
1.821 0.0003235
1.821 0.0003231
1.822 0.0003228
1.823 0.0003224
1.823 0.000322
1.823 0.0003216
1.824 0.0003213
1.825 0.0003209
1.825 0.0003205
1.825 0.0003201
1.826 0.0003198
1.827 0.0003194
1.827 0.000319
1.827 0.0003187
1.828 0.0003183
1.829 0.0003179
1.829 0.0003176
1.829 0.0003172
1.83 0.0003169
1.831 0.0003165
1.831 0.0003161
1.831 0.0003158
1.832 0.0003154
1.833 0.0003151
1.833 0.0003147
1.833 0.0003144
1.834 0.000314
1.835 0.0003137
1.835 0.0003133
1.835 0.000313
1.836 0.0003126
1.837 0.0003123
1.837 0.000312
1.837 0.0003116
1.838 0.0003113
1.839 0.0003109
1.839 0.0003106
1.839 0.0003103
1.84 0.0003099
1.841 0.0003096
1.841 0.0003093
1.841 0.0003089
1.842 0.0003086
1.843 0.0003083
1.843 0.0003079
1.843 0.0003076
1.844 0.0003073
1.845 0.000307
1.845 0.0003066
1.845 0.0003063
1.846 0.000306
1.847 0.0003057
1.847 0.0003054
1.847 0.000305
1.848 0.0003047
1.849 0.0003044
1.849 0.0003041
1.849 0.0003038
1.85 0.0003035
1.851 0.0003032
1.851 0.0003028
1.851 0.0003025
1.852 0.0003022
1.853 0.0003019
1.853 0.0003016
1.853 0.0003013
1.854 0.000301
1.855 0.0003007
1.855 0.0003004
1.855 0.0003001
1.856 0.0002998
1.857 0.0002995
1.857 0.0002992
1.857 0.0002989
1.858 0.0002986
1.859 0.0002983
1.859 0.000298
1.859 0.0002977
1.86 0.0002974
1.861 0.0002972
1.861 0.0002969
1.861 0.0002966
1.862 0.0002963
1.863 0.000296
1.863 0.0002957
1.863 0.0002954
1.864 0.0002952
1.865 0.0002949
1.865 0.0002946
1.865 0.0002943
1.866 0.000294
1.867 0.0002938
1.867 0.0002935
1.867 0.0002932
1.868 0.0002929
1.869 0.0002927
1.869 0.0002924
1.869 0.0002921
1.87 0.0002918
1.871 0.0002916
1.871 0.0002913
1.871 0.000291
1.872 0.0002908
1.873 0.0002905
1.873 0.0002902
1.873 0.00029
1.874 0.0002897
1.875 0.0002895
1.875 0.0002892
1.875 0.0002889
1.876 0.0002887
1.877 0.0002884
1.877 0.0002882
1.877 0.0002879
1.878 0.0002877
1.879 0.0002874
1.879 0.0002872
1.879 0.0002869
1.88 0.0002867
1.881 0.0002864
1.881 0.0002862
1.881 0.0002859
1.882 0.0002857
1.883 0.0002854
1.883 0.0002852
1.883 0.0002849
1.884 0.0002847
1.885 0.0002844
1.885 0.0002842
1.885 0.000284
1.886 0.0002837
1.887 0.0002835
1.887 0.0002832
1.887 0.000283
1.888 0.0002828
1.889 0.0002825
1.889 0.0002823
1.889 0.0002821
1.89 0.0002818
1.891 0.0002816
1.891 0.0002814
1.891 0.0002812
1.892 0.0002809
1.893 0.0002807
1.893 0.0002805
1.893 0.0002802
1.894 0.00028
1.895 0.0002798
1.895 0.0002796
1.895 0.0002794
1.896 0.0002791
1.897 0.0002789
1.897 0.0002787
1.897 0.0002785
1.898 0.0002783
1.899 0.000278
1.899 0.0002778
1.899 0.0002776
1.9 0.0002774
1.901 0.0002772
1.901 0.000277
1.901 0.0002768
1.902 0.0002766
1.903 0.0002763
1.903 0.0002761
1.903 0.0002759
1.904 0.0002757
1.905 0.0002755
1.905 0.0002753
1.905 0.0002751
1.906 0.0002749
1.907 0.0002747
1.907 0.0002745
1.907 0.0002743
1.908 0.0002741
1.909 0.0002739
1.909 0.0002737
1.909 0.0002735
1.91 0.0002733
1.911 0.0002731
1.911 0.0002729
1.911 0.0002727
1.912 0.0002725
1.913 0.0002723
1.913 0.0002722
1.913 0.000272
1.914 0.0002718
1.915 0.0002716
1.915 0.0002714
1.915 0.0002712
1.916 0.000271
1.917 0.0002708
1.917 0.0002707
1.917 0.0002705
1.918 0.0002703
1.919 0.0002701
1.919 0.0002699
1.919 0.0002698
1.92 0.0002696
1.921 0.0002694
1.921 0.0002692
1.921 0.000269
1.922 0.0002689
1.923 0.0002687
1.923 0.0002685
1.923 0.0002683
1.924 0.0002682
1.925 0.000268
1.925 0.0002678
1.925 0.0002677
1.926 0.0002675
1.927 0.0002673
1.927 0.0002671
1.927 0.000267
1.928 0.0002668
1.929 0.0002666
1.929 0.0002665
1.929 0.0002663
1.93 0.0002662
1.931 0.000266
1.931 0.0002658
1.931 0.0002657
1.932 0.0002655
1.933 0.0002654
1.933 0.0002652
1.933 0.000265
1.934 0.0002649
1.935 0.0002647
1.935 0.0002646
1.935 0.0002644
1.936 0.0002643
1.937 0.0002641
1.937 0.000264
1.938 0.0002638
1.938 0.0002637
1.938 0.0002635
1.939 0.0002634
1.94 0.0002632
1.94 0.0002631
1.94 0.0002629
1.941 0.0002628
1.942 0.0002626
1.942 0.0002625
1.942 0.0002623
1.943 0.0002622
1.944 0.0002621
1.944 0.0002619
1.944 0.0002618
1.945 0.0002616
1.946 0.0002615
1.946 0.0002614
1.946 0.0002612
1.947 0.0002611
1.948 0.0002609
1.948 0.0002608
1.948 0.0002607
1.949 0.0002605
1.95 0.0002604
1.95 0.0002603
1.95 0.0002602
1.951 0.00026
1.952 0.0002599
1.952 0.0002598
1.952 0.0002596
1.953 0.0002595
1.954 0.0002594
1.954 0.0002593
1.954 0.0002591
1.955 0.000259
1.956 0.0002589
1.956 0.0002588
1.956 0.0002586
1.957 0.0002585
1.958 0.0002584
1.958 0.0002583
1.958 0.0002582
1.959 0.000258
1.96 0.0002579
1.96 0.0002578
1.96 0.0002577
1.961 0.0002576
1.962 0.0002575
1.962 0.0002573
1.962 0.0002572
1.963 0.0002571
1.964 0.000257
1.964 0.0002569
1.964 0.0002568
1.965 0.0002567
1.966 0.0002566
1.966 0.0002565
1.966 0.0002564
1.967 0.0002563
1.968 0.0002561
1.968 0.000256
1.968 0.0002559
1.969 0.0002558
1.97 0.0002557
1.97 0.0002556
1.97 0.0002555
1.971 0.0002554
1.972 0.0002553
1.972 0.0002552
1.972 0.0002551
1.973 0.000255
1.974 0.0002549
1.974 0.0002548
1.974 0.0002548
1.975 0.0002547
1.976 0.0002546
1.976 0.0002545
1.976 0.0002544
1.977 0.0002543
1.978 0.0002542
1.978 0.0002541
1.978 0.000254
1.979 0.0002539
1.98 0.0002538
1.98 0.0002538
1.98 0.0002537
1.981 0.0002536
1.982 0.0002535
1.982 0.0002534
1.982 0.0002533
1.983 0.0002532
1.984 0.0002532
1.984 0.0002531
1.984 0.000253
1.985 0.0002529
1.986 0.0002528
1.986 0.0002528
1.986 0.0002527
1.987 0.0002526
1.988 0.0002525
1.988 0.0002525
1.988 0.0002524
1.989 0.0002523
1.99 0.0002522
1.99 0.0002522
1.99 0.0002521
1.991 0.000252
1.992 0.000252
1.992 0.0002519
1.992 0.0002518
1.993 0.0002518
1.994 0.0002517
1.994 0.0002516
1.994 0.0002516
1.995 0.0002515
1.996 0.0002514
1.996 0.0002514
1.996 0.0002513
1.997 0.0002512
1.998 0.0002512
1.998 0.0002511
1.998 0.0002511
1.999 0.000251
2 0.0002509
2 0.0002509
2.001 0.0002508
2.001 0.0002508
2.002 0.0002507
2.002 0.0002507
2.002 0.0002506
2.003 0.0002505
2.003 0.0002505
2.004 0.0002504
2.005 0.0002504
2.005 0.0002503
2.006 0.0002503
2.006 0.0002502
2.006 0.0002502
2.007 0.0002501
2.007 0.0002501
2.008 0.00025
2.009 0.00025
2.009 0.00025
2.01 0.0002499
2.01 0.0002499
2.01 0.0002498
2.011 0.0002498
2.011 0.0002497
2.012 0.0002497
2.013 0.0002497
2.013 0.0002496
2.014 0.0002496
2.014 0.0002496
2.014 0.0002495
2.015 0.0002495
2.015 0.0002494
2.016 0.0002494
2.017 0.0002494
2.017 0.0002493
2.018 0.0002493
2.018 0.0002493
2.018 0.0002492
2.019 0.0002492
2.019 0.0002492
2.02 0.0002492
2.021 0.0002491
2.021 0.0002491
2.022 0.0002491
2.022 0.000249
2.022 0.000249
2.023 0.000249
2.023 0.000249
2.024 0.000249
2.025 0.0002489
2.025 0.0002489
2.026 0.0002489
2.026 0.0002489
2.026 0.0002489
2.027 0.0002488
2.027 0.0002488
2.028 0.0002488
2.029 0.0002488
2.029 0.0002488
2.03 0.0002488
2.03 0.0002487
2.03 0.0002487
2.031 0.0002487
2.031 0.0002487
2.032 0.0002487
2.033 0.0002487
2.033 0.0002487
2.034 0.0002487
2.034 0.0002487
2.034 0.0002486
2.035 0.0002486
2.035 0.0002486
2.036 0.0002486
2.037 0.0002486
2.037 0.0002486
2.038 0.0002486
2.038 0.0002486
2.038 0.0002486
2.039 0.0002486
2.039 0.0002486
2.04 0.0002486
2.041 0.0002486
2.041 0.0002486
2.042 0.0002486
2.042 0.0002486
2.042 0.0002486
2.043 0.0002486
2.043 0.0002486
2.044 0.0002486
2.045 0.0002487
2.045 0.0002487
2.046 0.0002487
2.046 0.0002487
2.046 0.0002487
2.047 0.0002487
2.047 0.0002487
2.048 0.0002487
2.049 0.0002487
2.049 0.0002488
2.05 0.0002488
2.05 0.0002488
2.05 0.0002488
2.051 0.0002488
2.051 0.0002488
2.052 0.0002489
2.053 0.0002489
2.053 0.0002489
2.054 0.0002489
2.054 0.0002489
2.054 0.000249
2.055 0.000249
2.055 0.000249
2.056 0.000249
2.057 0.0002491
2.057 0.0002491
2.058 0.0002491
2.058 0.0002492
2.058 0.0002492
2.059 0.0002492
2.059 0.0002492
2.06 0.0002493
2.061 0.0002493
2.061 0.0002493
2.062 0.0002494
2.062 0.0002494
2.062 0.0002494
2.063 0.0002495
2.063 0.0002495
2.064 0.0002496
2.064 0.0002496
2.065 0.0002496
2.066 0.0002497
2.066 0.0002497
2.067 0.0002498
2.067 0.0002498
2.067 0.0002498
2.068 0.0002499
2.068 0.0002499
2.069 0.00025
2.07 0.00025
2.07 0.0002501
2.071 0.0002501
2.071 0.0002502
2.071 0.0002502
2.072 0.0002503
2.072 0.0002503
2.073 0.0002504
2.074 0.0002504
2.074 0.0002505
2.075 0.0002505
2.075 0.0002506
2.075 0.0002507
2.076 0.0002507
2.076 0.0002508
2.077 0.0002508
2.078 0.0002509
2.078 0.0002509
2.079 0.000251
2.079 0.0002511
2.079 0.0002511
2.08 0.0002512
2.08 0.0002513
2.081 0.0002513
2.082 0.0002514
2.082 0.0002515
2.083 0.0002515
2.083 0.0002516
2.083 0.0002517
2.084 0.0002517
2.084 0.0002518
2.085 0.0002519
2.086 0.000252
2.086 0.000252
2.087 0.0002521
2.087 0.0002522
2.087 0.0002523
2.088 0.0002523
2.088 0.0002524
2.089 0.0002525
2.09 0.0002526
2.09 0.0002527
2.091 0.0002527
2.091 0.0002528
2.091 0.0002529
2.092 0.000253
2.092 0.0002531
2.093 0.0002532
2.094 0.0002532
2.094 0.0002533
2.095 0.0002534
2.095 0.0002535
2.095 0.0002536
2.096 0.0002537
2.096 0.0002538
2.097 0.0002539
2.098 0.000254
2.098 0.0002541
2.099 0.0002542
2.099 0.0002543
2.099 0.0002544
2.1 0.0002545
2.1 0.0002546
2.101 0.0002547
2.102 0.0002548
2.102 0.0002549
2.103 0.000255
2.103 0.0002551
2.103 0.0002552
2.104 0.0002553
2.104 0.0002554
2.105 0.0002555
2.106 0.0002556
2.106 0.0002557
2.107 0.0002558
2.107 0.0002559
2.107 0.0002561
2.108 0.0002562
2.108 0.0002563
2.109 0.0002564
2.11 0.0002565
2.11 0.0002566
2.111 0.0002567
2.111 0.0002569
2.111 0.000257
2.112 0.0002571
2.112 0.0002572
2.113 0.0002574
2.114 0.0002575
2.114 0.0002576
2.115 0.0002577
2.115 0.0002579
2.115 0.000258
2.116 0.0002581
2.116 0.0002582
2.117 0.0002584
2.118 0.0002585
2.118 0.0002586
2.119 0.0002588
2.119 0.0002589
2.119 0.000259
2.12 0.0002592
2.12 0.0002593
2.121 0.0002595
2.122 0.0002596
2.122 0.0002597
2.123 0.0002599
2.123 0.00026
2.123 0.0002602
2.124 0.0002603
2.124 0.0002605
2.125 0.0002606
2.126 0.0002607
2.126 0.0002609
2.127 0.000261
2.127 0.0002612
2.127 0.0002613
2.128 0.0002615
2.128 0.0002617
2.129 0.0002618
2.13 0.000262
2.13 0.0002621
2.131 0.0002623
2.131 0.0002624
2.131 0.0002626
2.132 0.0002628
2.132 0.0002629
2.133 0.0002631
2.134 0.0002633
2.134 0.0002634
2.135 0.0002636
2.135 0.0002638
2.135 0.0002639
2.136 0.0002641
2.136 0.0002643
2.137 0.0002644
2.138 0.0002646
2.138 0.0002648
2.139 0.000265
2.139 0.0002651
2.139 0.0002653
2.14 0.0002655
2.14 0.0002657
2.141 0.0002659
2.142 0.000266
2.142 0.0002662
2.143 0.0002664
2.143 0.0002666
2.143 0.0002668
2.144 0.000267
2.144 0.0002672
2.145 0.0002673
2.146 0.0002675
2.146 0.0002677
2.147 0.0002679
2.147 0.0002681
2.147 0.0002683
2.148 0.0002685
2.148 0.0002687
2.149 0.0002689
2.15 0.0002691
2.15 0.0002693
2.151 0.0002695
2.151 0.0002697
2.151 0.0002699
2.152 0.0002701
2.152 0.0002703
2.153 0.0002705
2.154 0.0002708
2.154 0.000271
2.155 0.0002712
2.155 0.0002714
2.155 0.0002716
2.156 0.0002718
2.156 0.000272
2.157 0.0002723
2.158 0.0002725
2.158 0.0002727
2.159 0.0002729
2.159 0.0002732
2.159 0.0002734
2.16 0.0002736
2.16 0.0002738
2.161 0.0002741
2.162 0.0002743
2.162 0.0002745
2.163 0.0002748
2.163 0.000275
2.163 0.0002752
2.164 0.0002755
2.164 0.0002757
2.165 0.0002759
2.166 0.0002762
2.166 0.0002764
2.167 0.0002767
2.167 0.0002769
2.167 0.0002772
2.168 0.0002774
2.168 0.0002777
2.169 0.0002779
2.17 0.0002782
2.17 0.0002784
2.171 0.0002787
2.171 0.0002789
2.171 0.0002792
2.172 0.0002794
2.172 0.0002797
2.173 0.00028
2.174 0.0002802
2.174 0.0002805
2.175 0.0002808
2.175 0.000281
2.175 0.0002813
2.176 0.0002816
2.176 0.0002818
2.177 0.0002821
2.178 0.0002824
2.178 0.0002826
2.179 0.0002829
2.179 0.0002832
2.179 0.0002835
2.18 0.0002838
2.18 0.000284
2.181 0.0002843
2.182 0.0002846
2.182 0.0002849
2.183 0.0002852
2.183 0.0002855
2.183 0.0002858
2.184 0.0002861
2.184 0.0002864
2.185 0.0002867
2.186 0.000287
2.186 0.0002873
2.187 0.0002876
2.187 0.0002879
2.188 0.0002882
2.188 0.0002885
2.188 0.0002888
2.189 0.0002891
2.189 0.0002894
2.19 0.0002897
2.191 0.00029
2.191 0.0002903
2.192 0.0002907
2.192 0.000291
2.192 0.0002913
2.193 0.0002916
2.193 0.0002919
2.194 0.0002923
2.195 0.0002926
2.195 0.0002929
2.196 0.0002932
2.196 0.0002936
2.196 0.0002939
2.197 0.0002942
2.197 0.0002946
2.198 0.0002949
2.199 0.0002953
2.199 0.0002956
2.2 0.0002959
2.2 0.0002963
2.2 0.0002966
2.201 0.000297
2.201 0.0002973
2.202 0.0002977
2.203 0.000298
2.203 0.0002984
2.204 0.0002988
2.204 0.0002991
2.204 0.0002995
2.205 0.0002998
2.205 0.0003002
2.206 0.0003006
2.207 0.0003009
2.207 0.0003013
2.208 0.0003017
2.208 0.0003021
2.208 0.0003024
2.209 0.0003028
2.209 0.0003032
2.21 0.0003036
2.211 0.000304
2.211 0.0003043
2.212 0.0003047
2.212 0.0003051
2.212 0.0003055
2.213 0.0003059
2.213 0.0003063
2.214 0.0003067
2.215 0.0003071
2.215 0.0003075
2.216 0.0003079
2.216 0.0003083
2.216 0.0003087
2.217 0.0003091
2.217 0.0003095
2.218 0.0003099
2.219 0.0003103
2.219 0.0003108
2.22 0.0003112
2.22 0.0003116
2.22 0.000312
2.221 0.0003124
2.221 0.0003129
2.222 0.0003133
2.223 0.0003137
2.223 0.0003142
2.224 0.0003146
2.224 0.000315
2.224 0.0003155
2.225 0.0003159
2.225 0.0003164
2.226 0.0003168
2.227 0.0003173
2.227 0.0003177
2.228 0.0003182
2.228 0.0003186
2.228 0.0003191
2.229 0.0003195
2.229 0.00032
2.23 0.0003205
2.231 0.0003209
2.231 0.0003214
2.232 0.0003219
2.232 0.0003223
2.232 0.0003228
2.233 0.0003233
2.233 0.0003238
2.234 0.0003243
2.235 0.0003247
2.235 0.0003252
2.236 0.0003257
2.236 0.0003262
2.236 0.0003267
2.237 0.0003272
2.237 0.0003277
2.238 0.0003282
2.239 0.0003287
2.239 0.0003292
2.24 0.0003297
2.24 0.0003302
2.24 0.0003307
2.241 0.0003313
2.241 0.0003318
2.242 0.0003323
2.243 0.0003328
2.243 0.0003334
2.244 0.0003339
2.244 0.0003344
2.244 0.0003349
2.245 0.0003355
2.245 0.000336
2.246 0.0003366
2.247 0.0003371
2.247 0.0003377
2.248 0.0003382
2.248 0.0003388
2.248 0.0003393
2.249 0.0003399
2.249 0.0003404
2.25 0.000341
2.251 0.0003416
2.251 0.0003421
2.252 0.0003427
2.252 0.0003433
2.252 0.0003439
2.253 0.0003444
2.253 0.000345
2.254 0.0003456
2.255 0.0003462
2.255 0.0003468
2.256 0.0003474
2.256 0.000348
2.256 0.0003486
2.257 0.0003492
2.257 0.0003498
2.258 0.0003504
2.259 0.000351
2.259 0.0003516
2.26 0.0003523
2.26 0.0003529
2.26 0.0003535
2.261 0.0003541
2.261 0.0003548
2.262 0.0003554
2.263 0.000356
2.263 0.0003567
2.264 0.0003573
2.264 0.000358
2.264 0.0003586
2.265 0.0003593
2.265 0.0003599
2.266 0.0003606
2.267 0.0003613
2.267 0.0003619
2.268 0.0003626
2.268 0.0003633
2.268 0.0003639
2.269 0.0003646
2.269 0.0003653
2.27 0.000366
2.271 0.0003667
2.271 0.0003674
2.272 0.0003681
2.272 0.0003688
2.272 0.0003695
2.273 0.0003702
2.273 0.0003709
2.274 0.0003716
2.275 0.0003723
2.275 0.0003731
2.276 0.0003738
2.276 0.0003745
2.276 0.0003753
2.277 0.000376
2.277 0.0003767
2.278 0.0003775
2.279 0.0003782
2.279 0.000379
2.28 0.0003797
2.28 0.0003805
2.28 0.0003813
2.281 0.000382
2.281 0.0003828
2.282 0.0003836
2.283 0.0003843
2.283 0.0003851
2.284 0.0003859
2.284 0.0003867
2.284 0.0003875
2.285 0.0003883
2.285 0.0003891
2.286 0.0003899
2.287 0.0003907
2.287 0.0003915
2.288 0.0003924
2.288 0.0003932
2.288 0.000394
2.289 0.0003948
2.289 0.0003957
2.29 0.0003965
2.291 0.0003974
2.291 0.0003982
2.292 0.0003991
2.292 0.0003999
2.292 0.0004008
2.293 0.0004017
2.293 0.0004025
2.294 0.0004034
2.295 0.0004043
2.295 0.0004052
2.296 0.0004061
2.296 0.000407
2.296 0.0004079
2.297 0.0004088
2.297 0.0004097
2.298 0.0004106
2.299 0.0004115
2.299 0.0004124
2.3 0.0004134
2.3 0.0004143
2.3 0.0004152
2.301 0.0004162
2.301 0.0004171
2.302 0.0004181
2.303 0.000419
2.303 0.00042
2.304 0.000421
2.304 0.0004219
2.304 0.0004229
2.305 0.0004239
2.305 0.0004249
2.306 0.0004259
2.307 0.0004269
2.307 0.0004279
2.308 0.0004289
2.308 0.0004299
2.308 0.0004309
2.309 0.000432
2.309 0.000433
2.31 0.000434
2.311 0.0004351
2.311 0.0004361
2.312 0.0004372
2.312 0.0004382
2.312 0.0004393
2.313 0.0004404
2.313 0.0004414
2.314 0.0004425
2.314 0.0004436
2.315 0.0004447
2.316 0.0004458
2.316 0.0004469
2.317 0.000448
2.317 0.0004491
2.317 0.0004503
2.318 0.0004514
2.318 0.0004525
2.319 0.0004537
2.32 0.0004548
2.32 0.000456
2.321 0.0004571
2.321 0.0004583
2.321 0.0004595
2.322 0.0004607
2.322 0.0004619
2.323 0.0004631
2.324 0.0004643
2.324 0.0004655
2.325 0.0004667
2.325 0.0004679
2.325 0.0004691
2.326 0.0004704
2.326 0.0004716
2.327 0.0004728
2.328 0.0004741
2.328 0.0004754
2.329 0.0004766
2.329 0.0004779
2.329 0.0004792
2.33 0.0004805
2.33 0.0004818
2.331 0.0004831
2.332 0.0004844
2.332 0.0004857
2.333 0.0004871
2.333 0.0004884
2.333 0.0004897
2.334 0.0004911
2.334 0.0004924
2.335 0.0004938
2.336 0.0004952
2.336 0.0004966
2.337 0.000498
2.337 0.0004994
2.337 0.0005008
2.338 0.0005022
2.338 0.0005036
2.339 0.000505
2.34 0.0005065
2.34 0.0005079
2.341 0.0005094
2.341 0.0005108
2.341 0.0005123
2.342 0.0005138
2.342 0.0005153
2.343 0.0005168
2.344 0.0005183
2.344 0.0005198
2.345 0.0005213
2.345 0.0005229
2.345 0.0005244
2.346 0.000526
2.346 0.0005275
2.347 0.0005291
2.348 0.0005307
2.348 0.0005323
2.349 0.0005339
2.349 0.0005355
2.349 0.0005371
2.35 0.0005387
2.35 0.0005403
2.351 0.000542
2.352 0.0005436
2.352 0.0005453
2.353 0.000547
2.353 0.0005487
2.353 0.0005504
2.354 0.0005521
2.354 0.0005538
2.355 0.0005555
2.356 0.0005573
2.356 0.000559
2.357 0.0005608
2.357 0.0005626
2.357 0.0005643
2.358 0.0005661
2.358 0.0005679
2.359 0.0005697
2.36 0.0005716
2.36 0.0005734
2.361 0.0005753
2.361 0.0005771
2.361 0.000579
2.362 0.0005809
2.362 0.0005828
2.363 0.0005847
2.364 0.0005866
2.364 0.0005885
2.365 0.0005905
2.365 0.0005924
2.365 0.0005944
2.366 0.0005964
2.366 0.0005984
2.367 0.0006004
2.368 0.0006024
2.368 0.0006044
2.369 0.0006065
2.369 0.0006085
2.369 0.0006106
2.37 0.0006127
2.37 0.0006148
2.371 0.0006169
2.372 0.000619
2.372 0.0006211
2.373 0.0006233
2.373 0.0006255
2.373 0.0006276
2.374 0.0006298
2.374 0.000632
2.375 0.0006343
2.376 0.0006365
2.376 0.0006388
2.377 0.000641
2.377 0.0006433
2.377 0.0006456
2.378 0.0006479
2.378 0.0006502
2.379 0.0006526
2.38 0.0006549
2.38 0.0006573
2.381 0.0006597
2.381 0.0006621
2.381 0.0006645
2.382 0.000667
2.382 0.0006694
2.383 0.0006719
2.384 0.0006744
2.384 0.0006769
2.385 0.0006794
2.385 0.0006819
2.385 0.0006845
2.386 0.0006871
2.386 0.0006897
2.387 0.0006923
2.388 0.0006949
2.388 0.0006975
2.389 0.0007002
2.389 0.0007029
2.389 0.0007056
2.39 0.0007083
2.39 0.000711
2.391 0.0007138
2.392 0.0007166
2.392 0.0007194
2.393 0.0007222
2.393 0.000725
2.393 0.0007279
2.394 0.0007307
2.394 0.0007336
2.395 0.0007365
2.396 0.0007395
2.396 0.0007424
2.397 0.0007454
2.397 0.0007484
2.397 0.0007514
2.398 0.0007545
2.398 0.0007575
2.399 0.0007606
2.4 0.0007637
2.4 0.0007669
2.401 0.00077
2.401 0.0007732
2.401 0.0007764
2.402 0.0007796
2.402 0.0007829
2.403 0.0007861
2.404 0.0007894
2.404 0.0007927
2.405 0.0007961
2.405 0.0007994
2.405 0.0008028
2.406 0.0008063
2.406 0.0008097
2.407 0.0008132
2.408 0.0008167
2.408 0.0008202
2.409 0.0008237
2.409 0.0008273
2.409 0.0008309
2.41 0.0008345
2.41 0.0008382
2.411 0.0008419
2.412 0.0008456
2.412 0.0008493
2.413 0.0008531
2.413 0.0008569
2.413 0.0008607
2.414 0.0008646
2.414 0.0008685
2.415 0.0008724
2.416 0.0008763
2.416 0.0008803
2.417 0.0008843
2.417 0.0008884
2.417 0.0008924
2.418 0.0008965
2.418 0.0009007
2.419 0.0009049
2.42 0.0009091
2.42 0.0009133
2.421 0.0009176
2.421 0.0009219
2.421 0.0009262
2.422 0.0009306
2.422 0.000935
2.423 0.0009394
2.424 0.0009439
2.424 0.0009484
2.425 0.000953
2.425 0.0009576
2.425 0.0009622
2.426 0.0009669
2.426 0.0009716
2.427 0.0009763
2.428 0.0009811
2.428 0.0009859
2.429 0.0009908
2.429 0.0009957
2.429 0.001001
2.43 0.001006
2.43 0.001011
2.431 0.001016
2.432 0.001021
2.432 0.001026
2.433 0.001031
2.433 0.001036
2.433 0.001042
2.434 0.001047
2.434 0.001052
2.435 0.001058
2.436 0.001063
2.436 0.001069
2.437 0.001074
2.437 0.00108
2.438 0.001086
2.438 0.001091
2.438 0.001097
2.439 0.001103
2.439 0.001109
2.44 0.001115
2.441 0.001121
2.441 0.001127
2.442 0.001133
2.442 0.001139
2.442 0.001145
2.443 0.001152
2.443 0.001158
2.444 0.001164
2.445 0.001171
2.445 0.001177
2.446 0.001184
2.446 0.00119
2.446 0.001197
2.447 0.001204
2.447 0.00121
2.448 0.001217
2.449 0.001224
2.449 0.001231
2.45 0.001238
2.45 0.001245
2.45 0.001252
2.451 0.00126
2.451 0.001267
2.452 0.001274
2.453 0.001282
2.453 0.001289
2.454 0.001297
2.454 0.001305
2.454 0.001312
2.455 0.00132
2.455 0.001328
2.456 0.001336
2.457 0.001344
2.457 0.001352
2.458 0.00136
2.458 0.001369
2.458 0.001377
2.459 0.001385
2.459 0.001394
2.46 0.001403
2.461 0.001411
2.461 0.00142
2.462 0.001429
2.462 0.001438
2.462 0.001447
2.463 0.001456
2.463 0.001465
2.464 0.001475
2.465 0.001484
2.465 0.001494
2.466 0.001503
2.466 0.001513
2.466 0.001523
2.467 0.001533
2.467 0.001543
2.468 0.001553
2.469 0.001563
2.469 0.001574
2.47 0.001584
2.47 0.001595
2.47 0.001606
2.471 0.001617
2.471 0.001627
2.472 0.001639
2.473 0.00165
2.473 0.001661
2.474 0.001672
2.474 0.001684
2.474 0.001696
2.475 0.001708
2.475 0.001719
2.476 0.001732
2.477 0.001744
2.477 0.001756
2.478 0.001769
2.478 0.001781
2.478 0.001794
2.479 0.001807
2.479 0.00182
2.48 0.001833
2.481 0.001847
2.481 0.00186
2.482 0.001874
2.482 0.001888
2.482 0.001902
2.483 0.001916
2.483 0.00193
2.484 0.001945
2.485 0.00196
2.485 0.001974
2.486 0.001989
2.486 0.002005
2.486 0.00202
2.487 0.002036
2.487 0.002052
2.488 0.002068
2.489 0.002084
2.489 0.0021
2.49 0.002117
2.49 0.002134
2.49 0.002151
2.491 0.002168
2.491 0.002185
2.492 0.002203
2.493 0.002221
2.493 0.002239
2.494 0.002257
2.494 0.002276
2.494 0.002295
2.495 0.002314
2.495 0.002333
2.496 0.002353
2.497 0.002372
2.497 0.002393
2.498 0.002413
2.498 0.002434
2.498 0.002455
2.499 0.002476
2.499 0.002497
2.5 0.002519
2.501 0.002541
2.501 0.002563
2.502 0.002586
2.502 0.002609
2.502 0.002632
2.503 0.002656
2.503 0.00268
2.504 0.002704
2.505 0.002729
2.505 0.002754
2.506 0.00278
2.506 0.002805
2.506 0.002831
2.507 0.002858
2.507 0.002885
2.508 0.002912
2.509 0.00294
2.509 0.002968
2.51 0.002996
2.51 0.003025
2.51 0.003055
2.511 0.003084
2.511 0.003115
2.512 0.003145
2.513 0.003177
2.513 0.003208
2.514 0.00324
2.514 0.003273
2.514 0.003306
2.515 0.00334
2.515 0.003374
2.516 0.003409
2.517 0.003444
2.517 0.00348
2.518 0.003517
2.518 0.003554
2.518 0.003591
2.519 0.00363
2.519 0.003669
2.52 0.003708
2.521 0.003749
2.521 0.003789
2.522 0.003831
2.522 0.003873
2.522 0.003916
2.523 0.00396
2.523 0.004005
2.524 0.00405
2.525 0.004096
2.525 0.004143
2.526 0.004191
2.526 0.004239
2.526 0.004289
2.527 0.004339
2.527 0.00439
2.528 0.004442
2.529 0.004496
2.529 0.00455
2.53 0.004605
2.53 0.004661
2.53 0.004718
2.531 0.004776
2.531 0.004836
2.532 0.004896
2.533 0.004958
2.533 0.005021
2.534 0.005085
2.534 0.00515
2.534 0.005217
2.535 0.005285
2.535 0.005354
2.536 0.005425
2.537 0.005497
2.537 0.005571
2.538 0.005646
2.538 0.005722
2.538 0.005801
2.539 0.005881
2.539 0.005962
2.54 0.006046
2.541 0.006131
2.541 0.006218
2.542 0.006307
2.542 0.006397
2.542 0.00649
2.543 0.006585
2.543 0.006682
2.544 0.006781
2.545 0.006882
2.545 0.006986
2.546 0.007092
2.546 0.007201
2.546 0.007312
2.547 0.007426
2.547 0.007542
2.548 0.007661
2.549 0.007783
2.549 0.007908
2.55 0.008036
2.55 0.008168
2.55 0.008302
2.551 0.00844
2.551 0.008582
2.552 0.008727
2.553 0.008875
2.553 0.009028
2.554 0.009184
2.554 0.009345
2.554 0.00951
2.555 0.00968
2.555 0.009854
2.556 0.01003
2.557 0.01022
2.557 0.01041
2.558 0.0106
2.558 0.0108
2.558 0.011
2.559 0.01122
2.559 0.01143
2.56 0.01166
2.561 0.01189
2.561 0.01212
2.562 0.01237
2.562 0.01262
2.562 0.01288
2.563 0.01315
2.563 0.01343
2.564 0.01371
2.564 0.01401
2.565 0.01431
2.566 0.01462
2.566 0.01495
2.567 0.01528
2.567 0.01563
2.567 0.01599
2.568 0.01636
2.568 0.01675
2.569 0.01714
2.57 0.01756
2.57 0.01798
2.571 0.01843
2.571 0.01889
2.571 0.01936
2.572 0.01986
2.572 0.02037
2.573 0.02091
2.574 0.02146
2.574 0.02204
2.575 0.02264
2.575 0.02327
2.575 0.02392
2.576 0.0246
2.576 0.02531
2.577 0.02605
2.578 0.02682
2.578 0.02763
2.579 0.02847
2.579 0.02935
2.579 0.03027
2.58 0.03124
2.58 0.03225
2.581 0.03332
2.582 0.03443
2.582 0.0356
2.583 0.03683
2.583 0.03813
2.583 0.03949
2.584 0.04093
2.584 0.04244
2.585 0.04404
2.586 0.04572
2.586 0.04751
2.587 0.04939
2.587 0.05139
2.587 0.05351
2.588 0.05576
2.588 0.05815
2.589 0.06069
2.59 0.0634
2.59 0.06628
2.591 0.06936
2.591 0.07265
2.591 0.07616
2.592 0.07993
2.592 0.08397
2.593 0.08831
2.594 0.09298
2.594 0.098
2.595 0.1034
2.595 0.1093
2.595 0.1156
2.596 0.1224
2.596 0.1299
2.597 0.1379
2.598 0.1467
2.598 0.1562
2.599 0.1666
2.599 0.1779
2.599 0.1902
2.6 0.2037
2.6 0.2185
2.601 0.2346
2.602 0.2522
2.602 0.2713
2.603 0.2922
2.603 0.3149
2.603 0.3394
2.604 0.3657
2.604 0.3939
2.605 0.4237
2.606 0.4548
2.606 0.4867
2.607 0.5189
2.607 0.5505
2.607 0.5803
2.608 0.6073
2.608 0.63
2.609 0.6474
2.61 0.6582
2.61 0.6619
2.611 0.6582
2.611 0.6474
2.611 0.63
2.612 0.6073
2.612 0.5803
2.613 0.5505
2.614 0.5189
2.614 0.4867
2.615 0.4548
2.615 0.4237
2.615 0.3939
2.616 0.3657
2.616 0.3394
2.617 0.3149
2.618 0.2922
2.618 0.2713
2.619 0.2522
2.619 0.2346
2.619 0.2185
2.62 0.2037
2.62 0.1902
2.621 0.1779
2.622 0.1666
2.622 0.1562
2.623 0.1467
2.623 0.1379
2.623 0.1299
2.624 0.1224
2.624 0.1156
2.625 0.1093
2.626 0.1034
2.626 0.098
2.627 0.09298
2.627 0.08831
2.627 0.08397
2.628 0.07993
2.628 0.07616
2.629 0.07265
2.63 0.06936
2.63 0.06628
2.631 0.0634
2.631 0.06069
2.631 0.05815
2.632 0.05576
2.632 0.05351
2.633 0.05139
2.634 0.04939
2.634 0.04751
2.635 0.04572
2.635 0.04404
2.635 0.04244
2.636 0.04093
2.636 0.03949
2.637 0.03813
2.638 0.03683
2.638 0.0356
2.639 0.03443
2.639 0.03332
2.639 0.03226
2.64 0.03124
2.64 0.03028
2.641 0.02935
2.642 0.02847
2.642 0.02763
2.643 0.02682
2.643 0.02605
2.643 0.02531
2.644 0.0246
2.644 0.02392
2.645 0.02327
2.646 0.02264
2.646 0.02204
2.647 0.02146
2.647 0.02091
2.647 0.02037
2.648 0.01986
2.648 0.01937
2.649 0.01889
2.65 0.01843
2.65 0.01799
2.651 0.01756
2.651 0.01715
2.651 0.01675
2.652 0.01636
2.652 0.01599
2.653 0.01563
2.654 0.01529
2.654 0.01495
2.655 0.01463
2.655 0.01431
2.655 0.01401
2.656 0.01371
2.656 0.01343
2.657 0.01315
2.658 0.01288
2.658 0.01262
2.659 0.01237
2.659 0.01213
2.659 0.01189
2.66 0.01166
2.66 0.01144
2.661 0.01122
2.662 0.01101
2.662 0.0108
2.663 0.0106
2.663 0.01041
2.663 0.01022
2.664 0.01004
2.664 0.009857
2.665 0.009683
2.666 0.009513
2.666 0.009348
2.667 0.009188
2.667 0.009031
2.667 0.008878
2.668 0.00873
2.668 0.008585
2.669 0.008443
2.67 0.008306
2.67 0.008171
2.671 0.00804
2.671 0.007912
2.671 0.007787
2.672 0.007665
2.672 0.007546
2.673 0.007429
2.674 0.007315
2.674 0.007204
2.675 0.007096
2.675 0.00699
2.675 0.006886
2.676 0.006785
2.676 0.006686
2.677 0.006589
2.678 0.006494
2.678 0.006401
2.679 0.00631
2.679 0.006222
2.679 0.006135
2.68 0.00605
2.68 0.005966
2.681 0.005885
2.682 0.005805
2.682 0.005727
2.683 0.00565
2.683 0.005575
2.683 0.005501
2.684 0.005429
2.684 0.005358
2.685 0.005289
2.686 0.005221
2.686 0.005155
2.687 0.005089
2.687 0.005025
2.688 0.004962
2.688 0.004901
2.688 0.00484
2.689 0.004781
2.689 0.004723
2.69 0.004666
2.691 0.004609
2.691 0.004554
2.692 0.0045
2.692 0.004447
2.692 0.004395
2.693 0.004344
2.693 0.004293
2.694 0.004244
2.695 0.004196
2.695 0.004148
2.696 0.004101
2.696 0.004055
2.696 0.00401
2.697 0.003965
2.697 0.003921
2.698 0.003878
2.699 0.003836
2.699 0.003795
2.7 0.003754
2.7 0.003713
2.7 0.003674
2.701 0.003635
2.701 0.003597
2.702 0.003559
2.703 0.003522
2.703 0.003486
2.704 0.00345
2.704 0.003414
2.704 0.00338
2.705 0.003345
2.705 0.003312
2.706 0.003279
2.707 0.003246
2.707 0.003214
2.708 0.003182
2.708 0.003151
2.708 0.00312
2.709 0.00309
2.709 0.00306
2.71 0.003031
2.711 0.003002
2.711 0.002974
2.712 0.002946
2.712 0.002918
2.712 0.002891
2.713 0.002864
2.713 0.002837
2.714 0.002811
2.715 0.002786
2.715 0.00276
2.716 0.002735
2.716 0.002711
2.716 0.002686
2.717 0.002662
2.717 0.002639
2.718 0.002615
2.719 0.002592
2.719 0.00257
2.72 0.002547
2.72 0.002525
2.72 0.002504
2.721 0.002482
2.721 0.002461
2.722 0.00244
2.723 0.00242
2.723 0.002399
2.724 0.002379
2.724 0.002359
2.724 0.00234
2.725 0.00232
2.725 0.002301
2.726 0.002283
2.727 0.002264
2.727 0.002246
2.728 0.002228
2.728 0.00221
2.728 0.002192
2.729 0.002175
2.729 0.002158
2.73 0.002141
2.731 0.002124
2.731 0.002107
2.732 0.002091
2.732 0.002075
2.732 0.002059
2.733 0.002043
2.733 0.002027
2.734 0.002012
2.735 0.001997
2.735 0.001982
2.736 0.001967
2.736 0.001952
2.736 0.001938
2.737 0.001923
2.737 0.001909
2.738 0.001895
2.739 0.001881
2.739 0.001868
2.74 0.001854
2.74 0.001841
2.74 0.001828
2.741 0.001815
2.741 0.001802
2.742 0.001789
2.743 0.001776
2.743 0.001764
2.744 0.001752
2.744 0.001739
2.744 0.001727
2.745 0.001716
2.745 0.001704
2.746 0.001692
2.747 0.001681
2.747 0.001669
2.748 0.001658
2.748 0.001647
2.748 0.001636
2.749 0.001625
2.749 0.001614
2.75 0.001603
2.751 0.001593
2.751 0.001582
2.752 0.001572
2.752 0.001562
2.752 0.001552
2.753 0.001542
2.753 0.001532
2.754 0.001522
2.755 0.001512
2.755 0.001503
2.756 0.001493
2.756 0.001484
2.756 0.001474
2.757 0.001465
2.757 0.001456
2.758 0.001447
2.759 0.001438
2.759 0.001429
2.76 0.00142
2.76 0.001412
2.76 0.001403
2.761 0.001395
2.761 0.001386
2.762 0.001378
2.763 0.00137
2.763 0.001361
2.764 0.001353
2.764 0.001345
2.764 0.001337
2.765 0.00133
2.765 0.001322
2.766 0.001314
2.767 0.001306
2.767 0.001299
2.768 0.001291
2.768 0.001284
2.768 0.001277
2.769 0.001269
2.769 0.001262
2.77 0.001255
2.771 0.001248
2.771 0.001241
2.772 0.001234
2.772 0.001227
2.772 0.00122
2.773 0.001214
2.773 0.001207
2.774 0.0012
2.775 0.001194
2.775 0.001187
2.776 0.001181
2.776 0.001174
2.776 0.001168
2.777 0.001162
2.777 0.001156
2.778 0.001149
2.779 0.001143
2.779 0.001137
2.78 0.001131
2.78 0.001125
2.78 0.001119
2.781 0.001114
2.781 0.001108
2.782 0.001102
2.783 0.001096
2.783 0.001091
2.784 0.001085
2.784 0.00108
2.784 0.001074
2.785 0.001069
2.785 0.001063
2.786 0.001058
2.787 0.001053
2.787 0.001047
2.788 0.001042
2.788 0.001037
2.788 0.001032
2.789 0.001027
2.789 0.001022
2.79 0.001017
2.791 0.001012
2.791 0.001007
2.792 0.001002
2.792 0.0009973
2.792 0.0009925
2.793 0.0009878
2.793 0.0009831
2.794 0.0009784
2.795 0.0009738
2.795 0.0009692
2.796 0.0009646
2.796 0.0009601
2.796 0.0009557
2.797 0.0009512
2.797 0.0009468
2.798 0.0009424
2.799 0.0009381
2.799 0.0009338
2.8 0.0009295
2.8 0.0009253
2.8 0.0009211
2.801 0.0009169
2.801 0.0009128
2.802 0.0009087
2.803 0.0009046
2.803 0.0009006
2.804 0.0008966
2.804 0.0008926
2.804 0.0008887
2.805 0.0008848
2.805 0.0008809
2.806 0.0008771
2.807 0.0008733
2.807 0.0008695
2.808 0.0008657
2.808 0.000862
2.808 0.0008583
2.809 0.0008546
2.809 0.000851
2.81 0.0008473
2.811 0.0008438
2.811 0.0008402
2.812 0.0008367
2.812 0.0008332
2.812 0.0008297
2.813 0.0008262
2.813 0.0008228
2.814 0.0008194
2.814 0.000816
2.815 0.0008127
2.816 0.0008093
2.816 0.000806
2.817 0.0008028
2.817 0.0007995
2.817 0.0007963
2.818 0.0007931
2.818 0.0007899
2.819 0.0007867
2.82 0.0007836
2.82 0.0007805
2.821 0.0007774
2.821 0.0007743
2.821 0.0007713
2.822 0.0007683
2.822 0.0007653
2.823 0.0007623
2.824 0.0007594
2.824 0.0007564
2.825 0.0007535
2.825 0.0007506
2.825 0.0007477
2.826 0.0007449
2.826 0.0007421
2.827 0.0007393
2.828 0.0007365
2.828 0.0007337
2.829 0.0007309
2.829 0.0007282
2.829 0.0007255
2.83 0.0007228
2.83 0.0007201
2.831 0.0007175
2.832 0.0007148
2.832 0.0007122
2.833 0.0007096
2.833 0.000707
2.833 0.0007045
2.834 0.0007019
2.834 0.0006994
2.835 0.0006969
2.836 0.0006944
2.836 0.0006919
2.837 0.0006895
2.837 0.000687
2.837 0.0006846
2.838 0.0006822
2.838 0.0006798
2.839 0.0006774
2.84 0.0006751
2.84 0.0006727
2.841 0.0006704
2.841 0.0006681
2.841 0.0006658
2.842 0.0006635
2.842 0.0006612
2.843 0.000659
2.844 0.0006568
2.844 0.0006545
2.845 0.0006523
2.845 0.0006501
2.845 0.000648
2.846 0.0006458
2.846 0.0006437
2.847 0.0006415
2.848 0.0006394
2.848 0.0006373
2.849 0.0006352
2.849 0.0006331
2.849 0.0006311
2.85 0.000629
2.85 0.000627
2.851 0.000625
2.852 0.000623
2.852 0.000621
2.853 0.000619
2.853 0.000617
2.853 0.0006151
2.854 0.0006131
2.854 0.0006112
2.855 0.0006093
2.856 0.0006074
2.856 0.0006055
2.857 0.0006036
2.857 0.0006017
2.857 0.0005999
2.858 0.000598
2.858 0.0005962
2.859 0.0005944
2.86 0.0005925
2.86 0.0005907
2.861 0.000589
2.861 0.0005872
2.861 0.0005854
2.862 0.0005837
2.862 0.0005819
2.863 0.0005802
2.864 0.0005785
2.864 0.0005768
2.865 0.0005751
2.865 0.0005734
2.865 0.0005717
2.866 0.00057
2.866 0.0005684
2.867 0.0005667
2.868 0.0005651
2.868 0.0005635
2.869 0.0005618
2.869 0.0005602
2.869 0.0005586
2.87 0.0005571
2.87 0.0005555
2.871 0.0005539
2.872 0.0005524
2.872 0.0005508
2.873 0.0005493
2.873 0.0005478
2.873 0.0005462
2.874 0.0005447
2.874 0.0005432
2.875 0.0005417
2.876 0.0005403
2.876 0.0005388
2.877 0.0005373
2.877 0.0005359
2.877 0.0005344
2.878 0.000533
2.878 0.0005316
2.879 0.0005301
2.88 0.0005287
2.88 0.0005273
2.881 0.0005259
2.881 0.0005246
2.881 0.0005232
2.882 0.0005218
2.882 0.0005205
2.883 0.0005191
2.884 0.0005178
2.884 0.0005164
2.885 0.0005151
2.885 0.0005138
2.885 0.0005125
2.886 0.0005112
2.886 0.0005099
2.887 0.0005086
2.888 0.0005073
2.888 0.000506
2.889 0.0005048
2.889 0.0005035
2.889 0.0005023
2.89 0.000501
2.89 0.0004998
2.891 0.0004986
2.892 0.0004973
2.892 0.0004961
2.893 0.0004949
2.893 0.0004937
2.893 0.0004925
2.894 0.0004914
2.894 0.0004902
2.895 0.000489
2.896 0.0004878
2.896 0.0004867
2.897 0.0004855
2.897 0.0004844
2.897 0.0004833
2.898 0.0004821
2.898 0.000481
2.899 0.0004799
2.9 0.0004788
2.9 0.0004777
2.901 0.0004766
2.901 0.0004755
2.901 0.0004744
2.902 0.0004733
2.902 0.0004723
2.903 0.0004712
2.904 0.0004701
2.904 0.0004691
2.905 0.000468
2.905 0.000467
2.905 0.000466
2.906 0.0004649
2.906 0.0004639
2.907 0.0004629
2.908 0.0004619
2.908 0.0004609
2.909 0.0004599
2.909 0.0004589
2.909 0.0004579
2.91 0.0004569
2.91 0.000456
2.911 0.000455
2.912 0.000454
2.912 0.0004531
2.913 0.0004521
2.913 0.0004512
2.913 0.0004502
2.914 0.0004493
2.914 0.0004484
2.915 0.0004475
2.916 0.0004465
2.916 0.0004456
2.917 0.0004447
2.917 0.0004438
2.917 0.0004429
2.918 0.000442
2.918 0.0004411
2.919 0.0004402
2.92 0.0004394
2.92 0.0004385
2.921 0.0004376
2.921 0.0004368
2.921 0.0004359
2.922 0.0004351
2.922 0.0004342
2.923 0.0004334
2.924 0.0004325
2.924 0.0004317
2.925 0.0004309
2.925 0.00043
2.925 0.0004292
2.926 0.0004284
2.926 0.0004276
2.927 0.0004268
2.928 0.000426
2.928 0.0004252
2.929 0.0004244
2.929 0.0004236
2.929 0.0004228
2.93 0.0004221
2.93 0.0004213
2.931 0.0004205
2.932 0.0004198
2.932 0.000419
2.933 0.0004183
2.933 0.0004175
2.933 0.0004168
2.934 0.000416
2.934 0.0004153
2.935 0.0004145
2.936 0.0004138
2.936 0.0004131
2.937 0.0004124
2.937 0.0004117
2.938 0.0004109
2.938 0.0004102
2.938 0.0004095
2.939 0.0004088
2.939 0.0004081
2.94 0.0004075
2.941 0.0004068
2.941 0.0004061
2.942 0.0004054
2.942 0.0004047
2.942 0.0004041
2.943 0.0004034
2.943 0.0004027
2.944 0.0004021
2.945 0.0004014
2.945 0.0004008
2.946 0.0004001
2.946 0.0003995
2.946 0.0003988
2.947 0.0003982
2.947 0.0003976
2.948 0.0003969
2.949 0.0003963
2.949 0.0003957
2.95 0.0003951
2.95 0.0003945
2.95 0.0003938
2.951 0.0003932
2.951 0.0003926
2.952 0.000392
2.953 0.0003914
2.953 0.0003908
2.954 0.0003903
2.954 0.0003897
2.954 0.0003891
2.955 0.0003885
2.955 0.0003879
2.956 0.0003874
2.957 0.0003868
2.957 0.0003862
2.958 0.0003857
2.958 0.0003851
2.958 0.0003845
2.959 0.000384
2.959 0.0003834
2.96 0.0003829
2.961 0.0003824
2.961 0.0003818
2.962 0.0003813
2.962 0.0003808
2.962 0.0003802
2.963 0.0003797
2.963 0.0003792
2.964 0.0003787
2.965 0.0003781
2.965 0.0003776
2.966 0.0003771
2.966 0.0003766
2.966 0.0003761
2.967 0.0003756
2.967 0.0003751
2.968 0.0003746
2.969 0.0003741
2.969 0.0003736
2.97 0.0003732
2.97 0.0003727
2.97 0.0003722
2.971 0.0003717
2.971 0.0003712
2.972 0.0003708
2.973 0.0003703
2.973 0.0003698
2.974 0.0003694
2.974 0.0003689
2.974 0.0003685
2.975 0.000368
2.975 0.0003676
2.976 0.0003671
2.977 0.0003667
2.977 0.0003662
2.978 0.0003658
2.978 0.0003654
2.978 0.0003649
2.979 0.0003645
2.979 0.0003641
2.98 0.0003636
2.981 0.0003632
2.981 0.0003628
2.982 0.0003624
2.982 0.000362
2.982 0.0003616
2.983 0.0003612
2.983 0.0003607
2.984 0.0003603
2.985 0.0003599
2.985 0.0003595
2.986 0.0003592
2.986 0.0003588
2.986 0.0003584
2.987 0.000358
2.987 0.0003576
2.988 0.0003572
2.989 0.0003568
2.989 0.0003565
2.99 0.0003561
2.99 0.0003557
2.99 0.0003553
2.991 0.000355
2.991 0.0003546
2.992 0.0003543
2.993 0.0003539
2.993 0.0003535
2.994 0.0003532
2.994 0.0003528
2.994 0.0003525
2.995 0.0003521
2.995 0.0003518
2.996 0.0003514
2.997 0.0003511
2.997 0.0003508
2.998 0.0003504
2.998 0.0003501
2.998 0.0003498
2.999 0.0003494
2.999 0.0003491
3 0.0003488
3.001 0.0003485
3.001 0.0003482
3.002 0.0003478
3.002 0.0003475
3.002 0.0003472
3.003 0.0003469
3.003 0.0003466
3.004 0.0003463
3.005 0.000346
3.005 0.0003457
3.006 0.0003454
3.006 0.0003451
3.006 0.0003448
3.007 0.0003445
3.007 0.0003442
3.008 0.0003439
3.009 0.0003437
3.009 0.0003434
3.01 0.0003431
3.01 0.0003428
3.01 0.0003425
3.011 0.0003423
3.011 0.000342
3.012 0.0003417
3.013 0.0003415
3.013 0.0003412
3.014 0.0003409
3.014 0.0003407
3.014 0.0003404
3.015 0.0003402
3.015 0.0003399
3.016 0.0003397
3.017 0.0003394
3.017 0.0003392
3.018 0.0003389
3.018 0.0003387
3.018 0.0003384
3.019 0.0003382
3.019 0.000338
3.02 0.0003377
3.021 0.0003375
3.021 0.0003373
3.022 0.000337
3.022 0.0003368
3.022 0.0003366
3.023 0.0003364
3.023 0.0003361
3.024 0.0003359
3.025 0.0003357
3.025 0.0003355
3.026 0.0003353
3.026 0.0003351
3.026 0.0003349
3.027 0.0003347
3.027 0.0003344
3.028 0.0003342
3.029 0.000334
3.029 0.0003338
3.03 0.0003336
3.03 0.0003335
3.03 0.0003333
3.031 0.0003331
3.031 0.0003329
3.032 0.0003327
3.033 0.0003325
3.033 0.0003323
3.034 0.0003321
3.034 0.000332
3.034 0.0003318
3.035 0.0003316
3.035 0.0003314
3.036 0.0003313
3.037 0.0003311
3.037 0.0003309
3.038 0.0003308
3.038 0.0003306
3.038 0.0003304
3.039 0.0003303
3.039 0.0003301
3.04 0.00033
3.041 0.0003298
3.041 0.0003297
3.042 0.0003295
3.042 0.0003294
3.042 0.0003292
3.043 0.0003291
3.043 0.0003289
3.044 0.0003288
3.045 0.0003286
3.045 0.0003285
3.046 0.0003284
3.046 0.0003282
3.046 0.0003281
3.047 0.000328
3.047 0.0003278
3.048 0.0003277
3.049 0.0003276
3.049 0.0003274
3.05 0.0003273
3.05 0.0003272
3.05 0.0003271
3.051 0.000327
3.051 0.0003269
3.052 0.0003267
3.053 0.0003266
3.053 0.0003265
3.054 0.0003264
3.054 0.0003263
3.054 0.0003262
3.055 0.0003261
3.055 0.000326
3.056 0.0003259
3.057 0.0003258
3.057 0.0003257
3.058 0.0003256
3.058 0.0003255
3.058 0.0003254
3.059 0.0003253
3.059 0.0003253
3.06 0.0003252
3.061 0.0003251
3.061 0.000325
3.062 0.0003249
3.062 0.0003248
3.062 0.0003248
3.063 0.0003247
3.063 0.0003246
3.064 0.0003245
3.064 0.0003245
3.065 0.0003244
3.066 0.0003243
3.066 0.0003243
3.067 0.0003242
3.067 0.0003241
3.067 0.0003241
3.068 0.000324
3.068 0.000324
3.069 0.0003239
3.07 0.0003239
3.07 0.0003238
3.071 0.0003238
3.071 0.0003237
3.071 0.0003237
3.072 0.0003236
3.072 0.0003236
3.073 0.0003235
3.074 0.0003235
3.074 0.0003235
3.075 0.0003234
3.075 0.0003234
3.075 0.0003234
3.076 0.0003233
3.076 0.0003233
3.077 0.0003233
3.078 0.0003232
3.078 0.0003232
3.079 0.0003232
3.079 0.0003232
3.079 0.0003231
3.08 0.0003231
3.08 0.0003231
3.081 0.0003231
3.082 0.0003231
3.082 0.0003231
3.083 0.0003231
3.083 0.0003231
3.083 0.000323
3.084 0.000323
3.084 0.000323
3.085 0.000323
3.086 0.000323
3.086 0.000323
3.087 0.000323
3.087 0.000323
3.087 0.000323
3.088 0.0003231
3.088 0.0003231
3.089 0.0003231
3.09 0.0003231
3.09 0.0003231
3.091 0.0003231
3.091 0.0003231
3.091 0.0003232
3.092 0.0003232
3.092 0.0003232
3.093 0.0003232
3.094 0.0003232
3.094 0.0003233
3.095 0.0003233
3.095 0.0003233
3.095 0.0003234
3.096 0.0003234
3.096 0.0003234
3.097 0.0003235
3.098 0.0003235
3.098 0.0003235
3.099 0.0003236
3.099 0.0003236
3.099 0.0003237
3.1 0.0003237
3.1 0.0003238
3.101 0.0003238
3.102 0.0003239
3.102 0.0003239
3.103 0.000324
3.103 0.000324
3.103 0.0003241
3.104 0.0003242
3.104 0.0003242
3.105 0.0003243
3.106 0.0003243
3.106 0.0003244
3.107 0.0003245
3.107 0.0003245
3.107 0.0003246
3.108 0.0003247
3.108 0.0003248
3.109 0.0003248
3.11 0.0003249
3.11 0.000325
3.111 0.0003251
3.111 0.0003251
3.111 0.0003252
3.112 0.0003253
3.112 0.0003254
3.113 0.0003255
3.114 0.0003256
3.114 0.0003257
3.115 0.0003258
3.115 0.0003259
3.115 0.000326
3.116 0.0003261
3.116 0.0003262
3.117 0.0003263
3.118 0.0003264
3.118 0.0003265
3.119 0.0003266
3.119 0.0003267
3.119 0.0003268
3.12 0.0003269
3.12 0.000327
3.121 0.0003271
3.122 0.0003272
3.122 0.0003274
3.123 0.0003275
3.123 0.0003276
3.123 0.0003277
3.124 0.0003278
3.124 0.000328
3.125 0.0003281
3.126 0.0003282
3.126 0.0003284
3.127 0.0003285
3.127 0.0003286
3.127 0.0003288
3.128 0.0003289
3.128 0.000329
3.129 0.0003292
3.13 0.0003293
3.13 0.0003295
3.131 0.0003296
3.131 0.0003298
3.131 0.0003299
3.132 0.00033
3.132 0.0003302
3.133 0.0003304
3.134 0.0003305
3.134 0.0003307
3.135 0.0003308
3.135 0.000331
3.135 0.0003311
3.136 0.0003313
3.136 0.0003315
3.137 0.0003316
3.138 0.0003318
3.138 0.000332
3.139 0.0003322
3.139 0.0003323
3.139 0.0003325
3.14 0.0003327
3.14 0.0003329
3.141 0.000333
3.142 0.0003332
3.142 0.0003334
3.143 0.0003336
3.143 0.0003338
3.143 0.000334
3.144 0.0003342
3.144 0.0003344
3.145 0.0003345
3.146 0.0003347
3.146 0.0003349
3.147 0.0003351
3.147 0.0003353
3.147 0.0003355
3.148 0.0003358
3.148 0.000336
3.149 0.0003362
3.15 0.0003364
3.15 0.0003366
3.151 0.0003368
3.151 0.000337
3.151 0.0003372
3.152 0.0003375
3.152 0.0003377
3.153 0.0003379
3.154 0.0003381
3.154 0.0003383
3.155 0.0003386
3.155 0.0003388
3.155 0.000339
3.156 0.0003393
3.156 0.0003395
3.157 0.0003397
3.158 0.00034
3.158 0.0003402
3.159 0.0003405
3.159 0.0003407
3.159 0.0003409
3.16 0.0003412
3.16 0.0003414
3.161 0.0003417
3.162 0.0003419
3.162 0.0003422
3.163 0.0003425
3.163 0.0003427
3.163 0.000343
3.164 0.0003432
3.164 0.0003435
3.165 0.0003438
3.166 0.000344
3.166 0.0003443
3.167 0.0003446
3.167 0.0003448
3.167 0.0003451
3.168 0.0003454
3.168 0.0003457
3.169 0.000346
3.17 0.0003462
3.17 0.0003465
3.171 0.0003468
3.171 0.0003471
3.171 0.0003474
3.172 0.0003477
3.172 0.000348
3.173 0.0003483
3.174 0.0003486
3.174 0.0003489
3.175 0.0003492
3.175 0.0003495
3.175 0.0003498
3.176 0.0003501
3.176 0.0003504
3.177 0.0003507
3.178 0.000351
3.178 0.0003513
3.179 0.0003517
3.179 0.000352
3.179 0.0003523
3.18 0.0003526
3.18 0.0003529
3.181 0.0003533
3.182 0.0003536
3.182 0.0003539
3.183 0.0003543
3.183 0.0003546
3.183 0.0003549
3.184 0.0003553
3.184 0.0003556
3.185 0.000356
3.186 0.0003563
3.186 0.0003566
3.187 0.000357
3.187 0.0003573
3.188 0.0003577
3.188 0.0003581
3.188 0.0003584
3.189 0.0003588
3.189 0.0003591
3.19 0.0003595
3.191 0.0003599
3.191 0.0003602
3.192 0.0003606
3.192 0.000361
3.192 0.0003614
3.193 0.0003617
3.193 0.0003621
3.194 0.0003625
3.195 0.0003629
3.195 0.0003633
3.196 0.0003636
3.196 0.000364
3.196 0.0003644
3.197 0.0003648
3.197 0.0003652
3.198 0.0003656
3.199 0.000366
3.199 0.0003664
3.2 0.0003668
3.2 0.0003672
3.2 0.0003676
3.201 0.0003681
3.201 0.0003685
3.202 0.0003689
3.203 0.0003693
3.203 0.0003697
3.204 0.0003702
3.204 0.0003706
3.204 0.000371
3.205 0.0003714
3.205 0.0003719
3.206 0.0003723
3.207 0.0003727
3.207 0.0003732
3.208 0.0003736
3.208 0.0003741
3.208 0.0003745
3.209 0.000375
3.209 0.0003754
3.21 0.0003759
3.211 0.0003763
3.211 0.0003768
3.212 0.0003772
3.212 0.0003777
3.212 0.0003782
3.213 0.0003786
3.213 0.0003791
3.214 0.0003796
3.215 0.0003801
3.215 0.0003805
3.216 0.000381
3.216 0.0003815
3.216 0.000382
3.217 0.0003825
3.217 0.000383
3.218 0.0003835
3.219 0.000384
3.219 0.0003845
3.22 0.000385
3.22 0.0003855
3.22 0.000386
3.221 0.0003865
3.221 0.000387
3.222 0.0003875
3.223 0.000388
3.223 0.0003885
3.224 0.0003891
3.224 0.0003896
3.224 0.0003901
3.225 0.0003906
3.225 0.0003912
3.226 0.0003917
3.227 0.0003922
3.227 0.0003928
3.228 0.0003933
3.228 0.0003939
3.228 0.0003944
3.229 0.000395
3.229 0.0003955
3.23 0.0003961
3.231 0.0003966
3.231 0.0003972
3.232 0.0003978
3.232 0.0003983
3.232 0.0003989
3.233 0.0003995
3.233 0.0004001
3.234 0.0004006
3.235 0.0004012
3.235 0.0004018
3.236 0.0004024
3.236 0.000403
3.236 0.0004036
3.237 0.0004042
3.237 0.0004048
3.238 0.0004054
3.239 0.000406
3.239 0.0004066
3.24 0.0004072
3.24 0.0004078
3.24 0.0004084
3.241 0.0004091
3.241 0.0004097
3.242 0.0004103
3.243 0.0004109
3.243 0.0004116
3.244 0.0004122
3.244 0.0004128
3.244 0.0004135
3.245 0.0004141
3.245 0.0004148
3.246 0.0004154
3.247 0.0004161
3.247 0.0004168
3.248 0.0004174
3.248 0.0004181
3.248 0.0004187
3.249 0.0004194
3.249 0.0004201
3.25 0.0004208
3.251 0.0004215
3.251 0.0004221
3.252 0.0004228
3.252 0.0004235
3.252 0.0004242
3.253 0.0004249
3.253 0.0004256
3.254 0.0004263
3.255 0.000427
3.255 0.0004277
3.256 0.0004284
3.256 0.0004292
3.256 0.0004299
3.257 0.0004306
3.257 0.0004313
3.258 0.0004321
3.259 0.0004328
3.259 0.0004336
3.26 0.0004343
3.26 0.000435
3.26 0.0004358
3.261 0.0004365
3.261 0.0004373
3.262 0.0004381
3.263 0.0004388
3.263 0.0004396
3.264 0.0004404
3.264 0.0004411
3.264 0.0004419
3.265 0.0004427
3.265 0.0004435
3.266 0.0004443
3.267 0.0004451
3.267 0.0004459
3.268 0.0004467
3.268 0.0004475
3.268 0.0004483
3.269 0.0004491
3.269 0.0004499
3.27 0.0004508
3.271 0.0004516
3.271 0.0004524
3.272 0.0004533
3.272 0.0004541
3.272 0.0004549
3.273 0.0004558
3.273 0.0004566
3.274 0.0004575
3.275 0.0004583
3.275 0.0004592
3.276 0.0004601
3.276 0.0004609
3.276 0.0004618
3.277 0.0004627
3.277 0.0004636
3.278 0.0004645
3.279 0.0004654
3.279 0.0004663
3.28 0.0004672
3.28 0.0004681
3.28 0.000469
3.281 0.0004699
3.281 0.0004708
3.282 0.0004717
3.283 0.0004727
3.283 0.0004736
3.284 0.0004745
3.284 0.0004755
3.284 0.0004764
3.285 0.0004774
3.285 0.0004783
3.286 0.0004793
3.287 0.0004803
3.287 0.0004812
3.288 0.0004822
3.288 0.0004832
3.288 0.0004842
3.289 0.0004852
3.289 0.0004862
3.29 0.0004872
3.291 0.0004882
3.291 0.0004892
3.292 0.0004902
3.292 0.0004912
3.292 0.0004922
3.293 0.0004933
3.293 0.0004943
3.294 0.0004953
3.295 0.0004964
3.295 0.0004974
3.296 0.0004985
3.296 0.0004995
3.296 0.0005006
3.297 0.0005017
3.297 0.0005028
3.298 0.0005038
3.299 0.0005049
3.299 0.000506
3.3 0.0005071
3.3 0.0005082
3.3 0.0005093
3.301 0.0005104
3.301 0.0005116
3.302 0.0005127
3.303 0.0005138
3.303 0.0005149
3.304 0.0005161
3.304 0.0005172
3.304 0.0005184
3.305 0.0005195
3.305 0.0005207
3.306 0.0005219
3.307 0.0005231
3.307 0.0005242
3.308 0.0005254
3.308 0.0005266
3.308 0.0005278
3.309 0.000529
3.309 0.0005302
3.31 0.0005315
3.311 0.0005327
3.311 0.0005339
3.312 0.0005352
3.312 0.0005364
3.312 0.0005376
3.313 0.0005389
3.313 0.0005402
3.314 0.0005414
3.314 0.0005427
3.315 0.000544
3.316 0.0005453
3.316 0.0005466
3.317 0.0005479
3.317 0.0005492
3.317 0.0005505
3.318 0.0005518
3.318 0.0005532
3.319 0.0005545
3.32 0.0005558
3.32 0.0005572
3.321 0.0005585
3.321 0.0005599
3.321 0.0005613
3.322 0.0005627
3.322 0.000564
3.323 0.0005654
3.324 0.0005668
3.324 0.0005682
3.325 0.0005697
3.325 0.0005711
3.325 0.0005725
3.326 0.0005739
3.326 0.0005754
3.327 0.0005768
3.328 0.0005783
3.328 0.0005798
3.329 0.0005812
3.329 0.0005827
3.329 0.0005842
3.33 0.0005857
3.33 0.0005872
3.331 0.0005887
3.332 0.0005903
3.332 0.0005918
3.333 0.0005933
3.333 0.0005949
3.333 0.0005964
3.334 0.000598
3.334 0.0005996
3.335 0.0006011
3.336 0.0006027
3.336 0.0006043
3.337 0.0006059
3.337 0.0006075
3.337 0.0006092
3.338 0.0006108
3.338 0.0006124
3.339 0.0006141
3.34 0.0006157
3.34 0.0006174
3.341 0.0006191
3.341 0.0006208
3.341 0.0006225
3.342 0.0006242
3.342 0.0006259
3.343 0.0006276
3.344 0.0006293
3.344 0.0006311
3.345 0.0006328
3.345 0.0006346
3.345 0.0006364
3.346 0.0006382
3.346 0.0006399
3.347 0.0006417
3.348 0.0006436
3.348 0.0006454
3.349 0.0006472
3.349 0.000649
3.349 0.0006509
3.35 0.0006528
3.35 0.0006546
3.351 0.0006565
3.352 0.0006584
3.352 0.0006603
3.353 0.0006622
3.353 0.0006642
3.353 0.0006661
3.354 0.000668
3.354 0.00067
3.355 0.000672
3.356 0.0006739
3.356 0.0006759
3.357 0.0006779
3.357 0.00068
3.357 0.000682
3.358 0.000684
3.358 0.0006861
3.359 0.0006881
3.36 0.0006902
3.36 0.0006923
3.361 0.0006944
3.361 0.0006965
3.361 0.0006986
3.362 0.0007008
3.362 0.0007029
3.363 0.0007051
3.364 0.0007072
3.364 0.0007094
3.365 0.0007116
3.365 0.0007138
3.365 0.0007161
3.366 0.0007183
3.366 0.0007205
3.367 0.0007228
3.368 0.0007251
3.368 0.0007274
3.369 0.0007297
3.369 0.000732
3.369 0.0007343
3.37 0.0007367
3.37 0.000739
3.371 0.0007414
3.372 0.0007438
3.372 0.0007462
3.373 0.0007486
3.373 0.0007511
3.373 0.0007535
3.374 0.000756
3.374 0.0007585
3.375 0.000761
3.376 0.0007635
3.376 0.000766
3.377 0.0007685
3.377 0.0007711
3.377 0.0007737
3.378 0.0007762
3.378 0.0007788
3.379 0.0007815
3.38 0.0007841
3.38 0.0007868
3.381 0.0007894
3.381 0.0007921
3.381 0.0007948
3.382 0.0007975
3.382 0.0008003
3.383 0.000803
3.384 0.0008058
3.384 0.0008086
3.385 0.0008114
3.385 0.0008142
3.385 0.0008171
3.386 0.0008199
3.386 0.0008228
3.387 0.0008257
3.388 0.0008286
3.388 0.0008316
3.389 0.0008345
3.389 0.0008375
3.389 0.0008405
3.39 0.0008435
3.39 0.0008465
3.391 0.0008496
3.392 0.0008527
3.392 0.0008558
3.393 0.0008589
3.393 0.000862
3.393 0.0008652
3.394 0.0008684
3.394 0.0008716
3.395 0.0008748
3.396 0.000878
3.396 0.0008813
3.397 0.0008846
3.397 0.0008879
3.397 0.0008912
3.398 0.0008946
3.398 0.000898
3.399 0.0009014
3.4 0.0009048
3.4 0.0009082
3.401 0.0009117
3.401 0.0009152
3.401 0.0009187
3.402 0.0009223
3.402 0.0009258
3.403 0.0009294
3.404 0.000933
3.404 0.0009367
3.405 0.0009404
3.405 0.0009441
3.405 0.0009478
3.406 0.0009515
3.406 0.0009553
3.407 0.0009591
3.408 0.0009629
3.408 0.0009668
3.409 0.0009707
3.409 0.0009746
3.409 0.0009785
3.41 0.0009825
3.41 0.0009865
3.411 0.0009905
3.412 0.0009946
3.412 0.0009987
3.413 0.001003
3.413 0.001007
3.413 0.001011
3.414 0.001015
3.414 0.00102
3.415 0.001024
3.416 0.001028
3.416 0.001032
3.417 0.001037
3.417 0.001041
3.417 0.001046
3.418 0.00105
3.418 0.001055
3.419 0.001059
3.42 0.001064
3.42 0.001068
3.421 0.001073
3.421 0.001078
3.421 0.001082
3.422 0.001087
3.422 0.001092
3.423 0.001097
3.424 0.001102
3.424 0.001107
3.425 0.001112
3.425 0.001117
3.425 0.001122
3.426 0.001127
3.426 0.001132
3.427 0.001137
3.428 0.001142
3.428 0.001147
3.429 0.001153
3.429 0.001158
3.429 0.001163
3.43 0.001169
3.43 0.001174
3.431 0.00118
3.432 0.001185
3.432 0.001191
3.433 0.001196
3.433 0.001202
3.433 0.001208
3.434 0.001213
3.434 0.001219
3.435 0.001225
3.436 0.001231
3.436 0.001237
3.437 0.001243
3.437 0.001249
3.438 0.001255
3.438 0.001262
3.438 0.001268
3.439 0.001274
3.439 0.00128
3.44 0.001287
3.441 0.001293
3.441 0.0013
3.442 0.001306
3.442 0.001313
3.442 0.00132
3.443 0.001326
3.443 0.001333
3.444 0.00134
3.445 0.001347
3.445 0.001354
3.446 0.001361
3.446 0.001368
3.446 0.001375
3.447 0.001383
3.447 0.00139
3.448 0.001397
3.449 0.001405
3.449 0.001412
3.45 0.00142
3.45 0.001428
3.45 0.001436
3.451 0.001443
3.451 0.001451
3.452 0.001459
3.453 0.001467
3.453 0.001475
3.454 0.001484
3.454 0.001492
3.454 0.0015
3.455 0.001509
3.455 0.001517
3.456 0.001526
3.457 0.001535
3.457 0.001544
3.458 0.001552
3.458 0.001561
3.458 0.001571
3.459 0.00158
3.459 0.001589
3.46 0.001598
3.461 0.001608
3.461 0.001617
3.462 0.001627
3.462 0.001637
3.462 0.001647
3.463 0.001657
3.463 0.001667
3.464 0.001677
3.465 0.001687
3.465 0.001698
3.466 0.001708
3.466 0.001719
3.466 0.00173
3.467 0.001741
3.467 0.001752
3.468 0.001763
3.469 0.001774
3.469 0.001785
3.47 0.001797
3.47 0.001809
3.47 0.00182
3.471 0.001832
3.471 0.001844
3.472 0.001857
3.473 0.001869
3.473 0.001881
3.474 0.001894
3.474 0.001907
3.474 0.00192
3.475 0.001933
3.475 0.001946
3.476 0.00196
3.477 0.001973
3.477 0.001987
3.478 0.002001
3.478 0.002015
3.478 0.002029
3.479 0.002044
3.479 0.002058
3.48 0.002073
3.481 0.002088
3.481 0.002104
3.482 0.002119
3.482 0.002135
3.482 0.00215
3.483 0.002166
3.483 0.002183
3.484 0.002199
3.485 0.002216
3.485 0.002233
3.486 0.00225
3.486 0.002267
3.486 0.002285
3.487 0.002303
3.487 0.002321
3.488 0.002339
3.489 0.002358
3.489 0.002377
3.49 0.002396
3.49 0.002415
3.49 0.002435
3.491 0.002455
3.491 0.002476
3.492 0.002496
3.493 0.002517
3.493 0.002538
3.494 0.00256
3.494 0.002582
3.494 0.002604
3.495 0.002627
3.495 0.00265
3.496 0.002673
3.497 0.002697
3.497 0.002721
3.498 0.002745
3.498 0.00277
3.498 0.002795
3.499 0.002821
3.499 0.002847
3.5 0.002874
3.501 0.002901
3.501 0.002928
3.502 0.002956
3.502 0.002984
3.502 0.003013
3.503 0.003043
3.503 0.003072
3.504 0.003103
3.505 0.003134
3.505 0.003165
3.506 0.003198
3.506 0.00323
3.506 0.003264
3.507 0.003298
3.507 0.003332
3.508 0.003367
3.509 0.003403
3.509 0.00344
3.51 0.003477
3.51 0.003515
3.51 0.003554
3.511 0.003594
3.511 0.003634
3.512 0.003676
3.513 0.003718
3.513 0.003761
3.514 0.003805
3.514 0.00385
3.514 0.003895
3.515 0.003942
3.515 0.00399
3.516 0.004039
3.517 0.004089
3.517 0.00414
3.518 0.004192
3.518 0.004246
3.518 0.0043
3.519 0.004356
3.519 0.004414
3.52 0.004472
3.521 0.004533
3.521 0.004594
3.522 0.004657
3.522 0.004722
3.522 0.004788
3.523 0.004856
3.523 0.004926
3.524 0.004998
3.525 0.005071
3.525 0.005147
3.526 0.005225
3.526 0.005304
3.526 0.005386
3.527 0.00547
3.527 0.005557
3.528 0.005646
3.529 0.005738
3.529 0.005832
3.53 0.005929
3.53 0.00603
3.53 0.006133
3.531 0.006239
3.531 0.006349
3.532 0.006462
3.533 0.006579
3.533 0.0067
3.534 0.006825
3.534 0.006954
3.534 0.007087
3.535 0.007225
3.535 0.007368
3.536 0.007516
3.537 0.007669
3.537 0.007828
3.538 0.007992
3.538 0.008163
3.538 0.008341
3.539 0.008525
3.539 0.008716
3.54 0.008916
3.541 0.009123
3.541 0.009339
3.542 0.009564
3.542 0.009798
3.542 0.01004
3.543 0.0103
3.543 0.01056
3.544 0.01084
3.545 0.01113
3.545 0.01144
3.546 0.01176
3.546 0.0121
3.546 0.01245
3.547 0.01282
3.547 0.01321
3.548 0.01362
3.549 0.01405
3.549 0.0145
3.55 0.01498
3.55 0.01549
3.55 0.01602
3.551 0.01659
3.551 0.01719
3.552 0.01782
3.553 0.0185
3.553 0.01922
3.554 0.01998
3.554 0.0208
3.554 0.02167
3.555 0.02259
3.555 0.02359
3.556 0.02465
3.557 0.02579
3.557 0.02702
3.558 0.02834
3.558 0.02976
3.558 0.03129
3.559 0.03295
3.559 0.03474
3.56 0.03668
3.561 0.03878
3.561 0.04107
3.562 0.04355
3.562 0.04626
3.562 0.04921
3.563 0.05243
3.563 0.05594
3.564 0.05977
3.564 0.06396
3.565 0.06852
3.566 0.07349
3.566 0.0789
3.567 0.08476
3.567 0.09108
3.567 0.09787
3.568 0.1051
3.568 0.1127
3.569 0.1206
3.57 0.1287
3.57 0.1367
3.571 0.1446
3.571 0.1519
3.571 0.1583
3.572 0.1637
3.572 0.1675
3.573 0.1697
3.574 0.1701
3.574 0.1686
3.575 0.1654
3.575 0.1606
3.575 0.1546
3.576 0.1476
3.576 0.1401
3.577 0.1322
3.578 0.1242
3.578 0.1163
3.579 0.1087
3.579 0.1014
3.579 0.09461
3.58 0.08824
3.58 0.08233
3.581 0.07689
3.582 0.07188
3.582 0.0673
3.583 0.0631
3.583 0.05927
3.583 0.05577
3.584 0.05257
3.584 0.04965
3.585 0.04698
3.586 0.04455
3.586 0.04232
3.587 0.04028
3.587 0.03841
3.587 0.03669
3.588 0.03512
3.588 0.03367
3.589 0.03235
3.59 0.03113
3.59 0.03
3.591 0.02897
3.591 0.02802
3.591 0.02714
3.592 0.02633
3.592 0.02559
3.593 0.0249
3.594 0.02427
3.594 0.02369
3.595 0.02315
3.595 0.02266
3.595 0.0222
3.596 0.02179
3.596 0.02141
3.597 0.02106
3.598 0.02075
3.598 0.02046
3.599 0.0202
3.599 0.01997
3.599 0.01976
3.6 0.01958
3.6 0.01942
3.601 0.01928
3.602 0.01916
3.602 0.01906
3.603 0.01898
3.603 0.01892
3.603 0.01887
3.604 0.01885
3.604 0.01884
3.605 0.01884
3.606 0.01887
3.606 0.01891
3.607 0.01897
3.607 0.01904
3.607 0.01913
3.608 0.01923
3.608 0.01935
3.609 0.01948
3.61 0.01964
3.61 0.0198
3.611 0.01999
3.611 0.02019
3.611 0.0204
3.612 0.02064
3.612 0.02089
3.613 0.02116
3.614 0.02145
3.614 0.02176
3.615 0.02208
3.615 0.02243
3.615 0.0228
3.616 0.02319
3.616 0.0236
3.617 0.02404
3.618 0.0245
3.618 0.02498
3.619 0.0255
3.619 0.02604
3.619 0.02661
3.62 0.02721
3.62 0.02784
3.621 0.02851
3.622 0.02922
3.622 0.02997
3.623 0.03075
3.623 0.03158
3.623 0.03246
3.624 0.03338
3.624 0.03436
3.625 0.03539
3.626 0.03648
3.626 0.03764
3.627 0.03886
3.627 0.04015
3.627 0.04153
3.628 0.04299
3.628 0.04453
3.629 0.04618
3.63 0.04793
3.63 0.04979
3.631 0.05178
3.631 0.0539
3.631 0.05616
3.632 0.05858
3.632 0.06117
3.633 0.06395
3.634 0.06692
3.634 0.07012
3.635 0.07356
3.635 0.07726
3.635 0.08125
3.636 0.08556
3.636 0.09022
3.637 0.09527
3.638 0.1007
3.638 0.1067
3.639 0.1131
3.639 0.1201
3.639 0.1278
3.64 0.1361
3.64 0.1452
3.641 0.1551
3.642 0.166
3.642 0.1778
3.643 0.1908
3.643 0.2049
3.643 0.2203
3.644 0.237
3.644 0.2551
3.645 0.2746
3.646 0.2954
3.646 0.3175
3.647 0.3407
3.647 0.3646
3.647 0.3887
3.648 0.4126
3.648 0.4354
3.649 0.4562
3.65 0.4741
3.65 0.4881
3.651 0.4974
3.651 0.5014
3.651 0.4999
3.652 0.4929
3.652 0.481
3.653 0.4648
3.654 0.4452
3.654 0.4233
3.655 0.3999
3.655 0.3758
3.655 0.3518
3.656 0.3283
3.656 0.3058
3.657 0.2845
3.658 0.2644
3.658 0.2458
3.659 0.2285
3.659 0.2126
3.659 0.198
3.66 0.1847
3.66 0.1724
3.661 0.1612
3.662 0.1509
3.662 0.1415
3.663 0.1329
3.663 0.1251
3.663 0.1179
3.664 0.1112
3.664 0.1052
3.665 0.09957
3.666 0.09442
3.666 0.08968
3.667 0.0853
3.667 0.08125
3.667 0.0775
3.668 0.07403
3.668 0.07082
3.669 0.06783
3.67 0.06506
3.67 0.06248
3.671 0.06008
3.671 0.05784
3.671 0.05575
3.672 0.05381
3.672 0.05199
3.673 0.05029
3.674 0.0487
3.674 0.04721
3.675 0.04582
3.675 0.04452
3.675 0.0433
3.676 0.04216
3.676 0.04109
3.677 0.04009
3.678 0.03915
3.678 0.03827
3.679 0.03745
3.679 0.03668
3.679 0.03597
3.68 0.0353
3.68 0.03468
3.681 0.0341
3.682 0.03356
3.682 0.03306
3.683 0.0326
3.683 0.03217
3.683 0.03178
3.684 0.03143
3.684 0.0311
3.685 0.03081
3.686 0.03055
3.686 0.03032
3.687 0.03011
3.687 0.02994
3.688 0.02979
3.688 0.02967
3.688 0.02958
3.689 0.02951
3.689 0.02947
3.69 0.02946
3.691 0.02947
3.691 0.02951
3.692 0.02958
3.692 0.02967
3.692 0.02979
3.693 0.02994
3.693 0.03011
3.694 0.03032
3.695 0.03055
3.695 0.03081
3.696 0.0311
3.696 0.03143
3.696 0.03178
3.697 0.03217
3.697 0.0326
3.698 0.03306
3.699 0.03356
3.699 0.0341
3.7 0.03468
3.7 0.0353
3.7 0.03597
3.701 0.03668
3.701 0.03745
3.702 0.03827
3.703 0.03915
3.703 0.04009
3.704 0.04109
3.704 0.04216
3.704 0.0433
3.705 0.04452
3.705 0.04582
3.706 0.04721
3.707 0.0487
3.707 0.05029
3.708 0.05199
3.708 0.0538
3.708 0.05575
3.709 0.05784
3.709 0.06008
3.71 0.06248
3.711 0.06506
3.711 0.06783
3.712 0.07082
3.712 0.07403
3.712 0.0775
3.713 0.08125
3.713 0.08529
3.714 0.08967
3.715 0.09442
3.715 0.09957
3.716 0.1052
3.716 0.1112
3.716 0.1179
3.717 0.1251
3.717 0.1329
3.718 0.1415
3.719 0.1509
3.719 0.1612
3.72 0.1724
3.72 0.1847
3.72 0.198
3.721 0.2126
3.721 0.2285
3.722 0.2458
3.723 0.2644
3.723 0.2845
3.724 0.3058
3.724 0.3283
3.724 0.3518
3.725 0.3758
3.725 0.3999
3.726 0.4233
3.727 0.4452
3.727 0.4648
3.728 0.481
3.728 0.4929
3.728 0.4999
3.729 0.5014
3.729 0.4974
3.73 0.488
3.731 0.474
3.731 0.4562
3.732 0.4354
3.732 0.4126
3.732 0.3887
3.733 0.3646
3.733 0.3407
3.734 0.3175
3.735 0.2954
3.735 0.2746
3.736 0.2551
3.736 0.237
3.736 0.2203
3.737 0.2049
3.737 0.1908
3.738 0.1778
3.739 0.166
3.739 0.1551
3.74 0.1452
3.74 0.1361
3.74 0.1278
3.741 0.1201
3.741 0.1131
3.742 0.1067
3.743 0.1007
3.743 0.09526
3.744 0.09021
3.744 0.08556
3.744 0.08124
3.745 0.07725
3.745 0.07355
3.746 0.07011
3.747 0.06691
3.747 0.06394
3.748 0.06116
3.748 0.05857
3.748 0.05616
3.749 0.05389
3.749 0.05177
3.75 0.04979
3.751 0.04792
3.751 0.04617
3.752 0.04453
3.752 0.04298
3.752 0.04152
3.753 0.04015
3.753 0.03885
3.754 0.03763
3.755 0.03647
3.755 0.03538
3.756 0.03435
3.756 0.03337
3.756 0.03245
3.757 0.03157
3.757 0.03074
3.758 0.02996
3.759 0.02921
3.759 0.02851
3.76 0.02784
3.76 0.0272
3.76 0.0266
3.761 0.02603
3.761 0.02549
3.762 0.02497
3.763 0.02449
3.763 0.02403
3.764 0.02359
3.764 0.02318
3.764 0.02279
3.765 0.02242
3.765 0.02207
3.766 0.02175
3.767 0.02144
3.767 0.02115
3.768 0.02088
3.768 0.02063
3.768 0.0204
3.769 0.02018
3.769 0.01998
3.77 0.01979
3.771 0.01963
3.771 0.01948
3.772 0.01934
3.772 0.01922
3.772 0.01912
3.773 0.01903
3.773 0.01896
3.774 0.0189
3.775 0.01886
3.775 0.01883
3.776 0.01883
3.776 0.01884
3.776 0.01886
3.777 0.01891
3.777 0.01897
3.778 0.01905
3.779 0.01915
3.779 0.01927
3.78 0.01941
3.78 0.01957
3.78 0.01975
3.781 0.01996
3.781 0.02019
3.782 0.02045
3.783 0.02074
3.783 0.02105
3.784 0.0214
3.784 0.02178
3.784 0.02219
3.785 0.02265
3.785 0.02314
3.786 0.02367
3.787 0.02426
3.787 0.02489
3.788 0.02557
3.788 0.02632
3.788 0.02713
3.789 0.02801
3.789 0.02896
3.79 0.02999
3.791 0.03111
3.791 0.03233
3.792 0.03366
3.792 0.03511
3.792 0.03668
3.793 0.03839
3.793 0.04026
3.794 0.0423
3.795 0.04453
3.795 0.04697
3.796 0.04964
3.796 0.05256
3.796 0.05575
3.797 0.05926
3.797 0.06309
3.798 0.06728
3.799 0.07187
3.799 0.07687
3.8 0.08232
3.8 0.08822
3.8 0.09459
3.801 0.1014
3.801 0.1087
3.802 0.1163
3.803 0.1242
3.803 0.1321
3.804 0.14
3.804 0.1476
3.804 0.1546
3.805 0.1606
3.805 0.1654
3.806 0.1686
3.807 0.1701
3.807 0.1697
3.808 0.1675
3.808 0.1637
3.808 0.1583
3.809 0.1519
3.809 0.1446
3.81 0.1367
3.811 0.1287
3.811 0.1206
3.812 0.1127
3.812 0.1051
3.812 0.09785
3.813 0.09107
3.813 0.08474
3.814 0.07888
3.814 0.07348
3.815 0.0685
3.816 0.06394
3.816 0.05976
3.817 0.05592
3.817 0.05241
3.817 0.04919
3.818 0.04624
3.818 0.04354
3.819 0.04105
3.82 0.03877
3.82 0.03666
3.821 0.03472
3.821 0.03293
3.821 0.03127
3.822 0.02974
3.822 0.02832
3.823 0.027
3.824 0.02578
3.824 0.02464
3.825 0.02357
3.825 0.02258
3.825 0.02165
3.826 0.02078
3.826 0.01996
3.827 0.0192
3.828 0.01848
3.828 0.01781
3.829 0.01717
3.829 0.01657
3.829 0.016
3.83 0.01547
3.83 0.01496
3.831 0.01448
3.832 0.01403
3.832 0.0136
3.833 0.01319
3.833 0.0128
3.833 0.01243
3.834 0.01208
3.834 0.01174
3.835 0.01142
3.836 0.01112
3.836 0.01083
3.837 0.01055
3.837 0.01028
3.837 0.01002
3.838 0.00978
3.838 0.009546
3.839 0.009321
3.84 0.009105
3.84 0.008897
3.841 0.008698
3.841 0.008507
3.841 0.008322
3.842 0.008145
3.842 0.007974
3.843 0.007809
3.844 0.00765
3.844 0.007497
3.845 0.007349
3.845 0.007206
3.845 0.007068
3.846 0.006935
3.846 0.006806
3.847 0.006681
3.848 0.00656
3.848 0.006443
3.849 0.00633
3.849 0.00622
3.849 0.006113
3.85 0.00601
3.85 0.00591
3.851 0.005813
3.852 0.005718
3.852 0.005626
3.853 0.005537
3.853 0.00545
3.853 0.005366
3.854 0.005284
3.854 0.005204
3.855 0.005127
3.856 0.005051
3.856 0.004978
3.857 0.004906
3.857 0.004836
3.857 0.004768
3.858 0.004701
3.858 0.004637
3.859 0.004573
3.86 0.004512
3.86 0.004452
3.861 0.004393
3.861 0.004335
3.861 0.004279
3.862 0.004225
3.862 0.004171
3.863 0.004119
3.864 0.004068
3.864 0.004018
3.865 0.003969
3.865 0.003921
3.865 0.003874
3.866 0.003828
3.866 0.003783
3.867 0.003739
3.868 0.003696
3.868 0.003654
3.869 0.003612
3.869 0.003572
3.869 0.003532
3.87 0.003493
3.87 0.003455
3.871 0.003418
3.872 0.003381
3.872 0.003345
3.873 0.00331
3.873 0.003275
3.873 0.003241
3.874 0.003208
3.874 0.003175
3.875 0.003143
3.876 0.003111
3.876 0.00308
3.877 0.00305
3.877 0.00302
3.877 0.00299
3.878 0.002961
3.878 0.002933
3.879 0.002905
3.88 0.002877
3.88 0.00285
3.881 0.002824
3.881 0.002797
3.881 0.002772
3.882 0.002746
3.882 0.002721
3.883 0.002697
3.884 0.002673
3.884 0.002649
3.885 0.002626
3.885 0.002603
3.885 0.00258
3.886 0.002558
3.886 0.002536
3.887 0.002514
3.888 0.002493
3.888 0.002472
3.889 0.002451
3.889 0.002431
3.889 0.00241
3.89 0.002391
3.89 0.002371
3.891 0.002352
3.892 0.002333
3.892 0.002314
3.893 0.002296
3.893 0.002278
3.893 0.00226
3.894 0.002242
3.894 0.002224
3.895 0.002207
3.896 0.00219
3.896 0.002173
3.897 0.002157
3.897 0.002141
3.897 0.002124
3.898 0.002109
3.898 0.002093
3.899 0.002077
3.9 0.002062
3.9 0.002047
3.901 0.002032
3.901 0.002017
3.901 0.002003
3.902 0.001989
3.902 0.001974
3.903 0.00196
3.904 0.001947
3.904 0.001933
3.905 0.001919
3.905 0.001906
3.905 0.001893
3.906 0.00188
3.906 0.001867
3.907 0.001854
3.908 0.001842
3.908 0.001829
3.909 0.001817
3.909 0.001805
3.909 0.001793
3.91 0.001781
3.91 0.001769
3.911 0.001758
3.912 0.001746
3.912 0.001735
3.913 0.001724
3.913 0.001713
3.913 0.001702
3.914 0.001691
3.914 0.00168
3.915 0.001669
3.916 0.001659
3.916 0.001649
3.917 0.001638
3.917 0.001628
3.917 0.001618
3.918 0.001608
3.918 0.001598
3.919 0.001588
3.92 0.001579
3.92 0.001569
3.921 0.00156
3.921 0.00155
3.921 0.001541
3.922 0.001532
3.922 0.001523
3.923 0.001514
3.924 0.001505
3.924 0.001496
3.925 0.001488
3.925 0.001479
3.925 0.00147
3.926 0.001462
3.926 0.001454
3.927 0.001445
3.928 0.001437
3.928 0.001429
3.929 0.001421
3.929 0.001413
3.929 0.001405
3.93 0.001397
3.93 0.001389
3.931 0.001382
3.932 0.001374
3.932 0.001367
3.933 0.001359
3.933 0.001352
3.933 0.001344
3.934 0.001337
3.934 0.00133
3.935 0.001323
3.936 0.001316
3.936 0.001309
3.937 0.001302
3.937 0.001295
3.938 0.001288
3.938 0.001281
3.938 0.001274
3.939 0.001268
3.939 0.001261
3.94 0.001255
3.941 0.001248
3.941 0.001242
3.942 0.001235
3.942 0.001229
3.942 0.001223
3.943 0.001217
3.943 0.00121
3.944 0.001204
3.945 0.001198
3.945 0.001192
3.946 0.001186
3.946 0.00118
3.946 0.001175
3.947 0.001169
3.947 0.001163
3.948 0.001157
3.949 0.001152
3.949 0.001146
3.95 0.00114
3.95 0.001135
3.95 0.001129
3.951 0.001124
3.951 0.001119
3.952 0.001113
3.953 0.001108
3.953 0.001103
3.954 0.001097
3.954 0.001092
3.954 0.001087
3.955 0.001082
3.955 0.001077
3.956 0.001072
3.957 0.001067
3.957 0.001062
3.958 0.001057
3.958 0.001052
3.958 0.001047
3.959 0.001043
3.959 0.001038
3.96 0.001033
3.961 0.001028
3.961 0.001024
3.962 0.001019
3.962 0.001015
3.962 0.00101
3.963 0.001006
3.963 0.001001
3.964 0.0009966
3.965 0.0009922
3.965 0.0009878
3.966 0.0009834
3.966 0.0009791
3.966 0.0009748
3.967 0.0009705
3.967 0.0009663
3.968 0.0009621
3.969 0.0009579
3.969 0.0009538
3.97 0.0009497
3.97 0.0009456
3.97 0.0009416
3.971 0.0009375
3.971 0.0009335
3.972 0.0009296
3.973 0.0009256
3.973 0.0009217
3.974 0.0009178
3.974 0.000914
3.974 0.0009101
3.975 0.0009063
3.975 0.0009026
3.976 0.0008988
3.977 0.0008951
3.977 0.0008914
3.978 0.0008877
3.978 0.000884
3.978 0.0008804
3.979 0.0008768
3.979 0.0008732
3.98 0.0008697
3.981 0.0008661
3.981 0.0008626
3.982 0.0008592
3.982 0.0008557
3.982 0.0008523
3.983 0.0008488
3.983 0.0008454
3.984 0.0008421
3.985 0.0008387
3.985 0.0008354
3.986 0.0008321
3.986 0.0008288
3.986 0.0008255
3.987 0.0008223
3.987 0.0008191
3.988 0.0008159
3.989 0.0008127
3.989 0.0008095
3.99 0.0008064
3.99 0.0008033
3.99 0.0008002
3.991 0.0007971
3.991 0.000794
3.992 0.000791
3.993 0.0007879
3.993 0.0007849
3.994 0.000782
3.994 0.000779
3.994 0.000776
3.995 0.0007731
3.995 0.0007702
3.996 0.0007673
3.997 0.0007644
3.997 0.0007616
3.998 0.0007587
3.998 0.0007559
3.998 0.0007531
3.999 0.0007503
3.999 0.0007475
4 0.0007448
4 0.000742
4.001 0.0007393
4.002 0.0007366
4.002 0.0007339
4.003 0.0007312
4.003 0.0007286
4.003 0.0007259
4.004 0.0007233
4.005 0.0007207
4.005 0.0007181
4.005 0.0007155
4.006 0.0007129
4.006 0.0007104
4.007 0.0007078
4.008 0.0007053
4.008 0.0007028
4.008 0.0007003
4.009 0.0006978
4.01 0.0006953
4.01 0.0006929
4.011 0.0006905
4.011 0.000688
4.011 0.0006856
4.012 0.0006832
4.013 0.0006808
4.013 0.0006785
4.013 0.0006761
4.014 0.0006738
4.014 0.0006714
4.015 0.0006691
4.016 0.0006668
4.016 0.0006645
4.016 0.0006623
4.017 0.00066
4.018 0.0006577
4.018 0.0006555
4.019 0.0006533
4.019 0.0006511
4.019 0.0006489
4.02 0.0006467
4.021 0.0006445
4.021 0.0006423
4.021 0.0006402
4.022 0.000638
4.022 0.0006359
4.023 0.0006338
4.024 0.0006317
4.024 0.0006296
4.024 0.0006275
4.025 0.0006254
4.026 0.0006233
4.026 0.0006213
4.027 0.0006192
4.027 0.0006172
4.027 0.0006152
4.028 0.0006132
4.029 0.0006112
4.029 0.0006092
4.029 0.0006072
4.03 0.0006052
4.03 0.0006033
4.031 0.0006013
4.032 0.0005994
4.032 0.0005975
4.032 0.0005955
4.033 0.0005936
4.034 0.0005917
4.034 0.0005898
4.035 0.000588
4.035 0.0005861
4.035 0.0005842
4.036 0.0005824
4.037 0.0005806
4.037 0.0005787
4.037 0.0005769
4.038 0.0005751
4.038 0.0005733
4.039 0.0005715
4.04 0.0005697
4.04 0.0005679
4.04 0.0005662
4.041 0.0005644
4.042 0.0005627
4.042 0.0005609
4.043 0.0005592
4.043 0.0005575
4.043 0.0005558
4.044 0.000554
4.045 0.0005523
4.045 0.0005507
4.045 0.000549
4.046 0.0005473
4.046 0.0005456
4.047 0.000544
4.048 0.0005423
4.048 0.0005407
4.048 0.0005391
4.049 0.0005374
4.05 0.0005358
4.05 0.0005342
4.051 0.0005326
4.051 0.000531
4.051 0.0005294
4.052 0.0005279
4.053 0.0005263
4.053 0.0005247
4.053 0.0005232
4.054 0.0005216
4.054 0.0005201
4.055 0.0005186
4.056 0.000517
4.056 0.0005155
4.056 0.000514
4.057 0.0005125
4.058 0.000511
4.058 0.0005095
4.059 0.000508
4.059 0.0005066
4.059 0.0005051
4.06 0.0005036
4.061 0.0005022
4.061 0.0005007
4.061 0.0004993
4.062 0.0004978
4.062 0.0004964
4.063 0.000495
4.064 0.0004936
4.064 0.0004922
4.064 0.0004908
4.065 0.0004894
4.066 0.000488
4.066 0.0004866
4.066 0.0004852
4.067 0.0004838
4.067 0.0004825
4.068 0.0004811
4.069 0.0004798
4.069 0.0004784
4.069 0.0004771
4.07 0.0004758
4.071 0.0004744
4.071 0.0004731
4.072 0.0004718
4.072 0.0004705
4.072 0.0004692
4.073 0.0004679
4.074 0.0004666
4.074 0.0004653
4.074 0.000464
4.075 0.0004627
4.075 0.0004615
4.076 0.0004602
4.077 0.0004589
4.077 0.0004577
4.077 0.0004564
4.078 0.0004552
4.079 0.000454
4.079 0.0004527
4.08 0.0004515
4.08 0.0004503
4.08 0.0004491
4.081 0.0004479
4.082 0.0004467
4.082 0.0004455
4.082 0.0004443
4.083 0.0004431
4.083 0.0004419
4.084 0.0004407
4.085 0.0004395
4.085 0.0004384
4.085 0.0004372
4.086 0.000436
4.087 0.0004349
4.087 0.0004337
4.088 0.0004326
4.088 0.0004315
4.088 0.0004303
4.089 0.0004292
4.09 0.0004281
4.09 0.0004269
4.09 0.0004258
4.091 0.0004247
4.091 0.0004236
4.092 0.0004225
4.093 0.0004214
4.093 0.0004203
4.093 0.0004192
4.094 0.0004181
4.095 0.0004171
4.095 0.000416
4.096 0.0004149
4.096 0.0004139
4.096 0.0004128
4.097 0.0004117
4.098 0.0004107
4.098 0.0004096
4.098 0.0004086
4.099 0.0004076
4.099 0.0004065
4.1 0.0004055
4.101 0.0004045
4.101 0.0004034
4.101 0.0004024
4.102 0.0004014
4.103 0.0004004
4.103 0.0003994
4.104 0.0003984
4.104 0.0003974
4.104 0.0003964
4.105 0.0003954
4.106 0.0003944
4.106 0.0003934
4.106 0.0003925
4.107 0.0003915
4.107 0.0003905
4.108 0.0003895
4.109 0.0003886
4.109 0.0003876
4.109 0.0003867
4.11 0.0003857
4.111 0.0003848
4.111 0.0003838
4.112 0.0003829
4.112 0.0003819
4.112 0.000381
4.113 0.0003801
4.114 0.0003792
4.114 0.0003782
4.114 0.0003773
4.115 0.0003764
4.115 0.0003755
4.116 0.0003746
4.117 0.0003737
4.117 0.0003728
4.117 0.0003719
4.118 0.000371
4.119 0.0003701
4.119 0.0003692
4.12 0.0003683
4.12 0.0003674
4.12 0.0003666
4.121 0.0003657
4.122 0.0003648
4.122 0.000364
4.122 0.0003631
4.123 0.0003622
4.123 0.0003614
4.124 0.0003605
4.125 0.0003597
4.125 0.0003588
4.125 0.000358
4.126 0.0003571
4.127 0.0003563
4.127 0.0003555
4.128 0.0003546
4.128 0.0003538
4.128 0.000353
4.129 0.0003522
4.13 0.0003513
4.13 0.0003505
4.13 0.0003497
4.131 0.0003489
4.131 0.0003481
4.132 0.0003473
4.133 0.0003465
4.133 0.0003457
4.133 0.0003449
4.134 0.0003441
4.135 0.0003433
4.135 0.0003425
4.136 0.0003417
4.136 0.000341
4.136 0.0003402
4.137 0.0003394
4.138 0.0003386
4.138 0.0003379
4.138 0.0003371
4.139 0.0003363
4.139 0.0003356
4.14 0.0003348
4.141 0.0003341
4.141 0.0003333
4.141 0.0003326
4.142 0.0003318
4.143 0.0003311
4.143 0.0003303
4.144 0.0003296
4.144 0.0003289
4.144 0.0003281
4.145 0.0003274
4.146 0.0003267
4.146 0.0003259
4.146 0.0003252
4.147 0.0003245
4.147 0.0003238
4.148 0.0003231
4.149 0.0003223
4.149 0.0003216
4.149 0.0003209
4.15 0.0003202
4.151 0.0003195
4.151 0.0003188
4.152 0.0003181
4.152 0.0003174
4.152 0.0003167
4.153 0.000316
4.154 0.0003154
4.154 0.0003147
4.154 0.000314
4.155 0.0003133
4.155 0.0003126
4.156 0.0003119
4.157 0.0003113
4.157 0.0003106
4.157 0.0003099
4.158 0.0003093
4.159 0.0003086
4.159 0.0003079
4.16 0.0003073
4.16 0.0003066
4.16 0.000306
4.161 0.0003053
4.162 0.0003047
4.162 0.000304
4.162 0.0003034
4.163 0.0003027
4.163 0.0003021
4.164 0.0003014
4.165 0.0003008
4.165 0.0003002
4.165 0.0002995
4.166 0.0002989
4.167 0.0002983
4.167 0.0002976
4.168 0.000297
4.168 0.0002964
4.168 0.0002958
4.169 0.0002951
4.17 0.0002945
4.17 0.0002939
4.17 0.0002933
4.171 0.0002927
4.171 0.0002921
4.172 0.0002915
4.173 0.0002909
4.173 0.0002903
4.173 0.0002897
4.174 0.0002891
4.175 0.0002885
4.175 0.0002879
4.176 0.0002873
4.176 0.0002867
4.176 0.0002861
4.177 0.0002855
4.178 0.0002849
4.178 0.0002844
4.178 0.0002838
4.179 0.0002832
4.179 0.0002826
4.18 0.000282
4.181 0.0002815
4.181 0.0002809
4.181 0.0002803
4.182 0.0002798
4.183 0.0002792
4.183 0.0002786
4.184 0.0002781
4.184 0.0002775
4.184 0.0002769
4.185 0.0002764
4.186 0.0002758
4.186 0.0002753
4.186 0.0002747
4.187 0.0002742
4.188 0.0002736
4.188 0.0002731
4.189 0.0002725
4.189 0.000272
4.189 0.0002715
4.19 0.0002709
4.191 0.0002704
4.191 0.0002698
4.191 0.0002693
4.192 0.0002688
4.192 0.0002682
4.193 0.0002677
4.194 0.0002672
4.194 0.0002667
4.194 0.0002661
4.195 0.0002656
4.196 0.0002651
4.196 0.0002646
4.197 0.0002641
4.197 0.0002635
4.197 0.000263
4.198 0.0002625
4.199 0.000262
4.199 0.0002615
4.199 0.000261
4.2 0.0002605
4.2 0.00026
4.201 0.0002595
4.202 0.000259
4.202 0.0002585
4.202 0.000258
4.203 0.0002575
4.204 0.000257
4.204 0.0002565
4.205 0.000256
4.205 0.0002555
4.205 0.000255
4.206 0.0002545
4.207 0.000254
4.207 0.0002536
4.207 0.0002531
4.208 0.0002526
4.208 0.0002521
4.209 0.0002516
4.21 0.0002512
4.21 0.0002507
4.21 0.0002502
4.211 0.0002497
4.212 0.0002493
4.212 0.0002488
4.213 0.0002483
4.213 0.0002478
4.213 0.0002474
4.214 0.0002469
4.215 0.0002465
4.215 0.000246
4.215 0.0002455
4.216 0.0002451
4.216 0.0002446
4.217 0.0002442
4.218 0.0002437
4.218 0.0002432
4.218 0.0002428
4.219 0.0002423
4.22 0.0002419
4.22 0.0002414
4.221 0.000241
4.221 0.0002406
4.221 0.0002401
4.222 0.0002397
4.223 0.0002392
4.223 0.0002388
4.223 0.0002383
4.224 0.0002379
4.224 0.0002375
4.225 0.000237
4.226 0.0002366
4.226 0.0002362
4.226 0.0002357
4.227 0.0002353
4.228 0.0002349
4.228 0.0002345
4.229 0.000234
4.229 0.0002336
4.229 0.0002332
4.23 0.0002328
4.231 0.0002323
4.231 0.0002319
4.231 0.0002315
4.232 0.0002311
4.232 0.0002307
4.233 0.0002302
4.234 0.0002298
4.234 0.0002294
4.234 0.000229
4.235 0.0002286
4.236 0.0002282
4.236 0.0002278
4.237 0.0002274
4.237 0.000227
4.237 0.0002266
4.238 0.0002262
4.239 0.0002258
4.239 0.0002254
4.239 0.000225
4.24 0.0002246
4.24 0.0002242
4.241 0.0002238
4.242 0.0002234
4.242 0.000223
4.242 0.0002226
4.243 0.0002222
4.244 0.0002218
4.244 0.0002214
4.245 0.000221
4.245 0.0002206
4.245 0.0002202
4.246 0.0002199
4.247 0.0002195
4.247 0.0002191
4.247 0.0002187
4.248 0.0002183
4.248 0.0002179
4.249 0.0002176
4.25 0.0002172
4.25 0.0002168
4.25 0.0002164
4.251 0.0002161
4.252 0.0002157
4.252 0.0002153
4.253 0.0002149
4.253 0.0002146
4.253 0.0002142
4.254 0.0002138
4.255 0.0002135
4.255 0.0002131
4.255 0.0002127
4.256 0.0002124
4.256 0.000212
4.257 0.0002116
4.258 0.0002113
4.258 0.0002109
4.258 0.0002106
4.259 0.0002102
4.26 0.0002098
4.26 0.0002095
4.261 0.0002091
4.261 0.0002088
4.261 0.0002084
4.262 0.0002081
4.263 0.0002077
4.263 0.0002074
4.263 0.000207
4.264 0.0002067
4.264 0.0002063
4.265 0.000206
4.266 0.0002056
4.266 0.0002053
4.266 0.0002049
4.267 0.0002046
4.268 0.0002042
4.268 0.0002039
4.269 0.0002036
4.269 0.0002032
4.269 0.0002029
4.27 0.0002026
4.271 0.0002022
4.271 0.0002019
4.271 0.0002015
4.272 0.0002012
4.272 0.0002009
4.273 0.0002005
4.274 0.0002002
4.274 0.0001999
4.274 0.0001996
4.275 0.0001992
4.276 0.0001989
4.276 0.0001986
4.277 0.0001982
4.277 0.0001979
4.277 0.0001976
4.278 0.0001973
4.279 0.0001969
4.279 0.0001966
4.279 0.0001963
4.28 0.000196
4.28 0.0001957
4.281 0.0001953
4.282 0.000195
4.282 0.0001947
4.282 0.0001944
4.283 0.0001941
4.284 0.0001938
4.284 0.0001934
4.285 0.0001931
4.285 0.0001928
4.285 0.0001925
4.286 0.0001922
4.287 0.0001919
4.287 0.0001916
4.287 0.0001913
4.288 0.000191
4.288 0.0001907
4.289 0.0001904
4.29 0.00019
4.29 0.0001897
4.29 0.0001894
4.291 0.0001891
4.292 0.0001888
4.292 0.0001885
4.293 0.0001882
4.293 0.0001879
4.293 0.0001876
4.294 0.0001873
4.295 0.000187
4.295 0.0001867
4.295 0.0001864
4.296 0.0001862
4.296 0.0001859
4.297 0.0001856
4.298 0.0001853
4.298 0.000185
4.298 0.0001847
4.299 0.0001844
4.3 0.0001841
4.3 0.0001838
4.301 0.0001835
4.301 0.0001832
4.301 0.000183
4.302 0.0001827
4.303 0.0001824
4.303 0.0001821
4.303 0.0001818
4.304 0.0001815
4.304 0.0001813
4.305 0.000181
4.306 0.0001807
4.306 0.0001804
4.306 0.0001801
4.307 0.0001798
4.308 0.0001796
4.308 0.0001793
4.309 0.000179
4.309 0.0001787
4.309 0.0001785
4.31 0.0001782
4.311 0.0001779
4.311 0.0001776
4.311 0.0001774
4.312 0.0001771
4.312 0.0001768
4.313 0.0001766
4.314 0.0001763
4.314 0.000176
4.314 0.0001757
4.315 0.0001755
4.316 0.0001752
4.316 0.0001749
4.316 0.0001747
4.317 0.0001744
4.317 0.0001741
4.318 0.0001739
4.319 0.0001736
4.319 0.0001734
4.319 0.0001731
4.32 0.0001728
4.321 0.0001726
4.321 0.0001723
4.322 0.0001721
4.322 0.0001718
4.322 0.0001715
4.323 0.0001713
4.324 0.000171
4.324 0.0001708
4.324 0.0001705
4.325 0.0001702
4.325 0.00017
4.326 0.0001697
4.327 0.0001695
4.327 0.0001692
4.327 0.000169
4.328 0.0001687
4.329 0.0001685
4.329 0.0001682
4.33 0.000168
4.33 0.0001677
4.33 0.0001675
4.331 0.0001672
4.332 0.000167
4.332 0.0001667
4.332 0.0001665
4.333 0.0001662
4.333 0.000166
4.334 0.0001658
4.335 0.0001655
4.335 0.0001653
4.335 0.000165
4.336 0.0001648
4.337 0.0001645
4.337 0.0001643
4.338 0.0001641
4.338 0.0001638
4.338 0.0001636
4.339 0.0001633
4.34 0.0001631
4.34 0.0001629
4.34 0.0001626
4.341 0.0001624
4.341 0.0001622
4.342 0.0001619
4.343 0.0001617
4.343 0.0001614
4.343 0.0001612
4.344 0.000161
4.345 0.0001607
4.345 0.0001605
4.346 0.0001603
4.346 0.0001601
4.346 0.0001598
4.347 0.0001596
4.348 0.0001594
4.348 0.0001591
4.348 0.0001589
4.349 0.0001587
4.349 0.0001585
4.35 0.0001582
4.351 0.000158
4.351 0.0001578
4.351 0.0001575
4.352 0.0001573
4.353 0.0001571
4.353 0.0001569
4.354 0.0001566
4.354 0.0001564
4.354 0.0001562
4.355 0.000156
4.356 0.0001558
4.356 0.0001555
4.356 0.0001553
4.357 0.0001551
4.357 0.0001549
4.358 0.0001547
4.359 0.0001544
4.359 0.0001542
4.359 0.000154
4.36 0.0001538
4.361 0.0001536
4.361 0.0001534
4.362 0.0001531
4.362 0.0001529
4.362 0.0001527
4.363 0.0001525
4.364 0.0001523
4.364 0.0001521
4.364 0.0001519
4.365 0.0001517
4.365 0.0001514
4.366 0.0001512
4.367 0.000151
4.367 0.0001508
4.367 0.0001506
4.368 0.0001504
4.369 0.0001502
4.369 0.00015
4.37 0.0001498
4.37 0.0001496
4.37 0.0001494
4.371 0.0001491
4.372 0.0001489
4.372 0.0001487
4.372 0.0001485
4.373 0.0001483
4.373 0.0001481
4.374 0.0001479
4.375 0.0001477
4.375 0.0001475
4.375 0.0001473
4.376 0.0001471
4.377 0.0001469
4.377 0.0001467
4.378 0.0001465
4.378 0.0001463
4.378 0.0001461
4.379 0.0001459
4.38 0.0001457
4.38 0.0001455
4.38 0.0001453
4.381 0.0001451
4.381 0.0001449
4.382 0.0001447
4.383 0.0001445
4.383 0.0001443
4.383 0.0001441
4.384 0.0001439
4.385 0.0001437
4.385 0.0001436
4.386 0.0001434
4.386 0.0001432
4.386 0.000143
4.387 0.0001428
4.388 0.0001426
4.388 0.0001424
4.388 0.0001422
4.389 0.000142
4.389 0.0001418
4.39 0.0001416
4.391 0.0001414
4.391 0.0001413
4.391 0.0001411
4.392 0.0001409
4.393 0.0001407
4.393 0.0001405
4.394 0.0001403
4.394 0.0001401
4.394 0.0001399
4.395 0.0001398
4.396 0.0001396
4.396 0.0001394
4.396 0.0001392
4.397 0.000139
4.397 0.0001388
4.398 0.0001387
4.399 0.0001385
4.399 0.0001383
4.399 0.0001381
4.4 0.0001379
4.401 0.0001377
4.401 0.0001376
4.402 0.0001374
4.402 0.0001372
4.402 0.000137
4.403 0.0001368
4.404 0.0001367
4.404 0.0001365
4.404 0.0001363
4.405 0.0001361
4.405 0.0001359
4.406 0.0001358
4.407 0.0001356
4.407 0.0001354
4.407 0.0001352
4.408 0.0001351
4.409 0.0001349
4.409 0.0001347
4.41 0.0001345
4.41 0.0001344
4.41 0.0001342
4.411 0.000134
4.412 0.0001338
4.412 0.0001337
4.412 0.0001335
4.413 0.0001333
4.413 0.0001332
4.414 0.000133
4.415 0.0001328
4.415 0.0001326
4.415 0.0001325
4.416 0.0001323
4.417 0.0001321
4.417 0.000132
4.418 0.0001318
4.418 0.0001316
4.418 0.0001315
4.419 0.0001313
4.42 0.0001311
4.42 0.000131
4.42 0.0001308
4.421 0.0001306
4.421 0.0001305
4.422 0.0001303
4.423 0.0001301
4.423 0.00013
4.423 0.0001298
4.424 0.0001296
4.425 0.0001295
4.425 0.0001293
4.426 0.0001291
4.426 0.000129
4.426 0.0001288
4.427 0.0001287
4.428 0.0001285
4.428 0.0001283
4.428 0.0001282
4.429 0.000128
4.429 0.0001278
4.43 0.0001277
4.431 0.0001275
4.431 0.0001274
4.431 0.0001272
4.432 0.000127
4.433 0.0001269
4.433 0.0001267
4.434 0.0001266
4.434 0.0001264
4.434 0.0001263
4.435 0.0001261
4.436 0.0001259
4.436 0.0001258
4.436 0.0001256
4.437 0.0001255
4.438 0.0001253
4.438 0.0001252
4.439 0.000125
4.439 0.0001249
4.439 0.0001247
4.44 0.0001245
4.441 0.0001244
4.441 0.0001242
4.441 0.0001241
4.442 0.0001239
4.442 0.0001238
4.443 0.0001236
4.444 0.0001235
4.444 0.0001233
4.444 0.0001232
4.445 0.000123
4.446 0.0001229
4.446 0.0001227
4.447 0.0001226
4.447 0.0001224
4.447 0.0001223
4.448 0.0001221
4.449 0.000122
4.449 0.0001218
4.449 0.0001217
4.45 0.0001215
4.45 0.0001214
4.451 0.0001212
4.452 0.0001211
4.452 0.0001209
4.452 0.0001208
4.453 0.0001206
4.454 0.0001205
4.454 0.0001203
4.455 0.0001202
4.455 0.0001201
4.455 0.0001199
4.456 0.0001198
4.457 0.0001196
4.457 0.0001195
4.457 0.0001193
4.458 0.0001192
4.458 0.000119
4.459 0.0001189
4.46 0.0001188
4.46 0.0001186
4.46 0.0001185
4.461 0.0001183
4.462 0.0001182
4.462 0.0001181
4.463 0.0001179
4.463 0.0001178
4.463 0.0001176
4.464 0.0001175
4.465 0.0001174
4.465 0.0001172
4.465 0.0001171
4.466 0.0001169
4.466 0.0001168
4.467 0.0001167
4.468 0.0001165
4.468 0.0001164
4.468 0.0001162
4.469 0.0001161
4.47 0.000116
4.47 0.0001158
4.471 0.0001157
4.471 0.0001156
4.471 0.0001154
4.472 0.0001153
4.473 0.0001151
4.473 0.000115
4.473 0.0001149
4.474 0.0001147
4.474 0.0001146
4.475 0.0001145
4.476 0.0001143
4.476 0.0001142
4.476 0.0001141
4.477 0.0001139
4.478 0.0001138
4.478 0.0001137
4.479 0.0001135
4.479 0.0001134
4.479 0.0001133
4.48 0.0001131
4.481 0.000113
4.481 0.0001129
4.481 0.0001127
4.482 0.0001126
4.482 0.0001125
4.483 0.0001124
4.484 0.0001122
4.484 0.0001121
4.484 0.000112
4.485 0.0001118
4.486 0.0001117
4.486 0.0001116
4.487 0.0001115
4.487 0.0001113
4.487 0.0001112
4.488 0.0001111
4.489 0.0001109
4.489 0.0001108
4.489 0.0001107
4.49 0.0001106
4.49 0.0001104
4.491 0.0001103
4.492 0.0001102
4.492 0.00011
4.492 0.0001099
4.493 0.0001098
4.494 0.0001097
4.494 0.0001095
4.495 0.0001094
4.495 0.0001093
4.495 0.0001092
4.496 0.000109
4.497 0.0001089
4.497 0.0001088
4.497 0.0001087
4.498 0.0001086
4.498 0.0001084
4.499 0.0001083
4.5 0.0001082
4.5 0.0001081
4.5 0.0001079
4.501 0.0001078
4.502 0.0001077
4.502 0.0001076
4.503 0.0001075
4.503 0.0001073
4.503 0.0001072
4.504 0.0001071
4.505 0.000107
4.505 0.0001069
4.505 0.0001067
4.506 0.0001066
4.506 0.0001065
4.507 0.0001064
4.508 0.0001063
4.508 0.0001061
4.508 0.000106
4.509 0.0001059
4.51 0.0001058
4.51 0.0001057
4.511 0.0001055
4.511 0.0001054
4.511 0.0001053
4.512 0.0001052
4.513 0.0001051
4.513 0.000105
4.513 0.0001048
4.514 0.0001047
4.514 0.0001046
4.515 0.0001045
4.516 0.0001044
4.516 0.0001043
4.516 0.0001041
4.517 0.000104
4.518 0.0001039
4.518 0.0001038
4.519 0.0001037
4.519 0.0001036
4.519 0.0001035
4.52 0.0001033
4.521 0.0001032
4.521 0.0001031
4.521 0.000103
4.522 0.0001029
4.522 0.0001028
4.523 0.0001027
4.524 0.0001026
4.524 0.0001024
4.524 0.0001023
4.525 0.0001022
4.526 0.0001021
4.526 0.000102
4.527 0.0001019
4.527 0.0001018
4.527 0.0001017
4.528 0.0001015
4.529 0.0001014
4.529 0.0001013
4.529 0.0001012
4.53 0.0001011
4.53 0.000101
4.531 0.0001009
4.532 0.0001008
4.532 0.0001007
4.532 0.0001006
4.533 0.0001005
4.534 0.0001003
4.534 0.0001002
4.535 0.0001001
4.535 0.0001
4.535 9.991e-05
4.536 9.98e-05
4.537 9.97e-05
4.537 9.959e-05
4.537 9.948e-05
4.538 9.937e-05
4.538 9.927e-05
4.539 9.916e-05
4.54 9.905e-05
4.54 9.895e-05
4.54 9.884e-05
4.541 9.874e-05
4.542 9.863e-05
4.542 9.853e-05
4.543 9.842e-05
4.543 9.832e-05
4.543 9.821e-05
4.544 9.811e-05
4.545 9.8e-05
4.545 9.79e-05
4.545 9.779e-05
4.546 9.769e-05
4.546 9.759e-05
4.547 9.748e-05
4.548 9.738e-05
4.548 9.727e-05
4.548 9.717e-05
4.549 9.707e-05
4.55 9.697e-05
4.55 9.686e-05
4.551 9.676e-05
4.551 9.666e-05
4.551 9.656e-05
4.552 9.646e-05
4.553 9.635e-05
4.553 9.625e-05
4.553 9.615e-05
4.554 9.605e-05
4.554 9.595e-05
4.555 9.585e-05
4.556 9.575e-05
4.556 9.565e-05
4.556 9.555e-05
4.557 9.545e-05
4.558 9.535e-05
4.558 9.525e-05
4.559 9.515e-05
4.559 9.505e-05
4.559 9.495e-05
4.56 9.485e-05
4.561 9.475e-05
4.561 9.465e-05
4.561 9.455e-05
4.562 9.445e-05
4.562 9.436e-05
4.563 9.426e-05
4.564 9.416e-05
4.564 9.406e-05
4.564 9.396e-05
4.565 9.387e-05
4.566 9.377e-05
4.566 9.367e-05
4.566 9.358e-05
4.567 9.348e-05
4.567 9.338e-05
4.568 9.329e-05
4.569 9.319e-05
4.569 9.309e-05
4.569 9.3e-05
4.57 9.29e-05
4.571 9.281e-05
4.571 9.271e-05
4.572 9.262e-05
4.572 9.252e-05
4.572 9.243e-05
4.573 9.233e-05
4.574 9.224e-05
4.574 9.214e-05
4.574 9.205e-05
4.575 9.195e-05
4.575 9.186e-05
4.576 9.176e-05
4.577 9.167e-05
4.577 9.158e-05
4.577 9.148e-05
4.578 9.139e-05
4.579 9.13e-05
4.579 9.12e-05
4.58 9.111e-05
4.58 9.102e-05
4.58 9.093e-05
4.581 9.083e-05
4.582 9.074e-05
4.582 9.065e-05
4.582 9.056e-05
4.583 9.047e-05
4.583 9.037e-05
4.584 9.028e-05
4.585 9.019e-05
4.585 9.01e-05
4.585 9.001e-05
4.586 8.992e-05
4.587 8.983e-05
4.587 8.974e-05
4.588 8.965e-05
4.588 8.956e-05
4.588 8.947e-05
4.589 8.938e-05
4.59 8.929e-05
4.59 8.92e-05
4.59 8.911e-05
4.591 8.902e-05
4.591 8.893e-05
4.592 8.884e-05
4.593 8.875e-05
4.593 8.866e-05
4.593 8.857e-05
4.594 8.848e-05
4.595 8.84e-05
4.595 8.831e-05
4.596 8.822e-05
4.596 8.813e-05
4.596 8.804e-05
4.597 8.796e-05
4.598 8.787e-05
4.598 8.778e-05
4.598 8.769e-05
4.599 8.761e-05
4.599 8.752e-05
4.6 8.743e-05
4.601 8.735e-05
4.601 8.726e-05
4.601 8.717e-05
4.602 8.709e-05
4.603 8.7e-05
4.603 8.692e-05
4.604 8.683e-05
4.604 8.674e-05
4.604 8.666e-05
4.605 8.657e-05
4.606 8.649e-05
4.606 8.64e-05
4.606 8.632e-05
4.607 8.623e-05
4.607 8.615e-05
4.608 8.606e-05
4.609 8.598e-05
4.609 8.589e-05
4.609 8.581e-05
4.61 8.573e-05
4.611 8.564e-05
4.611 8.556e-05
4.612 8.547e-05
4.612 8.539e-05
4.612 8.531e-05
4.613 8.522e-05
4.614 8.514e-05
4.614 8.506e-05
4.614 8.498e-05
4.615 8.489e-05
4.615 8.481e-05
4.616 8.473e-05
4.617 8.465e-05
4.617 8.456e-05
4.617 8.448e-05
4.618 8.44e-05
4.619 8.432e-05
4.619 8.424e-05
4.62 8.415e-05
4.62 8.407e-05
4.62 8.399e-05
4.621 8.391e-05
4.622 8.383e-05
4.622 8.375e-05
4.622 8.367e-05
4.623 8.359e-05
4.623 8.351e-05
4.624 8.343e-05
4.625 8.334e-05
4.625 8.326e-05
4.625 8.318e-05
4.626 8.31e-05
4.627 8.302e-05
4.627 8.295e-05
4.628 8.287e-05
4.628 8.279e-05
4.628 8.271e-05
4.629 8.263e-05
4.63 8.255e-05
4.63 8.247e-05
4.63 8.239e-05
4.631 8.231e-05
4.631 8.223e-05
4.632 8.215e-05
4.633 8.208e-05
4.633 8.2e-05
4.633 8.192e-05
4.634 8.184e-05
4.635 8.176e-05
4.635 8.169e-05
4.636 8.161e-05
4.636 8.153e-05
4.636 8.145e-05
4.637 8.138e-05
4.638 8.13e-05
4.638 8.122e-05
4.638 8.115e-05
4.639 8.107e-05
4.639 8.099e-05
4.64 8.092e-05
4.641 8.084e-05
4.641 8.076e-05
4.641 8.069e-05
4.642 8.061e-05
4.643 8.053e-05
4.643 8.046e-05
4.644 8.038e-05
4.644 8.031e-05
4.644 8.023e-05
4.645 8.016e-05
4.646 8.008e-05
4.646 8.001e-05
4.646 7.993e-05
4.647 7.986e-05
4.647 7.978e-05
4.648 7.971e-05
4.649 7.963e-05
4.649 7.956e-05
4.649 7.948e-05
4.65 7.941e-05
4.651 7.934e-05
4.651 7.926e-05
4.652 7.919e-05
4.652 7.911e-05
4.652 7.904e-05
4.653 7.897e-05
4.654 7.889e-05
4.654 7.882e-05
4.654 7.875e-05
4.655 7.867e-05
4.655 7.86e-05
4.656 7.853e-05
4.657 7.845e-05
4.657 7.838e-05
4.657 7.831e-05
4.658 7.824e-05
4.659 7.816e-05
4.659 7.809e-05
4.66 7.802e-05
4.66 7.795e-05
4.66 7.788e-05
4.661 7.78e-05
4.662 7.773e-05
4.662 7.766e-05
4.662 7.759e-05
4.663 7.752e-05
4.663 7.745e-05
4.664 7.738e-05
4.665 7.73e-05
4.665 7.723e-05
4.665 7.716e-05
4.666 7.709e-05
4.667 7.702e-05
4.667 7.695e-05
4.668 7.688e-05
4.668 7.681e-05
4.668 7.674e-05
4.669 7.667e-05
4.67 7.66e-05
4.67 7.653e-05
4.67 7.646e-05
4.671 7.639e-05
4.671 7.632e-05
4.672 7.625e-05
4.673 7.618e-05
4.673 7.611e-05
4.673 7.604e-05
4.674 7.597e-05
4.675 7.591e-05
4.675 7.584e-05
4.676 7.577e-05
4.676 7.57e-05
4.676 7.563e-05
4.677 7.556e-05
4.678 7.549e-05
4.678 7.543e-05
4.678 7.536e-05
4.679 7.529e-05
4.679 7.522e-05
4.68 7.515e-05
4.681 7.509e-05
4.681 7.502e-05
4.681 7.495e-05
4.682 7.488e-05
4.683 7.482e-05
4.683 7.475e-05
4.684 7.468e-05
4.684 7.461e-05
4.684 7.455e-05
4.685 7.448e-05
4.686 7.441e-05
4.686 7.435e-05
4.686 7.428e-05
4.687 7.421e-05
4.688 7.415e-05
4.688 7.408e-05
4.689 7.401e-05
4.689 7.395e-05
4.689 7.388e-05
4.69 7.382e-05
4.691 7.375e-05
4.691 7.368e-05
4.691 7.362e-05
4.692 7.355e-05
4.692 7.349e-05
4.693 7.342e-05
4.694 7.336e-05
4.694 7.329e-05
4.694 7.323e-05
4.695 7.316e-05
4.696 7.31e-05
4.696 7.303e-05
4.697 7.297e-05
4.697 7.29e-05
4.697 7.284e-05
4.698 7.277e-05
4.699 7.271e-05
4.699 7.265e-05
4.699 7.258e-05
4.7 7.252e-05
4.7 7.245e-05
4.701 7.239e-05
4.702 7.233e-05
4.702 7.226e-05
4.702 7.22e-05
4.703 7.214e-05
4.704 7.207e-05
4.704 7.201e-05
4.705 7.195e-05
4.705 7.188e-05
4.705 7.182e-05
4.706 7.176e-05
4.707 7.169e-05
4.707 7.163e-05
4.707 7.157e-05
4.708 7.151e-05
4.708 7.144e-05
4.709 7.138e-05
4.71 7.132e-05
4.71 7.126e-05
4.71 7.119e-05
4.711 7.113e-05
4.712 7.107e-05
4.712 7.101e-05
4.713 7.095e-05
4.713 7.088e-05
4.713 7.082e-05
4.714 7.076e-05
4.715 7.07e-05
4.715 7.064e-05
4.715 7.058e-05
4.716 7.052e-05
4.716 7.046e-05
4.717 7.039e-05
4.718 7.033e-05
4.718 7.027e-05
4.718 7.021e-05
4.719 7.015e-05
4.72 7.009e-05
4.72 7.003e-05
4.721 6.997e-05
4.721 6.991e-05
4.721 6.985e-05
4.722 6.979e-05
4.723 6.973e-05
4.723 6.967e-05
4.723 6.961e-05
4.724 6.955e-05
4.724 6.949e-05
4.725 6.943e-05
4.726 6.937e-05
4.726 6.931e-05
4.726 6.925e-05
4.727 6.919e-05
4.728 6.913e-05
4.728 6.907e-05
4.729 6.901e-05
4.729 6.896e-05
4.729 6.89e-05
4.73 6.884e-05
4.731 6.878e-05
4.731 6.872e-05
4.731 6.866e-05
4.732 6.86e-05
4.732 6.854e-05
4.733 6.849e-05
4.734 6.843e-05
4.734 6.837e-05
4.734 6.831e-05
4.735 6.825e-05
4.736 6.82e-05
4.736 6.814e-05
4.737 6.808e-05
4.737 6.802e-05
4.737 6.796e-05
4.738 6.791e-05
4.739 6.785e-05
4.739 6.779e-05
4.739 6.773e-05
4.74 6.768e-05
4.74 6.762e-05
4.741 6.756e-05
4.742 6.751e-05
4.742 6.745e-05
4.742 6.739e-05
4.743 6.734e-05
4.744 6.728e-05
4.744 6.722e-05
4.745 6.717e-05
4.745 6.711e-05
4.745 6.705e-05
4.746 6.7e-05
4.747 6.694e-05
4.747 6.688e-05
4.747 6.683e-05
4.748 6.677e-05
4.748 6.672e-05
4.749 6.666e-05
4.75 6.661e-05
4.75 6.655e-05
4.75 6.649e-05
4.751 6.644e-05
4.752 6.638e-05
4.752 6.633e-05
4.753 6.627e-05
4.753 6.622e-05
4.753 6.616e-05
4.754 6.611e-05
4.755 6.605e-05
4.755 6.6e-05
4.755 6.594e-05
4.756 6.589e-05
4.756 6.583e-05
4.757 6.578e-05
4.758 6.572e-05
4.758 6.567e-05
4.758 6.561e-05
4.759 6.556e-05
4.76 6.551e-05
4.76 6.545e-05
4.761 6.54e-05
4.761 6.534e-05
4.761 6.529e-05
4.762 6.524e-05
4.763 6.518e-05
4.763 6.513e-05
4.763 6.507e-05
4.764 6.502e-05
4.764 6.497e-05
4.765 6.491e-05
4.766 6.486e-05
4.766 6.481e-05
4.766 6.475e-05
4.767 6.47e-05
4.768 6.465e-05
4.768 6.459e-05
4.769 6.454e-05
4.769 6.449e-05
4.769 6.444e-05
4.77 6.438e-05
4.771 6.433e-05
4.771 6.428e-05
4.771 6.423e-05
4.772 6.417e-05
4.772 6.412e-05
4.773 6.407e-05
4.774 6.402e-05
4.774 6.396e-05
4.774 6.391e-05
4.775 6.386e-05
4.776 6.381e-05
4.776 6.376e-05
4.777 6.37e-05
4.777 6.365e-05
4.777 6.36e-05
4.778 6.355e-05
4.779 6.35e-05
4.779 6.345e-05
4.779 6.339e-05
4.78 6.334e-05
4.78 6.329e-05
4.781 6.324e-05
4.782 6.319e-05
4.782 6.314e-05
4.782 6.309e-05
4.783 6.304e-05
4.784 6.298e-05
4.784 6.293e-05
4.785 6.288e-05
4.785 6.283e-05
4.785 6.278e-05
4.786 6.273e-05
4.787 6.268e-05
4.787 6.263e-05
4.787 6.258e-05
4.788 6.253e-05
4.788 6.248e-05
4.789 6.243e-05
4.79 6.238e-05
4.79 6.233e-05
4.79 6.228e-05
4.791 6.223e-05
4.792 6.218e-05
4.792 6.213e-05
4.793 6.208e-05
4.793 6.203e-05
4.793 6.198e-05
4.794 6.193e-05
4.795 6.188e-05
4.795 6.183e-05
4.795 6.178e-05
4.796 6.173e-05
4.796 6.168e-05
4.797 6.164e-05
4.798 6.159e-05
4.798 6.154e-05
4.798 6.149e-05
4.799 6.144e-05
4.8 6.139e-05
4.8 6.134e-05
4.801 6.129e-05
4.801 6.124e-05
4.801 6.12e-05
4.802 6.115e-05
4.803 6.11e-05
4.803 6.105e-05
4.803 6.1e-05
4.804 6.095e-05
4.804 6.091e-05
4.805 6.086e-05
4.806 6.081e-05
4.806 6.076e-05
4.806 6.071e-05
4.807 6.067e-05
4.808 6.062e-05
4.808 6.057e-05
4.809 6.052e-05
4.809 6.047e-05
4.809 6.043e-05
4.81 6.038e-05
4.811 6.033e-05
4.811 6.028e-05
4.811 6.024e-05
4.812 6.019e-05
4.812 6.014e-05
4.813 6.01e-05
4.814 6.005e-05
4.814 6e-05
4.814 5.995e-05
4.815 5.991e-05
4.816 5.986e-05
4.816 5.981e-05
4.816 5.977e-05
4.817 5.972e-05
4.817 5.967e-05
4.818 5.963e-05
4.819 5.958e-05
4.819 5.953e-05
4.819 5.949e-05
4.82 5.944e-05
4.821 5.94e-05
4.821 5.935e-05
4.822 5.93e-05
4.822 5.926e-05
4.822 5.921e-05
4.823 5.917e-05
4.824 5.912e-05
4.824 5.907e-05
4.824 5.903e-05
4.825 5.898e-05
4.825 5.894e-05
4.826 5.889e-05
4.827 5.885e-05
4.827 5.88e-05
4.827 5.875e-05
4.828 5.871e-05
4.829 5.866e-05
4.829 5.862e-05
4.83 5.857e-05
4.83 5.853e-05
4.83 5.848e-05
4.831 5.844e-05
4.832 5.839e-05
4.832 5.835e-05
4.832 5.83e-05
4.833 5.826e-05
4.833 5.821e-05
4.834 5.817e-05
4.835 5.812e-05
4.835 5.808e-05
4.835 5.803e-05
4.836 5.799e-05
4.837 5.795e-05
4.837 5.79e-05
4.838 5.786e-05
4.838 5.781e-05
4.838 5.777e-05
4.839 5.772e-05
4.84 5.768e-05
4.84 5.764e-05
4.84 5.759e-05
4.841 5.755e-05
4.841 5.75e-05
4.842 5.746e-05
4.843 5.742e-05
4.843 5.737e-05
4.843 5.733e-05
4.844 5.729e-05
4.845 5.724e-05
4.845 5.72e-05
4.846 5.716e-05
4.846 5.711e-05
4.846 5.707e-05
4.847 5.703e-05
4.848 5.698e-05
4.848 5.694e-05
4.848 5.69e-05
4.849 5.685e-05
4.849 5.681e-05
4.85 5.677e-05
4.851 5.672e-05
4.851 5.668e-05
4.851 5.664e-05
4.852 5.66e-05
4.853 5.655e-05
4.853 5.651e-05
4.854 5.647e-05
4.854 5.642e-05
4.854 5.638e-05
4.855 5.634e-05
4.856 5.63e-05
4.856 5.626e-05
4.856 5.621e-05
4.857 5.617e-05
4.857 5.613e-05
4.858 5.609e-05
4.859 5.604e-05
4.859 5.6e-05
4.859 5.596e-05
4.86 5.592e-05
4.861 5.588e-05
4.861 5.583e-05
4.862 5.579e-05
4.862 5.575e-05
4.862 5.571e-05
4.863 5.567e-05
4.864 5.563e-05
4.864 5.558e-05
4.864 5.554e-05
4.865 5.55e-05
4.865 5.546e-05
4.866 5.542e-05
4.867 5.538e-05
4.867 5.534e-05
4.867 5.53e-05
4.868 5.525e-05
4.869 5.521e-05
4.869 5.517e-05
4.87 5.513e-05
4.87 5.509e-05
4.87 5.505e-05
4.871 5.501e-05
4.872 5.497e-05
4.872 5.493e-05
4.872 5.489e-05
4.873 5.485e-05
4.873 5.481e-05
4.874 5.476e-05
4.875 5.472e-05
4.875 5.468e-05
4.875 5.464e-05
4.876 5.46e-05
4.877 5.456e-05
4.877 5.452e-05
4.878 5.448e-05
4.878 5.444e-05
4.878 5.44e-05
4.879 5.436e-05
4.88 5.432e-05
4.88 5.428e-05
4.88 5.424e-05
4.881 5.42e-05
4.881 5.416e-05
4.882 5.412e-05
4.883 5.408e-05
4.883 5.404e-05
4.883 5.4e-05
4.884 5.396e-05
4.885 5.392e-05
4.885 5.389e-05
4.886 5.385e-05
4.886 5.381e-05
4.886 5.377e-05
4.887 5.373e-05
4.888 5.369e-05
4.888 5.365e-05
4.888 5.361e-05
4.889 5.357e-05
4.889 5.353e-05
4.89 5.349e-05
4.891 5.345e-05
4.891 5.342e-05
4.891 5.338e-05
4.892 5.334e-05
4.893 5.33e-05
4.893 5.326e-05
4.894 5.322e-05
4.894 5.318e-05
4.894 5.314e-05
4.895 5.311e-05
4.896 5.307e-05
4.896 5.303e-05
4.896 5.299e-05
4.897 5.295e-05
4.897 5.291e-05
4.898 5.288e-05
4.899 5.284e-05
4.899 5.28e-05
4.899 5.276e-05
4.9 5.272e-05
4.901 5.268e-05
4.901 5.265e-05
4.902 5.261e-05
4.902 5.257e-05
4.902 5.253e-05
4.903 5.25e-05
4.904 5.246e-05
4.904 5.242e-05
4.904 5.238e-05
4.905 5.234e-05
4.905 5.231e-05
4.906 5.227e-05
4.907 5.223e-05
4.907 5.219e-05
4.907 5.216e-05
4.908 5.212e-05
4.909 5.208e-05
4.909 5.204e-05
4.91 5.201e-05
4.91 5.197e-05
4.91 5.193e-05
4.911 5.19e-05
4.912 5.186e-05
4.912 5.182e-05
4.912 5.178e-05
4.913 5.175e-05
4.913 5.171e-05
4.914 5.167e-05
4.915 5.164e-05
4.915 5.16e-05
4.915 5.156e-05
4.916 5.153e-05
4.917 5.149e-05
4.917 5.145e-05
4.918 5.142e-05
4.918 5.138e-05
4.918 5.134e-05
4.919 5.131e-05
4.92 5.127e-05
4.92 5.123e-05
4.92 5.12e-05
4.921 5.116e-05
4.921 5.113e-05
4.922 5.109e-05
4.923 5.105e-05
4.923 5.102e-05
4.923 5.098e-05
4.924 5.095e-05
4.925 5.091e-05
4.925 5.087e-05
4.926 5.084e-05
4.926 5.08e-05
4.926 5.077e-05
4.927 5.073e-05
4.928 5.069e-05
4.928 5.066e-05
4.928 5.062e-05
4.929 5.059e-05
4.929 5.055e-05
4.93 5.052e-05
4.931 5.048e-05
4.931 5.045e-05
4.931 5.041e-05
4.932 5.037e-05
4.933 5.034e-05
4.933 5.03e-05
4.934 5.027e-05
4.934 5.023e-05
4.934 5.02e-05
4.935 5.016e-05
4.936 5.013e-05
4.936 5.009e-05
4.936 5.006e-05
4.937 5.002e-05
4.938 4.999e-05
4.938 4.995e-05
4.939 4.992e-05
4.939 4.988e-05
4.939 4.985e-05
4.94 4.981e-05
4.941 4.978e-05
4.941 4.975e-05
4.941 4.971e-05
4.942 4.968e-05
4.942 4.964e-05
4.943 4.961e-05
4.944 4.957e-05
4.944 4.954e-05
4.944 4.95e-05
4.945 4.947e-05
4.946 4.943e-05
4.946 4.94e-05
4.947 4.937e-05
4.947 4.933e-05
4.947 4.93e-05
4.948 4.926e-05
4.949 4.923e-05
4.949 4.92e-05
4.949 4.916e-05
4.95 4.913e-05
4.95 4.909e-05
4.951 4.906e-05
4.952 4.903e-05
4.952 4.899e-05
4.952 4.896e-05
4.953 4.893e-05
4.954 4.889e-05
4.954 4.886e-05
4.955 4.882e-05
4.955 4.879e-05
4.955 4.876e-05
4.956 4.872e-05
4.957 4.869e-05
4.957 4.866e-05
4.957 4.862e-05
4.958 4.859e-05
4.958 4.856e-05
4.959 4.852e-05
4.96 4.849e-05
4.96 4.846e-05
4.96 4.842e-05
4.961 4.839e-05
4.962 4.836e-05
4.962 4.832e-05
4.963 4.829e-05
4.963 4.826e-05
4.963 4.823e-05
4.964 4.819e-05
4.965 4.816e-05
4.965 4.813e-05
4.965 4.809e-05
4.966 4.806e-05
4.966 4.803e-05
4.967 4.8e-05
4.968 4.796e-05
4.968 4.793e-05
4.968 4.79e-05
4.969 4.787e-05
4.97 4.783e-05
4.97 4.78e-05
4.971 4.777e-05
4.971 4.774e-05
4.971 4.77e-05
4.972 4.767e-05
4.973 4.764e-05
4.973 4.761e-05
4.973 4.757e-05
4.974 4.754e-05
4.974 4.751e-05
4.975 4.748e-05
4.976 4.745e-05
4.976 4.741e-05
4.976 4.738e-05
4.977 4.735e-05
4.978 4.732e-05
4.978 4.729e-05
4.979 4.725e-05
4.979 4.722e-05
4.979 4.719e-05
4.98 4.716e-05
4.981 4.713e-05
4.981 4.71e-05
4.981 4.706e-05
4.982 4.703e-05
4.982 4.7e-05
4.983 4.697e-05
4.984 4.694e-05
4.984 4.691e-05
4.984 4.687e-05
4.985 4.684e-05
4.986 4.681e-05
4.986 4.678e-05
4.987 4.675e-05
4.987 4.672e-05
4.987 4.669e-05
4.988 4.666e-05
4.989 4.662e-05
4.989 4.659e-05
4.989 4.656e-05
4.99 4.653e-05
4.99 4.65e-05
4.991 4.647e-05
4.992 4.644e-05
4.992 4.641e-05
4.992 4.638e-05
4.993 4.635e-05
4.994 4.631e-05
4.994 4.628e-05
4.995 4.625e-05
4.995 4.622e-05
4.995 4.619e-05
4.996 4.616e-05
4.997 4.613e-05
4.997 4.61e-05
4.997 4.607e-05
4.998 4.604e-05
4.998 4.601e-05
4.999 4.598e-05
5 4.595e-05
5 4.592e-05
