ppm I
0 4.059e-05
0.0005 4.062e-05
0.001 4.064e-05
0.0015 4.067e-05
0.002 4.07e-05
0.0025 4.073e-05
0.003 4.076e-05
0.0035 4.079e-05
0.004 4.081e-05
0.0045 4.084e-05
0.005 4.087e-05
0.0055 4.09e-05
0.006 4.093e-05
0.0065 4.096e-05
0.007 4.098e-05
0.0075 4.101e-05
0.008 4.104e-05
0.0085 4.107e-05
0.009 4.11e-05
0.0095 4.113e-05
0.01 4.116e-05
0.0105 4.119e-05
0.011 4.121e-05
0.0115 4.124e-05
0.012 4.127e-05
0.0125 4.13e-05
0.013 4.133e-05
0.0135 4.136e-05
0.014 4.139e-05
0.0145 4.142e-05
0.015 4.145e-05
0.0155 4.148e-05
0.016 4.15e-05
0.0165 4.153e-05
0.017 4.156e-05
0.0175 4.159e-05
0.018 4.162e-05
0.0185 4.165e-05
0.019 4.168e-05
0.0195 4.171e-05
0.02 4.174e-05
0.0205 4.177e-05
0.021 4.18e-05
0.0215 4.183e-05
0.022 4.186e-05
0.0225 4.189e-05
0.023 4.192e-05
0.0235 4.195e-05
0.024 4.198e-05
0.0245 4.2e-05
0.025 4.203e-05
0.0255 4.206e-05
0.026 4.209e-05
0.0265 4.212e-05
0.027 4.215e-05
0.0275 4.218e-05
0.028 4.221e-05
0.0285 4.224e-05
0.029 4.227e-05
0.0295 4.23e-05
0.03 4.233e-05
0.0305 4.236e-05
0.031 4.239e-05
0.0315 4.242e-05
0.032 4.245e-05
0.0325 4.248e-05
0.033 4.252e-05
0.0335 4.255e-05
0.034 4.258e-05
0.0345 4.261e-05
0.035 4.264e-05
0.0355 4.267e-05
0.036 4.27e-05
0.0365 4.273e-05
0.037 4.276e-05
0.0375 4.279e-05
0.038 4.282e-05
0.0385 4.285e-05
0.039 4.288e-05
0.0395 4.291e-05
0.04 4.294e-05
0.0405 4.297e-05
0.041 4.3e-05
0.0415 4.304e-05
0.042 4.307e-05
0.0425 4.31e-05
0.043 4.313e-05
0.0435 4.316e-05
0.044 4.319e-05
0.0445 4.322e-05
0.045 4.325e-05
0.0455 4.328e-05
0.046 4.331e-05
0.0465 4.335e-05
0.047 4.338e-05
0.0475 4.341e-05
0.048 4.344e-05
0.0485 4.347e-05
0.049 4.35e-05
0.0495 4.353e-05
0.05 4.357e-05
0.0505 4.36e-05
0.051 4.363e-05
0.0515 4.366e-05
0.052 4.369e-05
0.0525 4.372e-05
0.053 4.375e-05
0.0535 4.379e-05
0.054 4.382e-05
0.0545 4.385e-05
0.055 4.388e-05
0.0555 4.391e-05
0.056 4.395e-05
0.0565 4.398e-05
0.057 4.401e-05
0.0575 4.404e-05
0.058 4.407e-05
0.0585 4.411e-05
0.059 4.414e-05
0.0595 4.417e-05
0.06 4.42e-05
0.0605 4.423e-05
0.061 4.427e-05
0.0615 4.43e-05
0.062 4.433e-05
0.0625 4.436e-05
0.063 4.44e-05
0.0635 4.443e-05
0.064 4.446e-05
0.0645 4.449e-05
0.065 4.453e-05
0.0655 4.456e-05
0.066 4.459e-05
0.0665 4.462e-05
0.067 4.466e-05
0.0675 4.469e-05
0.068 4.472e-05
0.0685 4.476e-05
0.069 4.479e-05
0.0695 4.482e-05
0.07 4.485e-05
0.0705 4.489e-05
0.071 4.492e-05
0.0715 4.495e-05
0.072 4.499e-05
0.0725 4.502e-05
0.073 4.505e-05
0.0735 4.509e-05
0.074 4.512e-05
0.0745 4.515e-05
0.075 4.519e-05
0.0755 4.522e-05
0.076 4.525e-05
0.0765 4.529e-05
0.077 4.532e-05
0.0775 4.535e-05
0.078 4.539e-05
0.0785 4.542e-05
0.079 4.545e-05
0.0795 4.549e-05
0.08 4.552e-05
0.0805 4.556e-05
0.081 4.559e-05
0.0815 4.562e-05
0.082 4.566e-05
0.0825 4.569e-05
0.083 4.573e-05
0.0835 4.576e-05
0.084 4.579e-05
0.0845 4.583e-05
0.085 4.586e-05
0.0855 4.59e-05
0.086 4.593e-05
0.0865 4.596e-05
0.087 4.6e-05
0.0875 4.603e-05
0.088 4.607e-05
0.0885 4.61e-05
0.089 4.614e-05
0.0895 4.617e-05
0.09 4.621e-05
0.0905 4.624e-05
0.091 4.628e-05
0.0915 4.631e-05
0.092 4.634e-05
0.0925 4.638e-05
0.093 4.641e-05
0.0935 4.645e-05
0.094 4.648e-05
0.0945 4.652e-05
0.095 4.655e-05
0.0955 4.659e-05
0.096 4.662e-05
0.0965 4.666e-05
0.097 4.669e-05
0.0975 4.673e-05
0.098 4.676e-05
0.0985 4.68e-05
0.099 4.684e-05
0.0995 4.687e-05
0.1 4.691e-05
0.1005 4.694e-05
0.101 4.698e-05
0.1015 4.701e-05
0.102 4.705e-05
0.1025 4.708e-05
0.103 4.712e-05
0.1035 4.716e-05
0.104 4.719e-05
0.1045 4.723e-05
0.105 4.726e-05
0.1055 4.73e-05
0.106 4.733e-05
0.1065 4.737e-05
0.107 4.741e-05
0.1075 4.744e-05
0.108 4.748e-05
0.1085 4.751e-05
0.109 4.755e-05
0.1095 4.759e-05
0.11 4.762e-05
0.1105 4.766e-05
0.111 4.77e-05
0.1115 4.773e-05
0.112 4.777e-05
0.1125 4.781e-05
0.113 4.784e-05
0.1135 4.788e-05
0.114 4.791e-05
0.1145 4.795e-05
0.115 4.799e-05
0.1155 4.803e-05
0.116 4.806e-05
0.1165 4.81e-05
0.117 4.814e-05
0.1175 4.817e-05
0.118 4.821e-05
0.1185 4.825e-05
0.119 4.828e-05
0.1195 4.832e-05
0.12 4.836e-05
0.1205 4.84e-05
0.121 4.843e-05
0.1215 4.847e-05
0.122 4.851e-05
0.1225 4.854e-05
0.123 4.858e-05
0.1235 4.862e-05
0.124 4.866e-05
0.1245 4.869e-05
0.125 4.873e-05
0.1255 4.877e-05
0.126 4.881e-05
0.1265 4.885e-05
0.127 4.888e-05
0.1275 4.892e-05
0.128 4.896e-05
0.1285 4.9e-05
0.129 4.903e-05
0.1295 4.907e-05
0.13 4.911e-05
0.1305 4.915e-05
0.131 4.919e-05
0.1315 4.923e-05
0.132 4.926e-05
0.1325 4.93e-05
0.133 4.934e-05
0.1335 4.938e-05
0.134 4.942e-05
0.1345 4.946e-05
0.135 4.949e-05
0.1355 4.953e-05
0.136 4.957e-05
0.1365 4.961e-05
0.137 4.965e-05
0.1375 4.969e-05
0.138 4.973e-05
0.1385 4.977e-05
0.139 4.98e-05
0.1395 4.984e-05
0.14 4.988e-05
0.1405 4.992e-05
0.141 4.996e-05
0.1415 5e-05
0.142 5.004e-05
0.1425 5.008e-05
0.143 5.012e-05
0.1435 5.016e-05
0.144 5.02e-05
0.1445 5.024e-05
0.145 5.028e-05
0.1455 5.032e-05
0.146 5.035e-05
0.1465 5.039e-05
0.147 5.043e-05
0.1475 5.047e-05
0.148 5.051e-05
0.1485 5.055e-05
0.149 5.059e-05
0.1495 5.063e-05
0.15 5.067e-05
0.1505 5.071e-05
0.151 5.075e-05
0.1515 5.079e-05
0.152 5.083e-05
0.1525 5.087e-05
0.153 5.092e-05
0.1535 5.096e-05
0.154 5.1e-05
0.1545 5.104e-05
0.155 5.108e-05
0.1555 5.112e-05
0.156 5.116e-05
0.1565 5.12e-05
0.157 5.124e-05
0.1575 5.128e-05
0.158 5.132e-05
0.1585 5.136e-05
0.159 5.14e-05
0.1595 5.144e-05
0.16 5.149e-05
0.1605 5.153e-05
0.161 5.157e-05
0.1615 5.161e-05
0.162 5.165e-05
0.1625 5.169e-05
0.163 5.173e-05
0.1635 5.177e-05
0.164 5.182e-05
0.1645 5.186e-05
0.165 5.19e-05
0.1655 5.194e-05
0.166 5.198e-05
0.1665 5.202e-05
0.167 5.207e-05
0.1675 5.211e-05
0.168 5.215e-05
0.1685 5.219e-05
0.169 5.223e-05
0.1695 5.228e-05
0.17 5.232e-05
0.1705 5.236e-05
0.171 5.24e-05
0.1715 5.244e-05
0.172 5.249e-05
0.1725 5.253e-05
0.173 5.257e-05
0.1735 5.261e-05
0.174 5.266e-05
0.1745 5.27e-05
0.175 5.274e-05
0.1755 5.278e-05
0.176 5.283e-05
0.1765 5.287e-05
0.177 5.291e-05
0.1775 5.296e-05
0.178 5.3e-05
0.1785 5.304e-05
0.179 5.309e-05
0.1795 5.313e-05
0.18 5.317e-05
0.1805 5.321e-05
0.181 5.326e-05
0.1815 5.33e-05
0.182 5.335e-05
0.1825 5.339e-05
0.183 5.343e-05
0.1835 5.348e-05
0.184 5.352e-05
0.1845 5.356e-05
0.185 5.361e-05
0.1855 5.365e-05
0.186 5.369e-05
0.1865 5.374e-05
0.187 5.378e-05
0.1875 5.383e-05
0.188 5.387e-05
0.1885 5.392e-05
0.189 5.396e-05
0.1895 5.4e-05
0.19 5.405e-05
0.1905 5.409e-05
0.191 5.414e-05
0.1915 5.418e-05
0.192 5.423e-05
0.1925 5.427e-05
0.193 5.432e-05
0.1935 5.436e-05
0.194 5.441e-05
0.1945 5.445e-05
0.195 5.45e-05
0.1955 5.454e-05
0.196 5.459e-05
0.1965 5.463e-05
0.197 5.468e-05
0.1975 5.472e-05
0.198 5.477e-05
0.1985 5.481e-05
0.199 5.486e-05
0.1995 5.49e-05
0.2 5.495e-05
0.2005 5.499e-05
0.201 5.504e-05
0.2015 5.508e-05
0.202 5.513e-05
0.2025 5.518e-05
0.203 5.522e-05
0.2035 5.527e-05
0.204 5.531e-05
0.2045 5.536e-05
0.205 5.541e-05
0.2055 5.545e-05
0.206 5.55e-05
0.2065 5.555e-05
0.207 5.559e-05
0.2075 5.564e-05
0.208 5.568e-05
0.2085 5.573e-05
0.209 5.578e-05
0.2095 5.582e-05
0.21 5.587e-05
0.2105 5.592e-05
0.211 5.597e-05
0.2115 5.601e-05
0.212 5.606e-05
0.2125 5.611e-05
0.213 5.615e-05
0.2135 5.62e-05
0.214 5.625e-05
0.2145 5.63e-05
0.215 5.634e-05
0.2155 5.639e-05
0.216 5.644e-05
0.2165 5.649e-05
0.217 5.653e-05
0.2175 5.658e-05
0.218 5.663e-05
0.2185 5.668e-05
0.219 5.672e-05
0.2195 5.677e-05
0.22 5.682e-05
0.2205 5.687e-05
0.221 5.692e-05
0.2215 5.697e-05
0.222 5.701e-05
0.2225 5.706e-05
0.223 5.711e-05
0.2235 5.716e-05
0.224 5.721e-05
0.2245 5.726e-05
0.225 5.73e-05
0.2255 5.735e-05
0.226 5.74e-05
0.2265 5.745e-05
0.227 5.75e-05
0.2275 5.755e-05
0.228 5.76e-05
0.2285 5.765e-05
0.229 5.77e-05
0.2295 5.775e-05
0.23 5.78e-05
0.2305 5.785e-05
0.231 5.789e-05
0.2315 5.794e-05
0.232 5.799e-05
0.2325 5.804e-05
0.233 5.809e-05
0.2335 5.814e-05
0.234 5.819e-05
0.2345 5.824e-05
0.235 5.829e-05
0.2355 5.834e-05
0.236 5.839e-05
0.2365 5.844e-05
0.237 5.849e-05
0.2375 5.854e-05
0.238 5.859e-05
0.2385 5.865e-05
0.239 5.87e-05
0.2395 5.875e-05
0.24 5.88e-05
0.2405 5.885e-05
0.241 5.89e-05
0.2415 5.895e-05
0.242 5.9e-05
0.2425 5.905e-05
0.243 5.91e-05
0.2435 5.915e-05
0.244 5.921e-05
0.2445 5.926e-05
0.245 5.931e-05
0.2455 5.936e-05
0.246 5.941e-05
0.2465 5.946e-05
0.247 5.952e-05
0.2475 5.957e-05
0.248 5.962e-05
0.2485 5.967e-05
0.249 5.972e-05
0.2495 5.978e-05
0.25 5.983e-05
0.2505 5.988e-05
0.251 5.993e-05
0.2515 5.998e-05
0.252 6.004e-05
0.2525 6.009e-05
0.253 6.014e-05
0.2535 6.019e-05
0.254 6.025e-05
0.2545 6.03e-05
0.255 6.035e-05
0.2555 6.041e-05
0.256 6.046e-05
0.2565 6.051e-05
0.257 6.057e-05
0.2575 6.062e-05
0.258 6.067e-05
0.2585 6.073e-05
0.259 6.078e-05
0.2595 6.083e-05
0.26 6.089e-05
0.2605 6.094e-05
0.261 6.099e-05
0.2615 6.105e-05
0.262 6.11e-05
0.2625 6.116e-05
0.263 6.121e-05
0.2635 6.126e-05
0.264 6.132e-05
0.2645 6.137e-05
0.265 6.143e-05
0.2655 6.148e-05
0.266 6.154e-05
0.2665 6.159e-05
0.267 6.165e-05
0.2675 6.17e-05
0.268 6.176e-05
0.2685 6.181e-05
0.269 6.187e-05
0.2695 6.192e-05
0.27 6.198e-05
0.2705 6.203e-05
0.271 6.209e-05
0.2715 6.214e-05
0.272 6.22e-05
0.2725 6.225e-05
0.273 6.231e-05
0.2735 6.236e-05
0.274 6.242e-05
0.2745 6.248e-05
0.275 6.253e-05
0.2755 6.259e-05
0.276 6.264e-05
0.2765 6.27e-05
0.277 6.276e-05
0.2775 6.281e-05
0.278 6.287e-05
0.2785 6.293e-05
0.279 6.298e-05
0.2795 6.304e-05
0.28 6.31e-05
0.2805 6.315e-05
0.281 6.321e-05
0.2815 6.327e-05
0.282 6.332e-05
0.2825 6.338e-05
0.283 6.344e-05
0.2835 6.35e-05
0.284 6.355e-05
0.2845 6.361e-05
0.285 6.367e-05
0.2855 6.373e-05
0.286 6.378e-05
0.2865 6.384e-05
0.287 6.39e-05
0.2875 6.396e-05
0.288 6.402e-05
0.2885 6.408e-05
0.289 6.413e-05
0.2895 6.419e-05
0.29 6.425e-05
0.2905 6.431e-05
0.291 6.437e-05
0.2915 6.443e-05
0.292 6.448e-05
0.2925 6.454e-05
0.293 6.46e-05
0.2935 6.466e-05
0.294 6.472e-05
0.2945 6.478e-05
0.295 6.484e-05
0.2955 6.49e-05
0.296 6.496e-05
0.2965 6.502e-05
0.297 6.508e-05
0.2975 6.514e-05
0.298 6.52e-05
0.2985 6.526e-05
0.299 6.532e-05
0.2995 6.538e-05
0.3 6.544e-05
0.3005 6.55e-05
0.301 6.556e-05
0.3015 6.562e-05
0.302 6.568e-05
0.3025 6.574e-05
0.303 6.58e-05
0.3035 6.586e-05
0.304 6.592e-05
0.3045 6.598e-05
0.305 6.604e-05
0.3055 6.611e-05
0.306 6.617e-05
0.3065 6.623e-05
0.307 6.629e-05
0.3075 6.635e-05
0.308 6.641e-05
0.3085 6.648e-05
0.309 6.654e-05
0.3095 6.66e-05
0.31 6.666e-05
0.3105 6.672e-05
0.311 6.679e-05
0.3115 6.685e-05
0.312 6.691e-05
0.3125 6.697e-05
0.313 6.704e-05
0.3135 6.71e-05
0.314 6.716e-05
0.3145 6.722e-05
0.315 6.729e-05
0.3155 6.735e-05
0.316 6.741e-05
0.3165 6.748e-05
0.317 6.754e-05
0.3175 6.76e-05
0.318 6.767e-05
0.3185 6.773e-05
0.319 6.779e-05
0.3195 6.786e-05
0.32 6.792e-05
0.3205 6.799e-05
0.321 6.805e-05
0.3215 6.811e-05
0.322 6.818e-05
0.3225 6.824e-05
0.323 6.831e-05
0.3235 6.837e-05
0.324 6.844e-05
0.3245 6.85e-05
0.325 6.857e-05
0.3255 6.863e-05
0.326 6.87e-05
0.3265 6.876e-05
0.327 6.883e-05
0.3275 6.889e-05
0.328 6.896e-05
0.3285 6.902e-05
0.329 6.909e-05
0.3295 6.915e-05
0.33 6.922e-05
0.3305 6.929e-05
0.331 6.935e-05
0.3315 6.942e-05
0.332 6.948e-05
0.3325 6.955e-05
0.333 6.962e-05
0.3335 6.968e-05
0.334 6.975e-05
0.3345 6.982e-05
0.335 6.988e-05
0.3355 6.995e-05
0.336 7.002e-05
0.3365 7.009e-05
0.337 7.015e-05
0.3375 7.022e-05
0.338 7.029e-05
0.3385 7.036e-05
0.339 7.042e-05
0.3395 7.049e-05
0.34 7.056e-05
0.3405 7.063e-05
0.341 7.069e-05
0.3415 7.076e-05
0.342 7.083e-05
0.3425 7.09e-05
0.343 7.097e-05
0.3435 7.104e-05
0.344 7.111e-05
0.3445 7.117e-05
0.345 7.124e-05
0.3455 7.131e-05
0.346 7.138e-05
0.3465 7.145e-05
0.347 7.152e-05
0.3475 7.159e-05
0.348 7.166e-05
0.3485 7.173e-05
0.349 7.18e-05
0.3495 7.187e-05
0.35 7.194e-05
0.3505 7.201e-05
0.351 7.208e-05
0.3515 7.215e-05
0.352 7.222e-05
0.3525 7.229e-05
0.353 7.236e-05
0.3535 7.243e-05
0.354 7.25e-05
0.3545 7.258e-05
0.355 7.265e-05
0.3555 7.272e-05
0.356 7.279e-05
0.3565 7.286e-05
0.357 7.293e-05
0.3575 7.3e-05
0.358 7.308e-05
0.3585 7.315e-05
0.359 7.322e-05
0.3595 7.329e-05
0.36 7.336e-05
0.3605 7.344e-05
0.361 7.351e-05
0.3615 7.358e-05
0.362 7.365e-05
0.3625 7.373e-05
0.363 7.38e-05
0.3635 7.387e-05
0.364 7.395e-05
0.3645 7.402e-05
0.365 7.409e-05
0.3655 7.417e-05
0.366 7.424e-05
0.3665 7.431e-05
0.367 7.439e-05
0.3675 7.446e-05
0.368 7.454e-05
0.3685 7.461e-05
0.369 7.469e-05
0.3695 7.476e-05
0.37 7.483e-05
0.3705 7.491e-05
0.371 7.498e-05
0.3715 7.506e-05
0.372 7.513e-05
0.3725 7.521e-05
0.373 7.529e-05
0.3735 7.536e-05
0.374 7.544e-05
0.3745 7.551e-05
0.375 7.559e-05
0.3755 7.566e-05
0.376 7.574e-05
0.3765 7.582e-05
0.377 7.589e-05
0.3775 7.597e-05
0.378 7.605e-05
0.3785 7.612e-05
0.379 7.62e-05
0.3795 7.628e-05
0.38 7.635e-05
0.3805 7.643e-05
0.381 7.651e-05
0.3815 7.658e-05
0.382 7.666e-05
0.3825 7.674e-05
0.383 7.682e-05
0.3835 7.69e-05
0.384 7.697e-05
0.3845 7.705e-05
0.385 7.713e-05
0.3855 7.721e-05
0.386 7.729e-05
0.3865 7.737e-05
0.387 7.745e-05
0.3875 7.752e-05
0.388 7.76e-05
0.3885 7.768e-05
0.389 7.776e-05
0.3895 7.784e-05
0.39 7.792e-05
0.3905 7.8e-05
0.391 7.808e-05
0.3915 7.816e-05
0.392 7.824e-05
0.3925 7.832e-05
0.393 7.84e-05
0.3935 7.848e-05
0.394 7.856e-05
0.3945 7.864e-05
0.395 7.872e-05
0.3955 7.881e-05
0.396 7.889e-05
0.3965 7.897e-05
0.397 7.905e-05
0.3975 7.913e-05
0.398 7.921e-05
0.3985 7.929e-05
0.399 7.938e-05
0.3995 7.946e-05
0.4 7.954e-05
0.4005 7.962e-05
0.401 7.971e-05
0.4015 7.979e-05
0.402 7.987e-05
0.4025 7.995e-05
0.403 8.004e-05
0.4035 8.012e-05
0.404 8.02e-05
0.4045 8.029e-05
0.405 8.037e-05
0.4055 8.046e-05
0.406 8.054e-05
0.4065 8.062e-05
0.407 8.071e-05
0.4075 8.079e-05
0.408 8.088e-05
0.4085 8.096e-05
0.409 8.105e-05
0.4095 8.113e-05
0.41 8.122e-05
0.4105 8.13e-05
0.411 8.139e-05
0.4115 8.147e-05
0.412 8.156e-05
0.4125 8.164e-05
0.413 8.173e-05
0.4135 8.182e-05
0.414 8.19e-05
0.4145 8.199e-05
0.415 8.208e-05
0.4155 8.216e-05
0.416 8.225e-05
0.4165 8.234e-05
0.417 8.242e-05
0.4175 8.251e-05
0.418 8.26e-05
0.4185 8.269e-05
0.419 8.277e-05
0.4195 8.286e-05
0.42 8.295e-05
0.4205 8.304e-05
0.421 8.313e-05
0.4215 8.321e-05
0.422 8.33e-05
0.4225 8.339e-05
0.423 8.348e-05
0.4235 8.357e-05
0.424 8.366e-05
0.4245 8.375e-05
0.425 8.384e-05
0.4255 8.393e-05
0.426 8.402e-05
0.4265 8.411e-05
0.427 8.42e-05
0.4275 8.429e-05
0.428 8.438e-05
0.4285 8.447e-05
0.429 8.456e-05
0.4295 8.465e-05
0.43 8.474e-05
0.4305 8.483e-05
0.431 8.492e-05
0.4315 8.502e-05
0.432 8.511e-05
0.4325 8.52e-05
0.433 8.529e-05
0.4335 8.538e-05
0.434 8.548e-05
0.4345 8.557e-05
0.435 8.566e-05
0.4355 8.575e-05
0.436 8.585e-05
0.4365 8.594e-05
0.437 8.603e-05
0.4375 8.613e-05
0.438 8.622e-05
0.4385 8.631e-05
0.439 8.641e-05
0.4395 8.65e-05
0.44 8.66e-05
0.4405 8.669e-05
0.441 8.679e-05
0.4415 8.688e-05
0.442 8.698e-05
0.4425 8.707e-05
0.443 8.717e-05
0.4435 8.726e-05
0.444 8.736e-05
0.4445 8.745e-05
0.445 8.755e-05
0.4455 8.764e-05
0.446 8.774e-05
0.4465 8.784e-05
0.447 8.793e-05
0.4475 8.803e-05
0.448 8.813e-05
0.4485 8.823e-05
0.449 8.832e-05
0.4495 8.842e-05
0.45 8.852e-05
0.4505 8.862e-05
0.451 8.871e-05
0.4515 8.881e-05
0.452 8.891e-05
0.4525 8.901e-05
0.453 8.911e-05
0.4535 8.921e-05
0.454 8.931e-05
0.4545 8.94e-05
0.455 8.95e-05
0.4555 8.96e-05
0.456 8.97e-05
0.4565 8.98e-05
0.457 8.99e-05
0.4575 9e-05
0.458 9.01e-05
0.4585 9.021e-05
0.459 9.031e-05
0.4595 9.041e-05
0.46 9.051e-05
0.4605 9.061e-05
0.461 9.071e-05
0.4615 9.081e-05
0.462 9.092e-05
0.4625 9.102e-05
0.463 9.112e-05
0.4635 9.122e-05
0.464 9.133e-05
0.4645 9.143e-05
0.465 9.153e-05
0.4655 9.163e-05
0.466 9.174e-05
0.4665 9.184e-05
0.467 9.195e-05
0.4675 9.205e-05
0.468 9.215e-05
0.4685 9.226e-05
0.469 9.236e-05
0.4695 9.247e-05
0.47 9.257e-05
0.4705 9.268e-05
0.471 9.278e-05
0.4715 9.289e-05
0.472 9.299e-05
0.4725 9.31e-05
0.473 9.321e-05
0.4735 9.331e-05
0.474 9.342e-05
0.4745 9.353e-05
0.475 9.363e-05
0.4755 9.374e-05
0.476 9.385e-05
0.4765 9.395e-05
0.477 9.406e-05
0.4775 9.417e-05
0.478 9.428e-05
0.4785 9.439e-05
0.479 9.449e-05
0.4795 9.46e-05
0.48 9.471e-05
0.4805 9.482e-05
0.481 9.493e-05
0.4815 9.504e-05
0.482 9.515e-05
0.4825 9.526e-05
0.483 9.537e-05
0.4835 9.548e-05
0.484 9.559e-05
0.4845 9.57e-05
0.485 9.581e-05
0.4855 9.592e-05
0.486 9.603e-05
0.4865 9.615e-05
0.487 9.626e-05
0.4875 9.637e-05
0.488 9.648e-05
0.4885 9.659e-05
0.489 9.671e-05
0.4895 9.682e-05
0.49 9.693e-05
0.4905 9.705e-05
0.491 9.716e-05
0.4915 9.727e-05
0.492 9.739e-05
0.4925 9.75e-05
0.493 9.762e-05
0.4935 9.773e-05
0.494 9.785e-05
0.4945 9.796e-05
0.495 9.808e-05
0.4955 9.819e-05
0.496 9.831e-05
0.4965 9.842e-05
0.497 9.854e-05
0.4975 9.865e-05
0.498 9.877e-05
0.4985 9.889e-05
0.499 9.9e-05
0.4995 9.912e-05
0.5 9.924e-05
0.5005 9.936e-05
0.501 9.947e-05
0.5015 9.959e-05
0.502 9.971e-05
0.5025 9.983e-05
0.503 9.995e-05
0.5035 0.0001001
0.504 0.0001002
0.5045 0.0001003
0.505 0.0001004
0.5055 0.0001005
0.506 0.0001007
0.5065 0.0001008
0.507 0.0001009
0.5075 0.000101
0.508 0.0001011
0.5085 0.0001013
0.509 0.0001014
0.5095 0.0001015
0.51 0.0001016
0.5105 0.0001018
0.511 0.0001019
0.5115 0.000102
0.512 0.0001021
0.5125 0.0001022
0.513 0.0001024
0.5135 0.0001025
0.514 0.0001026
0.5145 0.0001027
0.515 0.0001029
0.5155 0.000103
0.516 0.0001031
0.5165 0.0001032
0.517 0.0001034
0.5175 0.0001035
0.518 0.0001036
0.5185 0.0001037
0.519 0.0001039
0.5195 0.000104
0.52 0.0001041
0.5205 0.0001042
0.521 0.0001044
0.5215 0.0001045
0.522 0.0001046
0.5225 0.0001048
0.523 0.0001049
0.5235 0.000105
0.524 0.0001051
0.5245 0.0001053
0.525 0.0001054
0.5255 0.0001055
0.526 0.0001057
0.5265 0.0001058
0.527 0.0001059
0.5275 0.0001061
0.528 0.0001062
0.5285 0.0001063
0.529 0.0001064
0.5295 0.0001066
0.53 0.0001067
0.5305 0.0001068
0.531 0.000107
0.5315 0.0001071
0.532 0.0001072
0.5325 0.0001074
0.533 0.0001075
0.5335 0.0001076
0.534 0.0001078
0.5345 0.0001079
0.535 0.000108
0.5355 0.0001082
0.536 0.0001083
0.5365 0.0001085
0.537 0.0001086
0.5375 0.0001087
0.538 0.0001089
0.5385 0.000109
0.539 0.0001091
0.5395 0.0001093
0.54 0.0001094
0.5405 0.0001095
0.541 0.0001097
0.5415 0.0001098
0.542 0.00011
0.5425 0.0001101
0.543 0.0001102
0.5435 0.0001104
0.544 0.0001105
0.5445 0.0001107
0.545 0.0001108
0.5455 0.0001109
0.546 0.0001111
0.5465 0.0001112
0.547 0.0001114
0.5475 0.0001115
0.548 0.0001116
0.5485 0.0001118
0.549 0.0001119
0.5495 0.0001121
0.55 0.0001122
0.5505 0.0001124
0.551 0.0001125
0.5515 0.0001126
0.552 0.0001128
0.5525 0.0001129
0.553 0.0001131
0.5535 0.0001132
0.554 0.0001134
0.5545 0.0001135
0.555 0.0001137
0.5555 0.0001138
0.556 0.0001139
0.5565 0.0001141
0.557 0.0001142
0.5575 0.0001144
0.558 0.0001145
0.5585 0.0001147
0.559 0.0001148
0.5595 0.000115
0.56 0.0001151
0.5605 0.0001153
0.561 0.0001154
0.5615 0.0001156
0.562 0.0001157
0.5625 0.0001159
0.563 0.000116
0.5635 0.0001162
0.564 0.0001163
0.5645 0.0001165
0.565 0.0001166
0.5655 0.0001168
0.566 0.0001169
0.5665 0.0001171
0.567 0.0001173
0.5675 0.0001174
0.568 0.0001176
0.5685 0.0001177
0.569 0.0001179
0.5695 0.000118
0.57 0.0001182
0.5705 0.0001183
0.571 0.0001185
0.5715 0.0001186
0.572 0.0001188
0.5725 0.000119
0.573 0.0001191
0.5735 0.0001193
0.574 0.0001194
0.5745 0.0001196
0.575 0.0001198
0.5755 0.0001199
0.576 0.0001201
0.5765 0.0001202
0.577 0.0001204
0.5775 0.0001205
0.578 0.0001207
0.5785 0.0001209
0.579 0.000121
0.5795 0.0001212
0.58 0.0001214
0.5805 0.0001215
0.581 0.0001217
0.5815 0.0001218
0.582 0.000122
0.5825 0.0001222
0.583 0.0001223
0.5835 0.0001225
0.584 0.0001227
0.5845 0.0001228
0.585 0.000123
0.5855 0.0001232
0.586 0.0001233
0.5865 0.0001235
0.587 0.0001237
0.5875 0.0001238
0.588 0.000124
0.5885 0.0001242
0.589 0.0001243
0.5895 0.0001245
0.59 0.0001247
0.5905 0.0001248
0.591 0.000125
0.5915 0.0001252
0.592 0.0001254
0.5925 0.0001255
0.593 0.0001257
0.5935 0.0001259
0.594 0.000126
0.5945 0.0001262
0.595 0.0001264
0.5955 0.0001266
0.596 0.0001267
0.5965 0.0001269
0.597 0.0001271
0.5975 0.0001273
0.598 0.0001274
0.5985 0.0001276
0.599 0.0001278
0.5995 0.000128
0.6 0.0001281
0.6005 0.0001283
0.601 0.0001285
0.6015 0.0001287
0.602 0.0001289
0.6025 0.000129
0.603 0.0001292
0.6035 0.0001294
0.604 0.0001296
0.6045 0.0001298
0.605 0.0001299
0.6055 0.0001301
0.606 0.0001303
0.6065 0.0001305
0.607 0.0001307
0.6075 0.0001308
0.608 0.000131
0.6085 0.0001312
0.609 0.0001314
0.6095 0.0001316
0.61 0.0001318
0.6105 0.000132
0.611 0.0001321
0.6115 0.0001323
0.612 0.0001325
0.6125 0.0001327
0.613 0.0001329
0.6135 0.0001331
0.614 0.0001333
0.6145 0.0001334
0.615 0.0001336
0.6155 0.0001338
0.616 0.000134
0.6165 0.0001342
0.617 0.0001344
0.6175 0.0001346
0.618 0.0001348
0.6185 0.000135
0.619 0.0001352
0.6195 0.0001354
0.62 0.0001356
0.6205 0.0001358
0.621 0.0001359
0.6215 0.0001361
0.622 0.0001363
0.6225 0.0001365
0.623 0.0001367
0.6235 0.0001369
0.624 0.0001371
0.6245 0.0001373
0.625 0.0001375
0.6255 0.0001377
0.626 0.0001379
0.6265 0.0001381
0.627 0.0001383
0.6275 0.0001385
0.628 0.0001387
0.6285 0.0001389
0.629 0.0001391
0.6295 0.0001393
0.63 0.0001395
0.6305 0.0001397
0.631 0.0001399
0.6315 0.0001401
0.632 0.0001403
0.6325 0.0001405
0.633 0.0001408
0.6335 0.000141
0.634 0.0001412
0.6345 0.0001414
0.635 0.0001416
0.6355 0.0001418
0.636 0.000142
0.6365 0.0001422
0.637 0.0001424
0.6375 0.0001426
0.638 0.0001428
0.6385 0.0001431
0.639 0.0001433
0.6395 0.0001435
0.64 0.0001437
0.6405 0.0001439
0.641 0.0001441
0.6415 0.0001443
0.642 0.0001445
0.6425 0.0001448
0.643 0.000145
0.6435 0.0001452
0.644 0.0001454
0.6445 0.0001456
0.645 0.0001458
0.6455 0.0001461
0.646 0.0001463
0.6465 0.0001465
0.647 0.0001467
0.6475 0.0001469
0.648 0.0001472
0.6485 0.0001474
0.649 0.0001476
0.6495 0.0001478
0.65 0.0001481
0.6505 0.0001483
0.651 0.0001485
0.6515 0.0001487
0.652 0.000149
0.6525 0.0001492
0.653 0.0001494
0.6535 0.0001496
0.654 0.0001499
0.6545 0.0001501
0.655 0.0001503
0.6555 0.0001505
0.656 0.0001508
0.6565 0.000151
0.657 0.0001512
0.6575 0.0001515
0.658 0.0001517
0.6585 0.0001519
0.659 0.0001522
0.6595 0.0001524
0.66 0.0001526
0.6605 0.0001529
0.661 0.0001531
0.6615 0.0001533
0.662 0.0001536
0.6625 0.0001538
0.663 0.0001541
0.6635 0.0001543
0.664 0.0001545
0.6645 0.0001548
0.665 0.000155
0.6655 0.0001553
0.666 0.0001555
0.6665 0.0001557
0.667 0.000156
0.6675 0.0001562
0.668 0.0001565
0.6685 0.0001567
0.669 0.000157
0.6695 0.0001572
0.67 0.0001574
0.6705 0.0001577
0.671 0.0001579
0.6715 0.0001582
0.672 0.0001584
0.6725 0.0001587
0.673 0.0001589
0.6735 0.0001592
0.674 0.0001594
0.6745 0.0001597
0.675 0.0001599
0.6755 0.0001602
0.676 0.0001605
0.6765 0.0001607
0.677 0.000161
0.6775 0.0001612
0.678 0.0001615
0.6785 0.0001617
0.679 0.000162
0.6795 0.0001623
0.68 0.0001625
0.6805 0.0001628
0.681 0.000163
0.6815 0.0001633
0.682 0.0001636
0.6825 0.0001638
0.683 0.0001641
0.6835 0.0001643
0.684 0.0001646
0.6845 0.0001649
0.685 0.0001651
0.6855 0.0001654
0.686 0.0001657
0.6865 0.0001659
0.687 0.0001662
0.6875 0.0001665
0.688 0.0001668
0.6885 0.000167
0.689 0.0001673
0.6895 0.0001676
0.69 0.0001678
0.6905 0.0001681
0.691 0.0001684
0.6915 0.0001687
0.692 0.0001689
0.6925 0.0001692
0.693 0.0001695
0.6935 0.0001698
0.694 0.0001701
0.6945 0.0001703
0.695 0.0001706
0.6955 0.0001709
0.696 0.0001712
0.6965 0.0001715
0.697 0.0001717
0.6975 0.000172
0.698 0.0001723
0.6985 0.0001726
0.699 0.0001729
0.6995 0.0001732
0.7 0.0001735
0.7005 0.0001738
0.701 0.000174
0.7015 0.0001743
0.702 0.0001746
0.7025 0.0001749
0.703 0.0001752
0.7035 0.0001755
0.704 0.0001758
0.7045 0.0001761
0.705 0.0001764
0.7055 0.0001767
0.706 0.000177
0.7065 0.0001773
0.707 0.0001776
0.7075 0.0001779
0.708 0.0001782
0.7085 0.0001785
0.709 0.0001788
0.7095 0.0001791
0.71 0.0001794
0.7105 0.0001797
0.711 0.00018
0.7115 0.0001803
0.712 0.0001806
0.7125 0.0001809
0.713 0.0001812
0.7135 0.0001815
0.714 0.0001819
0.7145 0.0001822
0.715 0.0001825
0.7155 0.0001828
0.716 0.0001831
0.7165 0.0001834
0.717 0.0001837
0.7175 0.0001841
0.718 0.0001844
0.7185 0.0001847
0.719 0.000185
0.7195 0.0001853
0.72 0.0001857
0.7205 0.000186
0.721 0.0001863
0.7215 0.0001866
0.722 0.0001869
0.7225 0.0001873
0.723 0.0001876
0.7235 0.0001879
0.724 0.0001883
0.7245 0.0001886
0.725 0.0001889
0.7255 0.0001893
0.726 0.0001896
0.7265 0.0001899
0.727 0.0001903
0.7275 0.0001906
0.728 0.0001909
0.7285 0.0001913
0.729 0.0001916
0.7295 0.0001919
0.73 0.0001923
0.7305 0.0001926
0.731 0.000193
0.7315 0.0001933
0.732 0.0001936
0.7325 0.000194
0.733 0.0001943
0.7335 0.0001947
0.734 0.000195
0.7345 0.0001954
0.735 0.0001957
0.7355 0.0001961
0.736 0.0001964
0.7365 0.0001968
0.737 0.0001971
0.7375 0.0001975
0.738 0.0001979
0.7385 0.0001982
0.739 0.0001986
0.7395 0.0001989
0.74 0.0001993
0.7405 0.0001996
0.741 0.0002
0.7415 0.0002004
0.742 0.0002007
0.7425 0.0002011
0.743 0.0002015
0.7435 0.0002018
0.744 0.0002022
0.7445 0.0002026
0.745 0.0002029
0.7455 0.0002033
0.746 0.0002037
0.7465 0.0002041
0.747 0.0002044
0.7475 0.0002048
0.748 0.0002052
0.7485 0.0002056
0.749 0.000206
0.7495 0.0002063
0.75 0.0002067
0.7505 0.0002071
0.751 0.0002075
0.7515 0.0002079
0.752 0.0002083
0.7525 0.0002086
0.753 0.000209
0.7535 0.0002094
0.754 0.0002098
0.7545 0.0002102
0.755 0.0002106
0.7555 0.000211
0.756 0.0002114
0.7565 0.0002118
0.757 0.0002122
0.7575 0.0002126
0.758 0.000213
0.7585 0.0002134
0.759 0.0002138
0.7595 0.0002142
0.76 0.0002146
0.7605 0.000215
0.761 0.0002154
0.7615 0.0002158
0.762 0.0002162
0.7625 0.0002167
0.763 0.0002171
0.7635 0.0002175
0.764 0.0002179
0.7645 0.0002183
0.765 0.0002187
0.7655 0.0002192
0.766 0.0002196
0.7665 0.00022
0.767 0.0002204
0.7675 0.0002208
0.768 0.0002213
0.7685 0.0002217
0.769 0.0002221
0.7695 0.0002226
0.77 0.000223
0.7705 0.0002234
0.771 0.0002239
0.7715 0.0002243
0.772 0.0002247
0.7725 0.0002252
0.773 0.0002256
0.7735 0.0002261
0.774 0.0002265
0.7745 0.0002269
0.775 0.0002274
0.7755 0.0002278
0.776 0.0002283
0.7765 0.0002287
0.777 0.0002292
0.7775 0.0002296
0.778 0.0002301
0.7785 0.0002305
0.779 0.000231
0.7795 0.0002315
0.78 0.0002319
0.7805 0.0002324
0.781 0.0002328
0.7815 0.0002333
0.782 0.0002338
0.7825 0.0002342
0.783 0.0002347
0.7835 0.0002352
0.784 0.0002357
0.7845 0.0002361
0.785 0.0002366
0.7855 0.0002371
0.786 0.0002376
0.7865 0.000238
0.787 0.0002385
0.7875 0.000239
0.788 0.0002395
0.7885 0.00024
0.789 0.0002405
0.7895 0.0002409
0.79 0.0002414
0.7905 0.0002419
0.791 0.0002424
0.7915 0.0002429
0.792 0.0002434
0.7925 0.0002439
0.793 0.0002444
0.7935 0.0002449
0.794 0.0002454
0.7945 0.0002459
0.795 0.0002464
0.7955 0.0002469
0.796 0.0002474
0.7965 0.000248
0.797 0.0002485
0.7975 0.000249
0.798 0.0002495
0.7985 0.00025
0.799 0.0002505
0.7995 0.0002511
0.8 0.0002516
0.8005 0.0002521
0.801 0.0002526
0.8015 0.0002532
0.802 0.0002537
0.8025 0.0002542
0.803 0.0002548
0.8035 0.0002553
0.804 0.0002559
0.8045 0.0002564
0.805 0.0002569
0.8055 0.0002575
0.806 0.000258
0.8065 0.0002586
0.807 0.0002591
0.8075 0.0002597
0.808 0.0002602
0.8085 0.0002608
0.809 0.0002613
0.8095 0.0002619
0.81 0.0002625
0.8105 0.000263
0.811 0.0002636
0.8115 0.0002642
0.812 0.0002647
0.8125 0.0002653
0.813 0.0002659
0.8135 0.0002664
0.814 0.000267
0.8145 0.0002676
0.815 0.0002682
0.8155 0.0002688
0.816 0.0002694
0.8165 0.0002699
0.817 0.0002705
0.8175 0.0002711
0.818 0.0002717
0.8185 0.0002723
0.819 0.0002729
0.8195 0.0002735
0.82 0.0002741
0.8205 0.0002747
0.821 0.0002753
0.8215 0.0002759
0.822 0.0002765
0.8225 0.0002772
0.823 0.0002778
0.8235 0.0002784
0.824 0.000279
0.8245 0.0002796
0.825 0.0002802
0.8255 0.0002809
0.826 0.0002815
0.8265 0.0002821
0.827 0.0002828
0.8275 0.0002834
0.828 0.000284
0.8285 0.0002847
0.829 0.0002853
0.8295 0.000286
0.83 0.0002866
0.8305 0.0002873
0.831 0.0002879
0.8315 0.0002886
0.832 0.0002892
0.8325 0.0002899
0.833 0.0002905
0.8335 0.0002912
0.834 0.0002919
0.8345 0.0002925
0.835 0.0002932
0.8355 0.0002939
0.836 0.0002946
0.8365 0.0002952
0.837 0.0002959
0.8375 0.0002966
0.838 0.0002973
0.8385 0.000298
0.839 0.0002987
0.8395 0.0002994
0.84 0.0003001
0.8405 0.0003008
0.841 0.0003015
0.8415 0.0003022
0.842 0.0003029
0.8425 0.0003036
0.843 0.0003043
0.8435 0.000305
0.844 0.0003057
0.8445 0.0003064
0.845 0.0003072
0.8455 0.0003079
0.846 0.0003086
0.8465 0.0003094
0.847 0.0003101
0.8475 0.0003108
0.848 0.0003116
0.8485 0.0003123
0.849 0.0003131
0.8495 0.0003138
0.85 0.0003146
0.8505 0.0003153
0.851 0.0003161
0.8515 0.0003168
0.852 0.0003176
0.8525 0.0003184
0.853 0.0003191
0.8535 0.0003199
0.854 0.0003207
0.8545 0.0003214
0.855 0.0003222
0.8555 0.000323
0.856 0.0003238
0.8565 0.0003246
0.857 0.0003254
0.8575 0.0003262
0.858 0.000327
0.8585 0.0003278
0.859 0.0003286
0.8595 0.0003294
0.86 0.0003302
0.8605 0.000331
0.861 0.0003318
0.8615 0.0003327
0.862 0.0003335
0.8625 0.0003343
0.863 0.0003352
0.8635 0.000336
0.864 0.0003368
0.8645 0.0003377
0.865 0.0003385
0.8655 0.0003394
0.866 0.0003402
0.8665 0.0003411
0.867 0.0003419
0.8675 0.0003428
0.868 0.0003437
0.8685 0.0003445
0.869 0.0003454
0.8695 0.0003463
0.87 0.0003472
0.8705 0.000348
0.871 0.0003489
0.8715 0.0003498
0.872 0.0003507
0.8725 0.0003516
0.873 0.0003525
0.8735 0.0003534
0.874 0.0003543
0.8745 0.0003553
0.875 0.0003562
0.8755 0.0003571
0.876 0.000358
0.8765 0.0003589
0.877 0.0003599
0.8775 0.0003608
0.878 0.0003618
0.8785 0.0003627
0.879 0.0003637
0.8795 0.0003646
0.88 0.0003656
0.8805 0.0003665
0.881 0.0003675
0.8815 0.0003685
0.882 0.0003694
0.8825 0.0003704
0.883 0.0003714
0.8835 0.0003724
0.884 0.0003734
0.8845 0.0003744
0.885 0.0003754
0.8855 0.0003764
0.886 0.0003774
0.8865 0.0003784
0.887 0.0003794
0.8875 0.0003804
0.888 0.0003815
0.8885 0.0003825
0.889 0.0003835
0.8895 0.0003846
0.89 0.0003856
0.8905 0.0003866
0.891 0.0003877
0.8915 0.0003888
0.892 0.0003898
0.8925 0.0003909
0.893 0.000392
0.8935 0.000393
0.894 0.0003941
0.8945 0.0003952
0.895 0.0003963
0.8955 0.0003974
0.896 0.0003985
0.8965 0.0003996
0.897 0.0004007
0.8975 0.0004018
0.898 0.0004029
0.8985 0.0004041
0.899 0.0004052
0.8995 0.0004063
0.9 0.0004075
0.9005 0.0004086
0.901 0.0004098
0.9015 0.0004109
0.902 0.0004121
0.9025 0.0004132
0.903 0.0004144
0.9035 0.0004156
0.904 0.0004168
0.9045 0.000418
0.905 0.0004191
0.9055 0.0004203
0.906 0.0004216
0.9065 0.0004228
0.907 0.000424
0.9075 0.0004252
0.908 0.0004264
0.9085 0.0004277
0.909 0.0004289
0.9095 0.0004301
0.91 0.0004314
0.9105 0.0004326
0.911 0.0004339
0.9115 0.0004352
0.912 0.0004365
0.9125 0.0004377
0.913 0.000439
0.9135 0.0004403
0.914 0.0004416
0.9145 0.0004429
0.915 0.0004442
0.9155 0.0004455
0.916 0.0004469
0.9165 0.0004482
0.917 0.0004495
0.9175 0.0004509
0.918 0.0004522
0.9185 0.0004536
0.919 0.0004549
0.9195 0.0004563
0.92 0.0004577
0.9205 0.0004591
0.921 0.0004605
0.9215 0.0004618
0.922 0.0004632
0.9225 0.0004647
0.923 0.0004661
0.9235 0.0004675
0.924 0.0004689
0.9245 0.0004704
0.925 0.0004718
0.9255 0.0004733
0.926 0.0004747
0.9265 0.0004762
0.927 0.0004777
0.9275 0.0004791
0.928 0.0004806
0.9285 0.0004821
0.929 0.0004836
0.9295 0.0004851
0.93 0.0004867
0.9305 0.0004882
0.931 0.0004897
0.9315 0.0004913
0.932 0.0004928
0.9325 0.0004944
0.933 0.0004959
0.9335 0.0004975
0.934 0.0004991
0.9345 0.0005007
0.935 0.0005023
0.9355 0.0005039
0.936 0.0005055
0.9365 0.0005071
0.937 0.0005087
0.9375 0.0005104
0.938 0.000512
0.9385 0.0005137
0.939 0.0005154
0.9395 0.000517
0.94 0.0005187
0.9405 0.0005204
0.941 0.0005221
0.9415 0.0005238
0.942 0.0005255
0.9425 0.0005273
0.943 0.000529
0.9435 0.0005308
0.944 0.0005325
0.9445 0.0005343
0.945 0.0005361
0.9455 0.0005378
0.946 0.0005396
0.9465 0.0005414
0.947 0.0005432
0.9475 0.0005451
0.948 0.0005469
0.9485 0.0005488
0.949 0.0005506
0.9495 0.0005525
0.95 0.0005543
0.9505 0.0005562
0.951 0.0005581
0.9515 0.00056
0.952 0.0005619
0.9525 0.0005639
0.953 0.0005658
0.9535 0.0005678
0.954 0.0005697
0.9545 0.0005717
0.955 0.0005737
0.9555 0.0005757
0.956 0.0005777
0.9565 0.0005797
0.957 0.0005817
0.9575 0.0005837
0.958 0.0005858
0.9585 0.0005878
0.959 0.0005899
0.9595 0.000592
0.96 0.0005941
0.9605 0.0005962
0.961 0.0005983
0.9615 0.0006005
0.962 0.0006026
0.9625 0.0006048
0.963 0.0006069
0.9635 0.0006091
0.964 0.0006113
0.9645 0.0006135
0.965 0.0006157
0.9655 0.000618
0.966 0.0006202
0.9665 0.0006225
0.967 0.0006248
0.9675 0.000627
0.968 0.0006293
0.9685 0.0006317
0.969 0.000634
0.9695 0.0006363
0.97 0.0006387
0.9705 0.0006411
0.971 0.0006434
0.9715 0.0006458
0.972 0.0006483
0.9725 0.0006507
0.973 0.0006531
0.9735 0.0006556
0.974 0.0006581
0.9745 0.0006606
0.975 0.0006631
0.9755 0.0006656
0.976 0.0006681
0.9765 0.0006707
0.977 0.0006732
0.9775 0.0006758
0.978 0.0006784
0.9785 0.000681
0.979 0.0006837
0.9795 0.0006863
0.98 0.000689
0.9805 0.0006916
0.981 0.0006943
0.9815 0.0006971
0.982 0.0006998
0.9825 0.0007025
0.983 0.0007053
0.9835 0.0007081
0.984 0.0007109
0.9845 0.0007137
0.985 0.0007166
0.9855 0.0007194
0.986 0.0007223
0.9865 0.0007252
0.987 0.0007281
0.9875 0.000731
0.988 0.000734
0.9885 0.000737
0.989 0.00074
0.9895 0.000743
0.99 0.000746
0.9905 0.0007491
0.991 0.0007521
0.9915 0.0007552
0.992 0.0007583
0.9925 0.0007615
0.993 0.0007646
0.9935 0.0007678
0.994 0.000771
0.9945 0.0007742
0.995 0.0007775
0.9955 0.0007807
0.996 0.000784
0.9965 0.0007873
0.997 0.0007907
0.9975 0.000794
0.998 0.0007974
0.9985 0.0008008
0.999 0.0008042
0.9995 0.0008077
1 0.0008111
1 0.0008146
1.001 0.0008182
1.002 0.0008217
1.002 0.0008253
1.002 0.0008289
1.003 0.0008325
1.004 0.0008361
1.004 0.0008398
1.004 0.0008435
1.005 0.0008472
1.006 0.000851
1.006 0.0008548
1.006 0.0008586
1.007 0.0008624
1.008 0.0008663
1.008 0.0008702
1.008 0.0008741
1.009 0.0008781
1.01 0.000882
1.01 0.0008861
1.01 0.0008901
1.011 0.0008942
1.012 0.0008983
1.012 0.0009024
1.012 0.0009066
1.013 0.0009108
1.014 0.000915
1.014 0.0009192
1.014 0.0009235
1.015 0.0009279
1.016 0.0009322
1.016 0.0009366
1.016 0.000941
1.017 0.0009455
1.018 0.00095
1.018 0.0009545
1.018 0.0009591
1.019 0.0009637
1.02 0.0009683
1.02 0.000973
1.02 0.0009777
1.021 0.0009824
1.022 0.0009872
1.022 0.000992
1.022 0.0009969
1.023 0.001002
1.024 0.001007
1.024 0.001012
1.024 0.001017
1.025 0.001022
1.026 0.001027
1.026 0.001032
1.026 0.001037
1.027 0.001042
1.028 0.001048
1.028 0.001053
1.028 0.001058
1.029 0.001064
1.03 0.001069
1.03 0.001075
1.03 0.00108
1.031 0.001086
1.032 0.001092
1.032 0.001097
1.032 0.001103
1.033 0.001109
1.034 0.001115
1.034 0.00112
1.034 0.001126
1.035 0.001132
1.036 0.001138
1.036 0.001144
1.036 0.001151
1.037 0.001157
1.038 0.001163
1.038 0.001169
1.038 0.001176
1.039 0.001182
1.04 0.001189
1.04 0.001195
1.04 0.001202
1.041 0.001208
1.042 0.001215
1.042 0.001222
1.042 0.001229
1.043 0.001236
1.044 0.001243
1.044 0.00125
1.044 0.001257
1.045 0.001264
1.046 0.001271
1.046 0.001279
1.046 0.001286
1.047 0.001293
1.048 0.001301
1.048 0.001308
1.048 0.001316
1.049 0.001324
1.05 0.001332
1.05 0.00134
1.05 0.001348
1.051 0.001356
1.052 0.001364
1.052 0.001372
1.052 0.00138
1.053 0.001389
1.054 0.001397
1.054 0.001406
1.054 0.001414
1.055 0.001423
1.056 0.001432
1.056 0.001441
1.056 0.00145
1.057 0.001459
1.058 0.001468
1.058 0.001477
1.058 0.001486
1.059 0.001496
1.06 0.001505
1.06 0.001515
1.06 0.001525
1.061 0.001535
1.062 0.001545
1.062 0.001555
1.062 0.001565
1.063 0.001575
1.063 0.001586
1.064 0.001596
1.065 0.001607
1.065 0.001618
1.065 0.001629
1.066 0.00164
1.067 0.001651
1.067 0.001662
1.067 0.001673
1.068 0.001685
1.069 0.001697
1.069 0.001708
1.069 0.00172
1.07 0.001732
1.071 0.001745
1.071 0.001757
1.071 0.001769
1.072 0.001782
1.073 0.001795
1.073 0.001808
1.073 0.001821
1.074 0.001834
1.075 0.001848
1.075 0.001861
1.075 0.001875
1.076 0.001889
1.077 0.001903
1.077 0.001917
1.077 0.001932
1.078 0.001946
1.079 0.001961
1.079 0.001976
1.079 0.001991
1.08 0.002007
1.081 0.002022
1.081 0.002038
1.081 0.002054
1.082 0.00207
1.083 0.002087
1.083 0.002103
1.083 0.00212
1.084 0.002137
1.085 0.002155
1.085 0.002172
1.085 0.00219
1.086 0.002208
1.087 0.002226
1.087 0.002245
1.087 0.002264
1.088 0.002283
1.089 0.002302
1.089 0.002322
1.089 0.002342
1.09 0.002362
1.091 0.002382
1.091 0.002403
1.091 0.002424
1.092 0.002446
1.093 0.002467
1.093 0.00249
1.093 0.002512
1.094 0.002535
1.095 0.002558
1.095 0.002581
1.095 0.002605
1.096 0.002629
1.097 0.002654
1.097 0.002679
1.097 0.002704
1.098 0.00273
1.099 0.002756
1.099 0.002782
1.099 0.002809
1.1 0.002837
1.101 0.002865
1.101 0.002893
1.101 0.002922
1.102 0.002951
1.103 0.002981
1.103 0.003011
1.103 0.003042
1.104 0.003074
1.105 0.003105
1.105 0.003138
1.105 0.003171
1.106 0.003205
1.107 0.003239
1.107 0.003274
1.107 0.003309
1.108 0.003346
1.109 0.003382
1.109 0.00342
1.109 0.003458
1.11 0.003497
1.111 0.003537
1.111 0.003577
1.111 0.003619
1.112 0.003661
1.113 0.003704
1.113 0.003747
1.113 0.003792
1.114 0.003837
1.115 0.003884
1.115 0.003931
1.115 0.00398
1.116 0.004029
1.117 0.00408
1.117 0.004131
1.117 0.004184
1.118 0.004238
1.119 0.004293
1.119 0.004349
1.119 0.004406
1.12 0.004465
1.121 0.004525
1.121 0.004586
1.121 0.004649
1.122 0.004713
1.123 0.004779
1.123 0.004846
1.123 0.004915
1.124 0.004986
1.125 0.005058
1.125 0.005132
1.125 0.005208
1.126 0.005286
1.127 0.005366
1.127 0.005448
1.127 0.005532
1.128 0.005618
1.129 0.005707
1.129 0.005797
1.129 0.005891
1.13 0.005986
1.131 0.006085
1.131 0.006186
1.131 0.00629
1.132 0.006397
1.133 0.006507
1.133 0.006621
1.133 0.006737
1.134 0.006857
1.135 0.006981
1.135 0.007108
1.135 0.00724
1.136 0.007375
1.137 0.007515
1.137 0.007659
1.137 0.007808
1.138 0.007962
1.139 0.008121
1.139 0.008285
1.139 0.008455
1.14 0.00863
1.141 0.008812
1.141 0.009
1.141 0.009195
1.142 0.009397
1.143 0.009606
1.143 0.009823
1.143 0.01005
1.144 0.01028
1.145 0.01052
1.145 0.01078
1.145 0.01104
1.146 0.01131
1.147 0.0116
1.147 0.01189
1.147 0.0122
1.148 0.01252
1.149 0.01286
1.149 0.01321
1.149 0.01358
1.15 0.01396
1.151 0.01436
1.151 0.01478
1.151 0.01522
1.152 0.01568
1.153 0.01617
1.153 0.01668
1.153 0.01721
1.154 0.01777
1.155 0.01836
1.155 0.01899
1.155 0.01965
1.156 0.02034
1.157 0.02108
1.157 0.02185
1.157 0.02267
1.158 0.02355
1.159 0.02447
1.159 0.02545
1.159 0.0265
1.16 0.02761
1.161 0.0288
1.161 0.03007
1.161 0.03142
1.162 0.03287
1.163 0.03442
1.163 0.03609
1.163 0.03787
1.164 0.0398
1.165 0.04187
1.165 0.04411
1.165 0.04652
1.166 0.04914
1.167 0.05197
1.167 0.05504
1.167 0.05838
1.168 0.06201
1.169 0.06596
1.169 0.07026
1.169 0.07496
1.17 0.08009
1.171 0.08569
1.171 0.09181
1.171 0.09848
1.172 0.1058
1.173 0.1137
1.173 0.1223
1.173 0.1316
1.174 0.1416
1.175 0.1522
1.175 0.1635
1.175 0.1753
1.176 0.1874
1.177 0.1996
1.177 0.2116
1.177 0.2229
1.178 0.2331
1.179 0.2417
1.179 0.2483
1.179 0.2525
1.18 0.2539
1.181 0.2526
1.181 0.2485
1.181 0.242
1.182 0.2335
1.183 0.2233
1.183 0.2121
1.183 0.2003
1.184 0.1881
1.185 0.1761
1.185 0.1644
1.185 0.1532
1.186 0.1427
1.187 0.1328
1.187 0.1236
1.188 0.1151
1.188 0.1072
1.188 0.1001
1.189 0.09349
1.19 0.08747
1.19 0.08197
1.19 0.07694
1.191 0.07234
1.192 0.06814
1.192 0.06429
1.192 0.06076
1.193 0.05753
1.194 0.05457
1.194 0.05184
1.194 0.04934
1.195 0.04703
1.196 0.04491
1.196 0.04295
1.196 0.04114
1.197 0.03946
1.198 0.03792
1.198 0.03648
1.198 0.03516
1.199 0.03393
1.2 0.03279
1.2 0.03173
1.2 0.03074
1.201 0.02983
1.202 0.02898
1.202 0.02819
1.202 0.02746
1.203 0.02678
1.204 0.02615
1.204 0.02556
1.204 0.02502
1.205 0.02451
1.206 0.02404
1.206 0.02361
1.206 0.02321
1.207 0.02285
1.208 0.02251
1.208 0.0222
1.208 0.02192
1.209 0.02166
1.21 0.02143
1.21 0.02122
1.21 0.02103
1.211 0.02087
1.212 0.02073
1.212 0.0206
1.212 0.0205
1.213 0.02042
1.214 0.02035
1.214 0.02031
1.214 0.02028
1.215 0.02027
1.216 0.02027
1.216 0.0203
1.216 0.02034
1.217 0.0204
1.218 0.02047
1.218 0.02056
1.218 0.02067
1.219 0.0208
1.22 0.02095
1.22 0.02111
1.22 0.02129
1.221 0.02149
1.222 0.0217
1.222 0.02194
1.222 0.02219
1.223 0.02247
1.224 0.02276
1.224 0.02308
1.224 0.02342
1.225 0.02378
1.226 0.02417
1.226 0.02458
1.226 0.02501
1.227 0.02547
1.228 0.02596
1.228 0.02648
1.228 0.02703
1.229 0.02761
1.23 0.02823
1.23 0.02888
1.23 0.02957
1.231 0.0303
1.232 0.03107
1.232 0.03188
1.232 0.03275
1.233 0.03366
1.234 0.03463
1.234 0.03565
1.234 0.03674
1.235 0.03789
1.236 0.03911
1.236 0.0404
1.236 0.04178
1.237 0.04324
1.238 0.04479
1.238 0.04644
1.238 0.04821
1.239 0.05008
1.24 0.05208
1.24 0.05422
1.24 0.05651
1.241 0.05896
1.242 0.06158
1.242 0.06439
1.242 0.06741
1.243 0.07066
1.244 0.07415
1.244 0.07792
1.244 0.08198
1.245 0.08637
1.246 0.09112
1.246 0.09626
1.246 0.1018
1.247 0.1079
1.248 0.1145
1.248 0.1217
1.248 0.1295
1.249 0.138
1.25 0.1473
1.25 0.1575
1.25 0.1686
1.251 0.1808
1.252 0.1941
1.252 0.2085
1.252 0.2243
1.253 0.2414
1.254 0.2599
1.254 0.2798
1.254 0.3011
1.255 0.3235
1.256 0.347
1.256 0.3712
1.256 0.3955
1.257 0.4193
1.258 0.4419
1.258 0.4622
1.258 0.4794
1.259 0.4925
1.26 0.5007
1.26 0.5035
1.26 0.5007
1.261 0.4925
1.262 0.4794
1.262 0.4622
1.262 0.4419
1.263 0.4193
1.264 0.3955
1.264 0.3712
1.264 0.347
1.265 0.3235
1.266 0.3011
1.266 0.2798
1.266 0.2599
1.267 0.2414
1.268 0.2243
1.268 0.2085
1.268 0.1941
1.269 0.1808
1.27 0.1686
1.27 0.1575
1.27 0.1473
1.271 0.138
1.272 0.1295
1.272 0.1217
1.272 0.1145
1.273 0.1079
1.274 0.1019
1.274 0.09627
1.274 0.09112
1.275 0.08637
1.276 0.08198
1.276 0.07792
1.276 0.07416
1.277 0.07066
1.278 0.06742
1.278 0.0644
1.278 0.06159
1.279 0.05896
1.28 0.05652
1.28 0.05423
1.28 0.05209
1.281 0.05009
1.282 0.04821
1.282 0.04645
1.282 0.0448
1.283 0.04325
1.284 0.04179
1.284 0.04041
1.284 0.03912
1.285 0.0379
1.286 0.03675
1.286 0.03566
1.286 0.03464
1.287 0.03367
1.288 0.03276
1.288 0.0319
1.288 0.03108
1.289 0.03031
1.29 0.02958
1.29 0.02889
1.29 0.02824
1.291 0.02762
1.292 0.02704
1.292 0.02649
1.292 0.02597
1.293 0.02549
1.294 0.02502
1.294 0.02459
1.294 0.02418
1.295 0.02379
1.296 0.02343
1.296 0.02309
1.296 0.02278
1.297 0.02248
1.298 0.02221
1.298 0.02195
1.298 0.02172
1.299 0.0215
1.3 0.0213
1.3 0.02112
1.3 0.02096
1.301 0.02082
1.302 0.02069
1.302 0.02058
1.302 0.02049
1.303 0.02041
1.304 0.02036
1.304 0.02031
1.304 0.02029
1.305 0.02028
1.306 0.0203
1.306 0.02032
1.306 0.02037
1.307 0.02044
1.308 0.02052
1.308 0.02062
1.308 0.02075
1.309 0.02089
1.31 0.02105
1.31 0.02124
1.31 0.02145
1.311 0.02168
1.312 0.02194
1.312 0.02222
1.312 0.02253
1.313 0.02287
1.313 0.02323
1.314 0.02363
1.315 0.02406
1.315 0.02453
1.315 0.02504
1.316 0.02558
1.317 0.02617
1.317 0.0268
1.317 0.02748
1.318 0.02821
1.319 0.029
1.319 0.02985
1.319 0.03077
1.32 0.03175
1.321 0.03281
1.321 0.03395
1.321 0.03518
1.322 0.03651
1.323 0.03794
1.323 0.03949
1.323 0.04116
1.324 0.04297
1.325 0.04493
1.325 0.04706
1.325 0.04936
1.326 0.05187
1.327 0.05459
1.327 0.05756
1.327 0.06079
1.328 0.06431
1.329 0.06816
1.329 0.07237
1.329 0.07697
1.33 0.082
1.331 0.0875
1.331 0.09351
1.331 0.1001
1.332 0.1073
1.333 0.1151
1.333 0.1236
1.333 0.1328
1.334 0.1427
1.335 0.1533
1.335 0.1645
1.335 0.1762
1.336 0.1882
1.337 0.2003
1.337 0.2121
1.337 0.2234
1.338 0.2335
1.339 0.242
1.339 0.2485
1.339 0.2526
1.34 0.254
1.341 0.2525
1.341 0.2484
1.341 0.2418
1.342 0.2331
1.343 0.2229
1.343 0.2116
1.343 0.1996
1.344 0.1874
1.345 0.1753
1.345 0.1635
1.345 0.1523
1.346 0.1416
1.347 0.1316
1.347 0.1223
1.347 0.1137
1.348 0.1058
1.349 0.09852
1.349 0.09184
1.349 0.08573
1.35 0.08013
1.351 0.075
1.351 0.0703
1.351 0.06599
1.352 0.06204
1.353 0.05841
1.353 0.05508
1.353 0.05201
1.354 0.04917
1.355 0.04656
1.355 0.04414
1.355 0.04191
1.356 0.03984
1.357 0.03791
1.357 0.03612
1.357 0.03446
1.358 0.03291
1.359 0.03146
1.359 0.03011
1.359 0.02884
1.36 0.02765
1.361 0.02654
1.361 0.02549
1.361 0.02451
1.362 0.02359
1.363 0.02271
1.363 0.02189
1.363 0.02112
1.364 0.02038
1.365 0.01969
1.365 0.01903
1.365 0.01841
1.366 0.01781
1.367 0.01725
1.367 0.01672
1.367 0.01621
1.368 0.01573
1.369 0.01526
1.369 0.01482
1.369 0.0144
1.37 0.014
1.371 0.01362
1.371 0.01325
1.371 0.0129
1.372 0.01257
1.373 0.01225
1.373 0.01194
1.373 0.01164
1.374 0.01136
1.375 0.01109
1.375 0.01082
1.375 0.01057
1.376 0.01033
1.377 0.01009
1.377 0.009869
1.377 0.009653
1.378 0.009443
1.379 0.009242
1.379 0.009047
1.379 0.008859
1.38 0.008678
1.381 0.008503
1.381 0.008333
1.381 0.008169
1.382 0.008011
1.383 0.007857
1.383 0.007708
1.383 0.007564
1.384 0.007425
1.385 0.00729
1.385 0.007158
1.385 0.007031
1.386 0.006908
1.387 0.006788
1.387 0.006671
1.387 0.006558
1.388 0.006448
1.389 0.006342
1.389 0.006238
1.389 0.006137
1.39 0.006039
1.391 0.005943
1.391 0.00585
1.391 0.005759
1.392 0.005671
1.393 0.005585
1.393 0.005501
1.393 0.00542
1.394 0.00534
1.395 0.005263
1.395 0.005187
1.395 0.005113
1.396 0.005041
1.397 0.00497
1.397 0.004902
1.397 0.004835
1.398 0.004769
1.399 0.004705
1.399 0.004642
1.399 0.004581
1.4 0.004522
1.401 0.004463
1.401 0.004406
1.401 0.00435
1.402 0.004295
1.403 0.004242
1.403 0.004189
1.403 0.004138
1.404 0.004088
1.405 0.004039
1.405 0.00399
1.405 0.003943
1.406 0.003897
1.407 0.003852
1.407 0.003807
1.407 0.003764
1.408 0.003721
1.409 0.003679
1.409 0.003638
1.409 0.003598
1.41 0.003558
1.411 0.00352
1.411 0.003482
1.411 0.003444
1.412 0.003408
1.413 0.003372
1.413 0.003337
1.413 0.003302
1.414 0.003268
1.415 0.003235
1.415 0.003202
1.415 0.003169
1.416 0.003138
1.417 0.003107
1.417 0.003076
1.417 0.003046
1.418 0.003016
1.419 0.002987
1.419 0.002959
1.419 0.002931
1.42 0.002903
1.421 0.002876
1.421 0.002849
1.421 0.002823
1.422 0.002797
1.423 0.002771
1.423 0.002746
1.423 0.002721
1.424 0.002697
1.425 0.002673
1.425 0.00265
1.425 0.002627
1.426 0.002604
1.427 0.002581
1.427 0.002559
1.427 0.002537
1.428 0.002516
1.429 0.002495
1.429 0.002474
1.429 0.002453
1.43 0.002433
1.431 0.002413
1.431 0.002393
1.431 0.002374
1.432 0.002355
1.433 0.002336
1.433 0.002318
1.433 0.002299
1.434 0.002281
1.435 0.002263
1.435 0.002246
1.435 0.002228
1.436 0.002211
1.437 0.002195
1.437 0.002178
1.438 0.002162
1.438 0.002145
1.438 0.002129
1.439 0.002114
1.44 0.002098
1.44 0.002083
1.44 0.002068
1.441 0.002053
1.442 0.002038
1.442 0.002023
1.442 0.002009
1.443 0.001995
1.444 0.001981
1.444 0.001967
1.444 0.001953
1.445 0.00194
1.446 0.001927
1.446 0.001913
1.446 0.0019
1.447 0.001888
1.448 0.001875
1.448 0.001862
1.448 0.00185
1.449 0.001838
1.45 0.001826
1.45 0.001814
1.45 0.001802
1.451 0.00179
1.452 0.001779
1.452 0.001767
1.452 0.001756
1.453 0.001745
1.454 0.001734
1.454 0.001723
1.454 0.001712
1.455 0.001702
1.456 0.001691
1.456 0.001681
1.456 0.001671
1.457 0.001661
1.458 0.00165
1.458 0.001641
1.458 0.001631
1.459 0.001621
1.46 0.001611
1.46 0.001602
1.46 0.001593
1.461 0.001583
1.462 0.001574
1.462 0.001565
1.462 0.001556
1.463 0.001547
1.464 0.001538
1.464 0.00153
1.464 0.001521
1.465 0.001513
1.466 0.001504
1.466 0.001496
1.466 0.001488
1.467 0.001479
1.468 0.001471
1.468 0.001463
1.468 0.001455
1.469 0.001448
1.47 0.00144
1.47 0.001432
1.47 0.001424
1.471 0.001417
1.472 0.00141
1.472 0.001402
1.472 0.001395
1.473 0.001388
1.474 0.00138
1.474 0.001373
1.474 0.001366
1.475 0.001359
1.476 0.001353
1.476 0.001346
1.476 0.001339
1.477 0.001332
1.478 0.001326
1.478 0.001319
1.478 0.001313
1.479 0.001306
1.48 0.0013
1.48 0.001294
1.48 0.001287
1.481 0.001281
1.482 0.001275
1.482 0.001269
1.482 0.001263
1.483 0.001257
1.484 0.001251
1.484 0.001245
1.484 0.001239
1.485 0.001234
1.486 0.001228
1.486 0.001222
1.486 0.001217
1.487 0.001211
1.488 0.001206
1.488 0.0012
1.488 0.001195
1.489 0.00119
1.49 0.001184
1.49 0.001179
1.49 0.001174
1.491 0.001169
1.492 0.001164
1.492 0.001159
1.492 0.001154
1.493 0.001149
1.494 0.001144
1.494 0.001139
1.494 0.001134
1.495 0.001129
1.496 0.001125
1.496 0.00112
1.496 0.001115
1.497 0.001111
1.498 0.001106
1.498 0.001102
1.498 0.001097
1.499 0.001093
1.5 0.001088
1.5 0.001084
1.5 0.00108
1.501 0.001075
1.502 0.001071
1.502 0.001067
1.502 0.001063
1.503 0.001058
1.504 0.001054
1.504 0.00105
1.504 0.001046
1.505 0.001042
1.506 0.001038
1.506 0.001034
1.506 0.00103
1.507 0.001026
1.508 0.001022
1.508 0.001019
1.508 0.001015
1.509 0.001011
1.51 0.001007
1.51 0.001004
1.51 0.001
1.511 0.0009963
1.512 0.0009927
1.512 0.0009892
1.512 0.0009856
1.513 0.0009821
1.514 0.0009786
1.514 0.0009751
1.514 0.0009717
1.515 0.0009683
1.516 0.0009649
1.516 0.0009616
1.516 0.0009582
1.517 0.0009549
1.518 0.0009517
1.518 0.0009484
1.518 0.0009452
1.519 0.000942
1.52 0.0009389
1.52 0.0009357
1.52 0.0009326
1.521 0.0009295
1.522 0.0009264
1.522 0.0009234
1.522 0.0009204
1.523 0.0009174
1.524 0.0009144
1.524 0.0009115
1.524 0.0009086
1.525 0.0009057
1.526 0.0009028
1.526 0.0008999
1.526 0.0008971
1.527 0.0008943
1.528 0.0008915
1.528 0.0008888
1.528 0.000886
1.529 0.0008833
1.53 0.0008806
1.53 0.0008779
1.53 0.0008753
1.531 0.0008726
1.532 0.00087
1.532 0.0008674
1.532 0.0008649
1.533 0.0008623
1.534 0.0008598
1.534 0.0008573
1.534 0.0008548
1.535 0.0008523
1.536 0.0008498
1.536 0.0008474
1.536 0.000845
1.537 0.0008426
1.538 0.0008402
1.538 0.0008379
1.538 0.0008355
1.539 0.0008332
1.54 0.0008309
1.54 0.0008286
1.54 0.0008263
1.541 0.0008241
1.542 0.0008218
1.542 0.0008196
1.542 0.0008174
1.543 0.0008153
1.544 0.0008131
1.544 0.0008109
1.544 0.0008088
1.545 0.0008067
1.546 0.0008046
1.546 0.0008025
1.546 0.0008004
1.547 0.0007984
1.548 0.0007964
1.548 0.0007943
1.548 0.0007923
1.549 0.0007904
1.55 0.0007884
1.55 0.0007864
1.55 0.0007845
1.551 0.0007826
1.552 0.0007807
1.552 0.0007788
1.552 0.0007769
1.553 0.000775
1.554 0.0007732
1.554 0.0007713
1.554 0.0007695
1.555 0.0007677
1.556 0.0007659
1.556 0.0007641
1.556 0.0007624
1.557 0.0007606
1.558 0.0007589
1.558 0.0007572
1.558 0.0007555
1.559 0.0007538
1.56 0.0007521
1.56 0.0007504
1.56 0.0007488
1.561 0.0007471
1.562 0.0007455
1.562 0.0007439
1.562 0.0007423
1.563 0.0007407
1.563 0.0007391
1.564 0.0007375
1.565 0.000736
1.565 0.0007344
1.565 0.0007329
1.566 0.0007314
1.567 0.0007299
1.567 0.0007284
1.567 0.0007269
1.568 0.0007254
1.569 0.000724
1.569 0.0007225
1.569 0.0007211
1.57 0.0007197
1.571 0.0007183
1.571 0.0007169
1.571 0.0007155
1.572 0.0007141
1.573 0.0007128
1.573 0.0007114
1.573 0.0007101
1.574 0.0007087
1.575 0.0007074
1.575 0.0007061
1.575 0.0007048
1.576 0.0007035
1.577 0.0007023
1.577 0.000701
1.577 0.0006997
1.578 0.0006985
1.579 0.0006973
1.579 0.0006961
1.579 0.0006948
1.58 0.0006936
1.581 0.0006924
1.581 0.0006913
1.581 0.0006901
1.582 0.0006889
1.583 0.0006878
1.583 0.0006867
1.583 0.0006855
1.584 0.0006844
1.585 0.0006833
1.585 0.0006822
1.585 0.0006811
1.586 0.00068
1.587 0.000679
1.587 0.0006779
1.587 0.0006768
1.588 0.0006758
1.589 0.0006748
1.589 0.0006737
1.589 0.0006727
1.59 0.0006717
1.591 0.0006707
1.591 0.0006697
1.591 0.0006688
1.592 0.0006678
1.593 0.0006668
1.593 0.0006659
1.593 0.000665
1.594 0.000664
1.595 0.0006631
1.595 0.0006622
1.595 0.0006613
1.596 0.0006604
1.597 0.0006595
1.597 0.0006586
1.597 0.0006577
1.598 0.0006569
1.599 0.000656
1.599 0.0006552
1.599 0.0006544
1.6 0.0006535
1.601 0.0006527
1.601 0.0006519
1.601 0.0006511
1.602 0.0006503
1.603 0.0006495
1.603 0.0006487
1.603 0.000648
1.604 0.0006472
1.605 0.0006465
1.605 0.0006457
1.605 0.000645
1.606 0.0006443
1.607 0.0006435
1.607 0.0006428
1.607 0.0006421
1.608 0.0006414
1.609 0.0006407
1.609 0.0006401
1.609 0.0006394
1.61 0.0006387
1.611 0.0006381
1.611 0.0006374
1.611 0.0006368
1.612 0.0006361
1.613 0.0006355
1.613 0.0006349
1.613 0.0006343
1.614 0.0006337
1.615 0.0006331
1.615 0.0006325
1.615 0.0006319
1.616 0.0006313
1.617 0.0006308
1.617 0.0006302
1.617 0.0006297
1.618 0.0006291
1.619 0.0006286
1.619 0.0006281
1.619 0.0006275
1.62 0.000627
1.621 0.0006265
1.621 0.000626
1.621 0.0006255
1.622 0.000625
1.623 0.0006246
1.623 0.0006241
1.623 0.0006236
1.624 0.0006232
1.625 0.0006227
1.625 0.0006223
1.625 0.0006218
1.626 0.0006214
1.627 0.000621
1.627 0.0006206
1.627 0.0006202
1.628 0.0006198
1.629 0.0006194
1.629 0.000619
1.629 0.0006186
1.63 0.0006182
1.631 0.0006179
1.631 0.0006175
1.631 0.0006172
1.632 0.0006168
1.633 0.0006165
1.633 0.0006162
1.633 0.0006158
1.634 0.0006155
1.635 0.0006152
1.635 0.0006149
1.635 0.0006146
1.636 0.0006143
1.637 0.000614
1.637 0.0006137
1.637 0.0006135
1.638 0.0006132
1.639 0.000613
1.639 0.0006127
1.639 0.0006125
1.64 0.0006122
1.641 0.000612
1.641 0.0006118
1.641 0.0006115
1.642 0.0006113
1.643 0.0006111
1.643 0.0006109
1.643 0.0006107
1.644 0.0006106
1.645 0.0006104
1.645 0.0006102
1.645 0.00061
1.646 0.0006099
1.647 0.0006097
1.647 0.0006096
1.647 0.0006095
1.648 0.0006093
1.649 0.0006092
1.649 0.0006091
1.649 0.000609
1.65 0.0006089
1.651 0.0006088
1.651 0.0006087
1.651 0.0006086
1.652 0.0006085
1.653 0.0006084
1.653 0.0006084
1.653 0.0006083
1.654 0.0006082
1.655 0.0006082
1.655 0.0006081
1.655 0.0006081
1.656 0.0006081
1.657 0.0006081
1.657 0.000608
1.657 0.000608
1.658 0.000608
1.659 0.000608
1.659 0.000608
1.659 0.0006081
1.66 0.0006081
1.661 0.0006081
1.661 0.0006081
1.661 0.0006082
1.662 0.0006082
1.663 0.0006083
1.663 0.0006083
1.663 0.0006084
1.664 0.0006085
1.665 0.0006086
1.665 0.0006086
1.665 0.0006087
1.666 0.0006088
1.667 0.0006089
1.667 0.0006091
1.667 0.0006092
1.668 0.0006093
1.669 0.0006094
1.669 0.0006096
1.669 0.0006097
1.67 0.0006099
1.671 0.00061
1.671 0.0006102
1.671 0.0006103
1.672 0.0006105
1.673 0.0006107
1.673 0.0006109
1.673 0.0006111
1.674 0.0006113
1.675 0.0006115
1.675 0.0006117
1.675 0.0006119
1.676 0.0006122
1.677 0.0006124
1.677 0.0006126
1.677 0.0006129
1.678 0.0006131
1.679 0.0006134
1.679 0.0006137
1.679 0.0006139
1.68 0.0006142
1.681 0.0006145
1.681 0.0006148
1.681 0.0006151
1.682 0.0006154
1.683 0.0006157
1.683 0.000616
1.683 0.0006164
1.684 0.0006167
1.685 0.000617
1.685 0.0006174
1.685 0.0006177
1.686 0.0006181
1.687 0.0006185
1.687 0.0006188
1.688 0.0006192
1.688 0.0006196
1.688 0.00062
1.689 0.0006204
1.69 0.0006208
1.69 0.0006212
1.69 0.0006216
1.691 0.000622
1.692 0.0006225
1.692 0.0006229
1.692 0.0006234
1.693 0.0006238
1.694 0.0006243
1.694 0.0006247
1.694 0.0006252
1.695 0.0006257
1.696 0.0006262
1.696 0.0006267
1.696 0.0006272
1.697 0.0006277
1.698 0.0006282
1.698 0.0006287
1.698 0.0006293
1.699 0.0006298
1.7 0.0006303
1.7 0.0006309
1.7 0.0006314
1.701 0.000632
1.702 0.0006326
1.702 0.0006332
1.702 0.0006337
1.703 0.0006343
1.704 0.0006349
1.704 0.0006355
1.704 0.0006362
1.705 0.0006368
1.706 0.0006374
1.706 0.0006381
1.706 0.0006387
1.707 0.0006394
1.708 0.00064
1.708 0.0006407
1.708 0.0006414
1.709 0.000642
1.71 0.0006427
1.71 0.0006434
1.71 0.0006441
1.711 0.0006448
1.712 0.0006456
1.712 0.0006463
1.712 0.000647
1.713 0.0006478
1.714 0.0006485
1.714 0.0006493
1.714 0.00065
1.715 0.0006508
1.716 0.0006516
1.716 0.0006524
1.716 0.0006532
1.717 0.000654
1.718 0.0006548
1.718 0.0006556
1.718 0.0006564
1.719 0.0006573
1.72 0.0006581
1.72 0.000659
1.72 0.0006598
1.721 0.0006607
1.722 0.0006616
1.722 0.0006625
1.722 0.0006633
1.723 0.0006642
1.724 0.0006652
1.724 0.0006661
1.724 0.000667
1.725 0.0006679
1.726 0.0006689
1.726 0.0006698
1.726 0.0006708
1.727 0.0006718
1.728 0.0006727
1.728 0.0006737
1.728 0.0006747
1.729 0.0006757
1.73 0.0006767
1.73 0.0006777
1.73 0.0006788
1.731 0.0006798
1.732 0.0006809
1.732 0.0006819
1.732 0.000683
1.733 0.0006841
1.734 0.0006851
1.734 0.0006862
1.734 0.0006873
1.735 0.0006884
1.736 0.0006896
1.736 0.0006907
1.736 0.0006918
1.737 0.000693
1.738 0.0006941
1.738 0.0006953
1.738 0.0006965
1.739 0.0006977
1.74 0.0006988
1.74 0.0007001
1.74 0.0007013
1.741 0.0007025
1.742 0.0007037
1.742 0.000705
1.742 0.0007062
1.743 0.0007075
1.744 0.0007088
1.744 0.00071
1.744 0.0007113
1.745 0.0007126
1.746 0.0007139
1.746 0.0007153
1.746 0.0007166
1.747 0.0007179
1.748 0.0007193
1.748 0.0007207
1.748 0.000722
1.749 0.0007234
1.75 0.0007248
1.75 0.0007262
1.75 0.0007277
1.751 0.0007291
1.752 0.0007305
1.752 0.000732
1.752 0.0007334
1.753 0.0007349
1.754 0.0007364
1.754 0.0007379
1.754 0.0007394
1.755 0.0007409
1.756 0.0007424
1.756 0.000744
1.756 0.0007455
1.757 0.0007471
1.758 0.0007487
1.758 0.0007503
1.758 0.0007518
1.759 0.0007535
1.76 0.0007551
1.76 0.0007567
1.76 0.0007584
1.761 0.00076
1.762 0.0007617
1.762 0.0007634
1.762 0.0007651
1.763 0.0007668
1.764 0.0007685
1.764 0.0007702
1.764 0.000772
1.765 0.0007737
1.766 0.0007755
1.766 0.0007773
1.766 0.0007791
1.767 0.0007809
1.768 0.0007827
1.768 0.0007845
1.768 0.0007864
1.769 0.0007883
1.77 0.0007901
1.77 0.000792
1.77 0.0007939
1.771 0.0007958
1.772 0.0007978
1.772 0.0007997
1.772 0.0008017
1.773 0.0008036
1.774 0.0008056
1.774 0.0008076
1.774 0.0008097
1.775 0.0008117
1.776 0.0008137
1.776 0.0008158
1.776 0.0008179
1.777 0.0008199
1.778 0.0008221
1.778 0.0008242
1.778 0.0008263
1.779 0.0008285
1.78 0.0008306
1.78 0.0008328
1.78 0.000835
1.781 0.0008372
1.782 0.0008394
1.782 0.0008417
1.782 0.0008439
1.783 0.0008462
1.784 0.0008485
1.784 0.0008508
1.784 0.0008531
1.785 0.0008555
1.786 0.0008578
1.786 0.0008602
1.786 0.0008626
1.787 0.000865
1.788 0.0008674
1.788 0.0008699
1.788 0.0008723
1.789 0.0008748
1.79 0.0008773
1.79 0.0008798
1.79 0.0008824
1.791 0.0008849
1.792 0.0008875
1.792 0.0008901
1.792 0.0008927
1.793 0.0008953
1.794 0.0008979
1.794 0.0009006
1.794 0.0009033
1.795 0.000906
1.796 0.0009087
1.796 0.0009114
1.796 0.0009142
1.797 0.000917
1.798 0.0009198
1.798 0.0009226
1.798 0.0009254
1.799 0.0009283
1.8 0.0009312
1.8 0.0009341
1.8 0.000937
1.801 0.0009399
1.802 0.0009429
1.802 0.0009459
1.802 0.0009489
1.803 0.0009519
1.804 0.0009549
1.804 0.000958
1.804 0.0009611
1.805 0.0009642
1.806 0.0009674
1.806 0.0009705
1.806 0.0009737
1.807 0.0009769
1.808 0.0009802
1.808 0.0009834
1.808 0.0009867
1.809 0.00099
1.81 0.0009933
1.81 0.0009967
1.81 0.001
1.811 0.001003
1.812 0.001007
1.812 0.00101
1.812 0.001014
1.813 0.001017
1.813 0.001021
1.814 0.001024
1.815 0.001028
1.815 0.001032
1.815 0.001035
1.816 0.001039
1.817 0.001043
1.817 0.001046
1.817 0.00105
1.818 0.001054
1.819 0.001058
1.819 0.001061
1.819 0.001065
1.82 0.001069
1.821 0.001073
1.821 0.001077
1.821 0.001081
1.822 0.001085
1.823 0.001089
1.823 0.001093
1.823 0.001097
1.824 0.001101
1.825 0.001105
1.825 0.00111
1.825 0.001114
1.826 0.001118
1.827 0.001122
1.827 0.001127
1.827 0.001131
1.828 0.001135
1.829 0.00114
1.829 0.001144
1.829 0.001149
1.83 0.001153
1.831 0.001158
1.831 0.001162
1.831 0.001167
1.832 0.001172
1.833 0.001176
1.833 0.001181
1.833 0.001186
1.834 0.001191
1.835 0.001196
1.835 0.0012
1.835 0.001205
1.836 0.00121
1.837 0.001215
1.837 0.00122
1.837 0.001225
1.838 0.001231
1.839 0.001236
1.839 0.001241
1.839 0.001246
1.84 0.001251
1.841 0.001257
1.841 0.001262
1.841 0.001268
1.842 0.001273
1.843 0.001279
1.843 0.001284
1.843 0.00129
1.844 0.001295
1.845 0.001301
1.845 0.001307
1.845 0.001312
1.846 0.001318
1.847 0.001324
1.847 0.00133
1.847 0.001336
1.848 0.001342
1.849 0.001348
1.849 0.001354
1.849 0.00136
1.85 0.001367
1.851 0.001373
1.851 0.001379
1.851 0.001386
1.852 0.001392
1.853 0.001398
1.853 0.001405
1.853 0.001412
1.854 0.001418
1.855 0.001425
1.855 0.001432
1.855 0.001438
1.856 0.001445
1.857 0.001452
1.857 0.001459
1.857 0.001466
1.858 0.001473
1.859 0.001481
1.859 0.001488
1.859 0.001495
1.86 0.001502
1.861 0.00151
1.861 0.001517
1.861 0.001525
1.862 0.001532
1.863 0.00154
1.863 0.001548
1.863 0.001556
1.864 0.001564
1.865 0.001572
1.865 0.00158
1.865 0.001588
1.866 0.001596
1.867 0.001604
1.867 0.001612
1.867 0.001621
1.868 0.001629
1.869 0.001638
1.869 0.001646
1.869 0.001655
1.87 0.001664
1.871 0.001673
1.871 0.001682
1.871 0.001691
1.872 0.0017
1.873 0.001709
1.873 0.001718
1.873 0.001728
1.874 0.001737
1.875 0.001747
1.875 0.001756
1.875 0.001766
1.876 0.001776
1.877 0.001786
1.877 0.001796
1.877 0.001806
1.878 0.001816
1.879 0.001826
1.879 0.001836
1.879 0.001847
1.88 0.001857
1.881 0.001868
1.881 0.001879
1.881 0.00189
1.882 0.001901
1.883 0.001912
1.883 0.001923
1.883 0.001934
1.884 0.001946
1.885 0.001957
1.885 0.001969
1.885 0.001981
1.886 0.001993
1.887 0.002005
1.887 0.002017
1.887 0.002029
1.888 0.002041
1.889 0.002054
1.889 0.002066
1.889 0.002079
1.89 0.002092
1.891 0.002105
1.891 0.002118
1.891 0.002131
1.892 0.002145
1.893 0.002158
1.893 0.002172
1.893 0.002186
1.894 0.0022
1.895 0.002214
1.895 0.002228
1.895 0.002243
1.896 0.002257
1.897 0.002272
1.897 0.002287
1.897 0.002302
1.898 0.002317
1.899 0.002332
1.899 0.002348
1.899 0.002364
1.9 0.002379
1.901 0.002395
1.901 0.002412
1.901 0.002428
1.902 0.002445
1.903 0.002461
1.903 0.002478
1.903 0.002495
1.904 0.002513
1.905 0.00253
1.905 0.002548
1.905 0.002566
1.906 0.002584
1.907 0.002602
1.907 0.002621
1.907 0.002639
1.908 0.002658
1.909 0.002678
1.909 0.002697
1.909 0.002717
1.91 0.002736
1.911 0.002757
1.911 0.002777
1.911 0.002797
1.912 0.002818
1.913 0.002839
1.913 0.00286
1.913 0.002882
1.914 0.002904
1.915 0.002926
1.915 0.002948
1.915 0.002971
1.916 0.002994
1.917 0.003017
1.917 0.00304
1.917 0.003064
1.918 0.003088
1.919 0.003112
1.919 0.003137
1.919 0.003162
1.92 0.003187
1.921 0.003213
1.921 0.003239
1.921 0.003265
1.922 0.003291
1.923 0.003318
1.923 0.003345
1.923 0.003373
1.924 0.003401
1.925 0.003429
1.925 0.003458
1.925 0.003487
1.926 0.003517
1.927 0.003546
1.927 0.003577
1.927 0.003607
1.928 0.003638
1.929 0.00367
1.929 0.003702
1.929 0.003734
1.93 0.003767
1.931 0.0038
1.931 0.003834
1.931 0.003868
1.932 0.003902
1.933 0.003937
1.933 0.003973
1.933 0.004009
1.934 0.004046
1.935 0.004083
1.935 0.004121
1.935 0.004159
1.936 0.004198
1.937 0.004237
1.937 0.004277
1.938 0.004317
1.938 0.004358
1.938 0.0044
1.939 0.004442
1.94 0.004485
1.94 0.004529
1.94 0.004573
1.941 0.004618
1.942 0.004664
1.942 0.00471
1.942 0.004757
1.943 0.004805
1.944 0.004853
1.944 0.004902
1.944 0.004952
1.945 0.005003
1.946 0.005055
1.946 0.005107
1.946 0.00516
1.947 0.005214
1.948 0.005269
1.948 0.005325
1.948 0.005382
1.949 0.00544
1.95 0.005498
1.95 0.005558
1.95 0.005619
1.951 0.00568
1.952 0.005743
1.952 0.005807
1.952 0.005872
1.953 0.005938
1.954 0.006005
1.954 0.006073
1.954 0.006143
1.955 0.006214
1.956 0.006286
1.956 0.006359
1.956 0.006433
1.957 0.006509
1.958 0.006587
1.958 0.006665
1.958 0.006745
1.959 0.006827
1.96 0.00691
1.96 0.006995
1.96 0.007081
1.961 0.007169
1.962 0.007259
1.962 0.00735
1.962 0.007443
1.963 0.007538
1.964 0.007635
1.964 0.007733
1.964 0.007834
1.965 0.007936
1.966 0.008041
1.966 0.008148
1.966 0.008256
1.967 0.008368
1.968 0.008481
1.968 0.008597
1.968 0.008715
1.969 0.008835
1.97 0.008959
1.97 0.009084
1.97 0.009213
1.971 0.009344
1.972 0.009478
1.972 0.009615
1.972 0.009755
1.973 0.009898
1.974 0.01004
1.974 0.01019
1.974 0.01035
1.975 0.0105
1.976 0.01066
1.976 0.01083
1.976 0.011
1.977 0.01117
1.978 0.01134
1.978 0.01152
1.978 0.01171
1.979 0.0119
1.98 0.01209
1.98 0.01229
1.98 0.01249
1.981 0.0127
1.982 0.01291
1.982 0.01313
1.982 0.01336
1.983 0.01359
1.984 0.01382
1.984 0.01407
1.984 0.01432
1.985 0.01457
1.986 0.01483
1.986 0.0151
1.986 0.01538
1.987 0.01567
1.988 0.01596
1.988 0.01626
1.988 0.01657
1.989 0.01689
1.99 0.01722
1.99 0.01756
1.99 0.01791
1.991 0.01826
1.992 0.01863
1.992 0.01901
1.992 0.01941
1.993 0.01981
1.994 0.02023
1.994 0.02066
1.994 0.02111
1.995 0.02157
1.996 0.02204
1.996 0.02253
1.996 0.02304
1.997 0.02356
1.998 0.0241
1.998 0.02466
1.998 0.02524
1.999 0.02585
2 0.02647
2 0.02711
2.001 0.02778
2.001 0.02848
2.002 0.0292
2.002 0.02995
2.002 0.03072
2.003 0.03153
2.003 0.03237
2.004 0.03324
2.005 0.03415
2.005 0.0351
2.006 0.03608
2.006 0.03711
2.006 0.03818
2.007 0.0393
2.007 0.04046
2.008 0.04168
2.009 0.04296
2.009 0.04429
2.01 0.04568
2.01 0.04714
2.01 0.04867
2.011 0.05028
2.011 0.05196
2.012 0.05373
2.013 0.05559
2.013 0.05754
2.014 0.0596
2.014 0.06177
2.014 0.06406
2.015 0.06647
2.015 0.06902
2.016 0.07171
2.017 0.07456
2.017 0.07758
2.018 0.08079
2.018 0.08418
2.018 0.08779
2.019 0.09163
2.019 0.09572
2.02 0.1001
2.021 0.1047
2.021 0.1097
2.022 0.115
2.022 0.1207
2.022 0.1268
2.023 0.1334
2.023 0.1404
2.024 0.148
2.025 0.1562
2.025 0.165
2.026 0.1746
2.026 0.1849
2.026 0.1961
2.027 0.2083
2.027 0.2215
2.028 0.2359
2.029 0.2516
2.029 0.2687
2.03 0.2874
2.03 0.3078
2.03 0.33
2.031 0.3543
2.031 0.3809
2.032 0.4099
2.033 0.4414
2.033 0.4757
2.034 0.5127
2.034 0.5525
2.034 0.5951
2.035 0.64
2.035 0.687
2.036 0.7353
2.037 0.7839
2.037 0.8316
2.038 0.8767
2.038 0.9174
2.038 0.9518
2.039 0.978
2.039 0.9944
2.04 1
2.041 0.9944
2.041 0.978
2.042 0.9518
2.042 0.9174
2.042 0.8767
2.043 0.8316
2.043 0.7839
2.044 0.7353
2.045 0.687
2.045 0.64
2.046 0.595
2.046 0.5525
2.046 0.5127
2.047 0.4757
2.047 0.4414
2.048 0.4099
2.049 0.3809
2.049 0.3543
2.05 0.33
2.05 0.3077
2.05 0.2874
2.051 0.2687
2.051 0.2516
2.052 0.2359
2.053 0.2215
2.053 0.2083
2.054 0.1961
2.054 0.1849
2.054 0.1746
2.055 0.165
2.055 0.1562
2.056 0.148
2.057 0.1404
2.057 0.1334
2.058 0.1268
2.058 0.1207
2.058 0.115
2.059 0.1097
2.059 0.1047
2.06 0.1001
2.061 0.09571
2.061 0.09162
2.062 0.08778
2.062 0.08417
2.062 0.08078
2.063 0.07758
2.063 0.07456
2.064 0.0717
2.064 0.06901
2.065 0.06646
2.066 0.06405
2.066 0.06176
2.067 0.05959
2.067 0.05753
2.067 0.05558
2.068 0.05372
2.068 0.05195
2.069 0.05027
2.07 0.04866
2.07 0.04713
2.071 0.04567
2.071 0.04428
2.071 0.04294
2.072 0.04167
2.072 0.04045
2.073 0.03928
2.074 0.03817
2.074 0.0371
2.075 0.03607
2.075 0.03508
2.075 0.03414
2.076 0.03323
2.076 0.03236
2.077 0.03152
2.078 0.03071
2.078 0.02993
2.079 0.02918
2.079 0.02846
2.079 0.02777
2.08 0.0271
2.08 0.02645
2.081 0.02583
2.082 0.02523
2.082 0.02465
2.083 0.02409
2.083 0.02354
2.083 0.02302
2.084 0.02251
2.084 0.02202
2.085 0.02155
2.086 0.02109
2.086 0.02064
2.087 0.02021
2.087 0.01979
2.087 0.01939
2.088 0.019
2.088 0.01862
2.089 0.01825
2.09 0.01789
2.09 0.01754
2.091 0.0172
2.091 0.01687
2.091 0.01655
2.092 0.01624
2.092 0.01594
2.093 0.01565
2.094 0.01536
2.094 0.01508
2.095 0.01481
2.095 0.01455
2.095 0.01429
2.096 0.01404
2.096 0.0138
2.097 0.01357
2.098 0.01333
2.098 0.01311
2.099 0.01289
2.099 0.01268
2.099 0.01247
2.1 0.01227
2.1 0.01207
2.101 0.01187
2.102 0.01168
2.102 0.0115
2.103 0.01132
2.103 0.01114
2.103 0.01097
2.104 0.0108
2.104 0.01064
2.105 0.01048
2.106 0.01032
2.106 0.01017
2.107 0.01002
2.107 0.009873
2.107 0.00973
2.108 0.009589
2.108 0.009452
2.109 0.009318
2.11 0.009186
2.11 0.009058
2.111 0.008932
2.111 0.008808
2.111 0.008688
2.112 0.008569
2.112 0.008453
2.113 0.00834
2.114 0.008228
2.114 0.008119
2.115 0.008012
2.115 0.007908
2.115 0.007805
2.116 0.007704
2.116 0.007605
2.117 0.007508
2.118 0.007413
2.118 0.00732
2.119 0.007229
2.119 0.007139
2.119 0.007051
2.12 0.006964
2.12 0.006879
2.121 0.006796
2.122 0.006714
2.122 0.006634
2.123 0.006555
2.123 0.006478
2.123 0.006401
2.124 0.006327
2.124 0.006253
2.125 0.006181
2.126 0.00611
2.126 0.00604
2.127 0.005972
2.127 0.005905
2.127 0.005838
2.128 0.005773
2.128 0.005709
2.129 0.005646
2.13 0.005584
2.13 0.005524
2.131 0.005464
2.131 0.005405
2.131 0.005347
2.132 0.00529
2.132 0.005234
2.133 0.005179
2.134 0.005124
2.134 0.005071
2.135 0.005018
2.135 0.004966
2.135 0.004915
2.136 0.004865
2.136 0.004816
2.137 0.004767
2.138 0.004719
2.138 0.004672
2.139 0.004625
2.139 0.00458
2.139 0.004535
2.14 0.00449
2.14 0.004446
2.141 0.004403
2.142 0.004361
2.142 0.004319
2.143 0.004278
2.143 0.004237
2.143 0.004197
2.144 0.004157
2.144 0.004118
2.145 0.00408
2.146 0.004042
2.146 0.004005
2.147 0.003968
2.147 0.003931
2.147 0.003896
2.148 0.00386
2.148 0.003825
2.149 0.003791
2.15 0.003757
2.15 0.003724
2.151 0.003691
2.151 0.003658
2.151 0.003626
2.152 0.003595
2.152 0.003563
2.153 0.003532
2.154 0.003502
2.154 0.003472
2.155 0.003442
2.155 0.003413
2.155 0.003384
2.156 0.003356
2.156 0.003327
2.157 0.0033
2.158 0.003272
2.158 0.003245
2.159 0.003218
2.159 0.003192
2.159 0.003166
2.16 0.00314
2.16 0.003114
2.161 0.003089
2.162 0.003064
2.162 0.00304
2.163 0.003016
2.163 0.002992
2.163 0.002968
2.164 0.002945
2.164 0.002922
2.165 0.002899
2.166 0.002876
2.166 0.002854
2.167 0.002832
2.167 0.00281
2.167 0.002789
2.168 0.002767
2.168 0.002746
2.169 0.002726
2.17 0.002705
2.17 0.002685
2.171 0.002665
2.171 0.002645
2.171 0.002625
2.172 0.002606
2.172 0.002587
2.173 0.002568
2.174 0.002549
2.174 0.002531
2.175 0.002512
2.175 0.002494
2.175 0.002476
2.176 0.002458
2.176 0.002441
2.177 0.002424
2.178 0.002406
2.178 0.002389
2.179 0.002373
2.179 0.002356
2.179 0.00234
2.18 0.002323
2.18 0.002307
2.181 0.002291
2.182 0.002276
2.182 0.00226
2.183 0.002244
2.183 0.002229
2.183 0.002214
2.184 0.002199
2.184 0.002184
2.185 0.00217
2.186 0.002155
2.186 0.002141
2.187 0.002127
2.187 0.002113
2.188 0.002099
2.188 0.002085
2.188 0.002071
2.189 0.002058
2.189 0.002044
2.19 0.002031
2.191 0.002018
2.191 0.002005
2.192 0.001992
2.192 0.00198
2.192 0.001967
2.193 0.001954
2.193 0.001942
2.194 0.00193
2.195 0.001918
2.195 0.001906
2.196 0.001894
2.196 0.001882
2.196 0.00187
2.197 0.001859
2.197 0.001847
2.198 0.001836
2.199 0.001825
2.199 0.001814
2.2 0.001803
2.2 0.001792
2.2 0.001781
2.201 0.00177
2.201 0.00176
2.202 0.001749
2.203 0.001739
2.203 0.001728
2.204 0.001718
2.204 0.001708
2.204 0.001698
2.205 0.001688
2.205 0.001678
2.206 0.001668
2.207 0.001659
2.207 0.001649
2.208 0.00164
2.208 0.00163
2.208 0.001621
2.209 0.001612
2.209 0.001602
2.21 0.001593
2.211 0.001584
2.211 0.001575
2.212 0.001566
2.212 0.001558
2.212 0.001549
2.213 0.00154
2.213 0.001532
2.214 0.001523
2.215 0.001515
2.215 0.001506
2.216 0.001498
2.216 0.00149
2.216 0.001482
2.217 0.001474
2.217 0.001466
2.218 0.001458
2.219 0.00145
2.219 0.001442
2.22 0.001434
2.22 0.001427
2.22 0.001419
2.221 0.001412
2.221 0.001404
2.222 0.001397
2.223 0.001389
2.223 0.001382
2.224 0.001375
2.224 0.001368
2.224 0.00136
2.225 0.001353
2.225 0.001346
2.226 0.001339
2.227 0.001332
2.227 0.001326
2.228 0.001319
2.228 0.001312
2.228 0.001305
2.229 0.001299
2.229 0.001292
2.23 0.001286
2.231 0.001279
2.231 0.001273
2.232 0.001266
2.232 0.00126
2.232 0.001254
2.233 0.001247
2.233 0.001241
2.234 0.001235
2.235 0.001229
2.235 0.001223
2.236 0.001217
2.236 0.001211
2.236 0.001205
2.237 0.001199
2.237 0.001193
2.238 0.001188
2.239 0.001182
2.239 0.001176
2.24 0.001171
2.24 0.001165
2.24 0.001159
2.241 0.001154
2.241 0.001148
2.242 0.001143
2.243 0.001138
2.243 0.001132
2.244 0.001127
2.244 0.001122
2.244 0.001116
2.245 0.001111
2.245 0.001106
2.246 0.001101
2.247 0.001096
2.247 0.001091
2.248 0.001086
2.248 0.001081
2.248 0.001076
2.249 0.001071
2.249 0.001066
2.25 0.001061
2.251 0.001056
2.251 0.001051
2.252 0.001047
2.252 0.001042
2.252 0.001037
2.253 0.001033
2.253 0.001028
2.254 0.001023
2.255 0.001019
2.255 0.001014
2.256 0.00101
2.256 0.001005
2.256 0.001001
2.257 0.0009966
2.257 0.0009922
2.258 0.0009879
2.259 0.0009836
2.259 0.0009793
2.26 0.000975
2.26 0.0009708
2.26 0.0009666
2.261 0.0009625
2.261 0.0009583
2.262 0.0009542
2.263 0.0009501
2.263 0.0009461
2.264 0.0009421
2.264 0.0009381
2.264 0.0009341
2.265 0.0009301
2.265 0.0009262
2.266 0.0009223
2.267 0.0009185
2.267 0.0009146
2.268 0.0009108
2.268 0.000907
2.268 0.0009032
2.269 0.0008995
2.269 0.0008958
2.27 0.0008921
2.271 0.0008884
2.271 0.0008847
2.272 0.0008811
2.272 0.0008775
2.272 0.0008739
2.273 0.0008704
2.273 0.0008668
2.274 0.0008633
2.275 0.0008598
2.275 0.0008564
2.276 0.0008529
2.276 0.0008495
2.276 0.0008461
2.277 0.0008427
2.277 0.0008393
2.278 0.000836
2.279 0.0008327
2.279 0.0008294
2.28 0.0008261
2.28 0.0008228
2.28 0.0008196
2.281 0.0008164
2.281 0.0008132
2.282 0.00081
2.283 0.0008069
2.283 0.0008037
2.284 0.0008006
2.284 0.0007975
2.284 0.0007944
2.285 0.0007913
2.285 0.0007883
2.286 0.0007853
2.287 0.0007823
2.287 0.0007793
2.288 0.0007763
2.288 0.0007733
2.288 0.0007704
2.289 0.0007675
2.289 0.0007646
2.29 0.0007617
2.291 0.0007588
2.291 0.000756
2.292 0.0007532
2.292 0.0007503
2.292 0.0007475
2.293 0.0007447
2.293 0.000742
2.294 0.0007392
2.295 0.0007365
2.295 0.0007338
2.296 0.0007311
2.296 0.0007284
2.296 0.0007257
2.297 0.000723
2.297 0.0007204
2.298 0.0007178
2.299 0.0007152
2.299 0.0007126
2.3 0.00071
2.3 0.0007074
2.3 0.0007049
2.301 0.0007023
2.301 0.0006998
2.302 0.0006973
2.303 0.0006948
2.303 0.0006923
2.304 0.0006898
2.304 0.0006874
2.304 0.0006849
2.305 0.0006825
2.305 0.0006801
2.306 0.0006777
2.307 0.0006753
2.307 0.000673
2.308 0.0006706
2.308 0.0006682
2.308 0.0006659
2.309 0.0006636
2.309 0.0006613
2.31 0.000659
2.311 0.0006567
2.311 0.0006544
2.312 0.0006522
2.312 0.0006499
2.312 0.0006477
2.313 0.0006455
2.313 0.0006433
2.314 0.0006411
2.314 0.0006389
2.315 0.0006367
2.316 0.0006345
2.316 0.0006324
2.317 0.0006303
2.317 0.0006281
2.317 0.000626
2.318 0.0006239
2.318 0.0006218
2.319 0.0006197
2.32 0.0006177
2.32 0.0006156
2.321 0.0006136
2.321 0.0006115
2.321 0.0006095
2.322 0.0006075
2.322 0.0006055
2.323 0.0006035
2.324 0.0006015
2.324 0.0005995
2.325 0.0005975
2.325 0.0005956
2.325 0.0005936
2.326 0.0005917
2.326 0.0005898
2.327 0.0005879
2.328 0.000586
2.328 0.0005841
2.329 0.0005822
2.329 0.0005803
2.329 0.0005784
2.33 0.0005766
2.33 0.0005747
2.331 0.0005729
2.332 0.0005711
2.332 0.0005692
2.333 0.0005674
2.333 0.0005656
2.333 0.0005638
2.334 0.0005621
2.334 0.0005603
2.335 0.0005585
2.336 0.0005568
2.336 0.000555
2.337 0.0005533
2.337 0.0005516
2.337 0.0005498
2.338 0.0005481
2.338 0.0005464
2.339 0.0005447
2.34 0.000543
2.34 0.0005414
2.341 0.0005397
2.341 0.000538
2.341 0.0005364
2.342 0.0005347
2.342 0.0005331
2.343 0.0005315
2.344 0.0005298
2.344 0.0005282
2.345 0.0005266
2.345 0.000525
2.345 0.0005234
2.346 0.0005218
2.346 0.0005203
2.347 0.0005187
2.348 0.0005171
2.348 0.0005156
2.349 0.000514
2.349 0.0005125
2.349 0.000511
2.35 0.0005094
2.35 0.0005079
2.351 0.0005064
2.352 0.0005049
2.352 0.0005034
2.353 0.0005019
2.353 0.0005004
2.353 0.000499
2.354 0.0004975
2.354 0.000496
2.355 0.0004946
2.356 0.0004931
2.356 0.0004917
2.357 0.0004903
2.357 0.0004889
2.357 0.0004874
2.358 0.000486
2.358 0.0004846
2.359 0.0004832
2.36 0.0004818
2.36 0.0004804
2.361 0.0004791
2.361 0.0004777
2.361 0.0004763
2.362 0.000475
2.362 0.0004736
2.363 0.0004722
2.364 0.0004709
2.364 0.0004696
2.365 0.0004682
2.365 0.0004669
2.365 0.0004656
2.366 0.0004643
2.366 0.000463
2.367 0.0004617
2.368 0.0004604
2.368 0.0004591
2.369 0.0004578
2.369 0.0004565
2.369 0.0004553
2.37 0.000454
2.37 0.0004527
2.371 0.0004515
2.372 0.0004502
2.372 0.000449
2.373 0.0004477
2.373 0.0004465
2.373 0.0004453
2.374 0.0004441
2.374 0.0004429
2.375 0.0004416
2.376 0.0004404
2.376 0.0004392
2.377 0.000438
2.377 0.0004369
2.377 0.0004357
2.378 0.0004345
2.378 0.0004333
2.379 0.0004321
2.38 0.000431
2.38 0.0004298
2.381 0.0004287
2.381 0.0004275
2.381 0.0004264
2.382 0.0004252
2.382 0.0004241
2.383 0.000423
2.384 0.0004218
2.384 0.0004207
2.385 0.0004196
2.385 0.0004185
2.385 0.0004174
2.386 0.0004163
2.386 0.0004152
2.387 0.0004141
2.388 0.000413
2.388 0.0004119
2.389 0.0004109
2.389 0.0004098
2.389 0.0004087
2.39 0.0004077
2.39 0.0004066
2.391 0.0004056
2.392 0.0004045
2.392 0.0004035
2.393 0.0004024
2.393 0.0004014
2.393 0.0004003
2.394 0.0003993
2.394 0.0003983
2.395 0.0003973
2.396 0.0003963
2.396 0.0003952
2.397 0.0003942
2.397 0.0003932
2.397 0.0003922
2.398 0.0003912
2.398 0.0003903
2.399 0.0003893
2.4 0.0003883
2.4 0.0003873
2.401 0.0003863
2.401 0.0003854
2.401 0.0003844
2.402 0.0003834
2.402 0.0003825
2.403 0.0003815
2.404 0.0003806
2.404 0.0003796
2.405 0.0003787
2.405 0.0003777
2.405 0.0003768
2.406 0.0003759
2.406 0.0003749
2.407 0.000374
2.408 0.0003731
2.408 0.0003722
2.409 0.0003713
2.409 0.0003704
2.409 0.0003695
2.41 0.0003685
2.41 0.0003676
2.411 0.0003668
2.412 0.0003659
2.412 0.000365
2.413 0.0003641
2.413 0.0003632
2.413 0.0003623
2.414 0.0003615
2.414 0.0003606
2.415 0.0003597
2.416 0.0003589
2.416 0.000358
2.417 0.0003571
2.417 0.0003563
2.417 0.0003554
2.418 0.0003546
2.418 0.0003537
2.419 0.0003529
2.42 0.0003521
2.42 0.0003512
2.421 0.0003504
2.421 0.0003496
2.421 0.0003488
2.422 0.0003479
2.422 0.0003471
2.423 0.0003463
2.424 0.0003455
2.424 0.0003447
2.425 0.0003439
2.425 0.0003431
2.425 0.0003423
2.426 0.0003415
2.426 0.0003407
2.427 0.0003399
2.428 0.0003391
2.428 0.0003383
2.429 0.0003375
2.429 0.0003368
2.429 0.000336
2.43 0.0003352
2.43 0.0003344
2.431 0.0003337
2.432 0.0003329
2.432 0.0003322
2.433 0.0003314
2.433 0.0003306
2.433 0.0003299
2.434 0.0003291
2.434 0.0003284
2.435 0.0003277
2.436 0.0003269
2.436 0.0003262
2.437 0.0003254
2.437 0.0003247
2.438 0.000324
2.438 0.0003232
2.438 0.0003225
2.439 0.0003218
2.439 0.0003211
2.44 0.0003204
2.441 0.0003197
2.441 0.0003189
2.442 0.0003182
2.442 0.0003175
2.442 0.0003168
2.443 0.0003161
2.443 0.0003154
2.444 0.0003147
2.445 0.000314
2.445 0.0003133
2.446 0.0003127
2.446 0.000312
2.446 0.0003113
2.447 0.0003106
2.447 0.0003099
2.448 0.0003093
2.449 0.0003086
2.449 0.0003079
2.45 0.0003072
2.45 0.0003066
2.45 0.0003059
2.451 0.0003053
2.451 0.0003046
2.452 0.0003039
2.453 0.0003033
2.453 0.0003026
2.454 0.000302
2.454 0.0003013
2.454 0.0003007
2.455 0.0003
2.455 0.0002994
2.456 0.0002988
2.457 0.0002981
2.457 0.0002975
2.458 0.0002969
2.458 0.0002962
2.458 0.0002956
2.459 0.000295
2.459 0.0002944
2.46 0.0002937
2.461 0.0002931
2.461 0.0002925
2.462 0.0002919
2.462 0.0002913
2.462 0.0002907
2.463 0.0002901
2.463 0.0002895
2.464 0.0002889
2.465 0.0002883
2.465 0.0002877
2.466 0.0002871
2.466 0.0002865
2.466 0.0002859
2.467 0.0002853
2.467 0.0002847
2.468 0.0002841
2.469 0.0002835
2.469 0.0002829
2.47 0.0002824
2.47 0.0002818
2.47 0.0002812
2.471 0.0002806
2.471 0.0002801
2.472 0.0002795
2.473 0.0002789
2.473 0.0002784
2.474 0.0002778
2.474 0.0002772
2.474 0.0002767
2.475 0.0002761
2.475 0.0002756
2.476 0.000275
2.477 0.0002744
2.477 0.0002739
2.478 0.0002733
2.478 0.0002728
2.478 0.0002722
2.479 0.0002717
2.479 0.0002712
2.48 0.0002706
2.481 0.0002701
2.481 0.0002695
2.482 0.000269
2.482 0.0002685
2.482 0.0002679
2.483 0.0002674
2.483 0.0002669
2.484 0.0002664
2.485 0.0002658
2.485 0.0002653
2.486 0.0002648
2.486 0.0002643
2.486 0.0002638
2.487 0.0002632
2.487 0.0002627
2.488 0.0002622
2.489 0.0002617
2.489 0.0002612
2.49 0.0002607
2.49 0.0002602
2.49 0.0002597
2.491 0.0002592
2.491 0.0002587
2.492 0.0002582
2.493 0.0002577
2.493 0.0002572
2.494 0.0002567
2.494 0.0002562
2.494 0.0002557
2.495 0.0002552
2.495 0.0002547
2.496 0.0002542
2.497 0.0002538
2.497 0.0002533
2.498 0.0002528
2.498 0.0002523
2.498 0.0002518
2.499 0.0002514
2.499 0.0002509
2.5 0.0002504
2.501 0.0002499
2.501 0.0002495
2.502 0.000249
2.502 0.0002485
2.502 0.0002481
2.503 0.0002476
2.503 0.0002471
2.504 0.0002467
2.505 0.0002462
2.505 0.0002458
2.506 0.0002453
2.506 0.0002448
2.506 0.0002444
2.507 0.0002439
2.507 0.0002435
2.508 0.000243
2.509 0.0002426
2.509 0.0002421
2.51 0.0002417
2.51 0.0002413
2.51 0.0002408
2.511 0.0002404
2.511 0.0002399
2.512 0.0002395
2.513 0.000239
2.513 0.0002386
2.514 0.0002382
2.514 0.0002377
2.514 0.0002373
2.515 0.0002369
2.515 0.0002365
2.516 0.000236
2.517 0.0002356
2.517 0.0002352
2.518 0.0002347
2.518 0.0002343
2.518 0.0002339
2.519 0.0002335
2.519 0.0002331
2.52 0.0002326
2.521 0.0002322
2.521 0.0002318
2.522 0.0002314
2.522 0.000231
2.522 0.0002306
2.523 0.0002302
2.523 0.0002298
2.524 0.0002294
2.525 0.0002289
2.525 0.0002285
2.526 0.0002281
2.526 0.0002277
2.526 0.0002273
2.527 0.0002269
2.527 0.0002265
2.528 0.0002261
2.529 0.0002257
2.529 0.0002253
2.53 0.000225
2.53 0.0002246
2.53 0.0002242
2.531 0.0002238
2.531 0.0002234
2.532 0.000223
2.533 0.0002226
2.533 0.0002222
2.534 0.0002218
2.534 0.0002215
2.534 0.0002211
2.535 0.0002207
2.535 0.0002203
2.536 0.0002199
2.537 0.0002196
2.537 0.0002192
2.538 0.0002188
2.538 0.0002184
2.538 0.0002181
2.539 0.0002177
2.539 0.0002173
2.54 0.000217
2.541 0.0002166
2.541 0.0002162
2.542 0.0002158
2.542 0.0002155
2.542 0.0002151
2.543 0.0002148
2.543 0.0002144
2.544 0.000214
2.545 0.0002137
2.545 0.0002133
2.546 0.000213
2.546 0.0002126
2.546 0.0002122
2.547 0.0002119
2.547 0.0002115
2.548 0.0002112
2.549 0.0002108
2.549 0.0002105
2.55 0.0002101
2.55 0.0002098
2.55 0.0002094
2.551 0.0002091
2.551 0.0002087
2.552 0.0002084
2.553 0.0002081
2.553 0.0002077
2.554 0.0002074
2.554 0.000207
2.554 0.0002067
2.555 0.0002064
2.555 0.000206
2.556 0.0002057
2.557 0.0002053
2.557 0.000205
2.558 0.0002047
2.558 0.0002043
2.558 0.000204
2.559 0.0002037
2.559 0.0002033
2.56 0.000203
2.561 0.0002027
2.561 0.0002024
2.562 0.000202
2.562 0.0002017
2.562 0.0002014
2.563 0.0002011
2.563 0.0002007
2.564 0.0002004
2.564 0.0002001
2.565 0.0001998
2.566 0.0001995
2.566 0.0001991
2.567 0.0001988
2.567 0.0001985
2.567 0.0001982
2.568 0.0001979
2.568 0.0001976
2.569 0.0001973
2.57 0.0001969
2.57 0.0001966
2.571 0.0001963
2.571 0.000196
2.571 0.0001957
2.572 0.0001954
2.572 0.0001951
2.573 0.0001948
2.574 0.0001945
2.574 0.0001942
2.575 0.0001939
2.575 0.0001936
2.575 0.0001933
2.576 0.000193
2.576 0.0001927
2.577 0.0001924
2.578 0.0001921
2.578 0.0001918
2.579 0.0001915
2.579 0.0001912
2.579 0.0001909
2.58 0.0001906
2.58 0.0001903
2.581 0.00019
2.582 0.0001897
2.582 0.0001894
2.583 0.0001891
2.583 0.0001888
2.583 0.0001886
2.584 0.0001883
2.584 0.000188
2.585 0.0001877
2.586 0.0001874
2.586 0.0001871
2.587 0.0001868
2.587 0.0001866
2.587 0.0001863
2.588 0.000186
2.588 0.0001857
2.589 0.0001854
2.59 0.0001852
2.59 0.0001849
2.591 0.0001846
2.591 0.0001843
2.591 0.0001841
2.592 0.0001838
2.592 0.0001835
2.593 0.0001832
2.594 0.000183
2.594 0.0001827
2.595 0.0001824
2.595 0.0001821
2.595 0.0001819
2.596 0.0001816
2.596 0.0001813
2.597 0.0001811
2.598 0.0001808
2.598 0.0001805
2.599 0.0001803
2.599 0.00018
2.599 0.0001797
2.6 0.0001795
2.6 0.0001792
2.601 0.000179
2.602 0.0001787
2.602 0.0001784
2.603 0.0001782
2.603 0.0001779
2.603 0.0001777
2.604 0.0001774
2.604 0.0001771
2.605 0.0001769
2.606 0.0001766
2.606 0.0001764
2.607 0.0001761
2.607 0.0001759
2.607 0.0001756
2.608 0.0001754
2.608 0.0001751
2.609 0.0001749
2.61 0.0001746
2.61 0.0001744
2.611 0.0001741
2.611 0.0001739
2.611 0.0001736
2.612 0.0001734
2.612 0.0001731
2.613 0.0001729
2.614 0.0001726
2.614 0.0001724
2.615 0.0001721
2.615 0.0001719
2.615 0.0001716
2.616 0.0001714
2.616 0.0001712
2.617 0.0001709
2.618 0.0001707
2.618 0.0001704
2.619 0.0001702
2.619 0.00017
2.619 0.0001697
2.62 0.0001695
2.62 0.0001693
2.621 0.000169
2.622 0.0001688
2.622 0.0001686
2.623 0.0001683
2.623 0.0001681
2.623 0.0001679
2.624 0.0001676
2.624 0.0001674
2.625 0.0001672
2.626 0.0001669
2.626 0.0001667
2.627 0.0001665
2.627 0.0001662
2.627 0.000166
2.628 0.0001658
2.628 0.0001656
2.629 0.0001653
2.63 0.0001651
2.63 0.0001649
2.631 0.0001647
2.631 0.0001644
2.631 0.0001642
2.632 0.000164
2.632 0.0001638
2.633 0.0001635
2.634 0.0001633
2.634 0.0001631
2.635 0.0001629
2.635 0.0001627
2.635 0.0001624
2.636 0.0001622
2.636 0.000162
2.637 0.0001618
2.638 0.0001616
2.638 0.0001614
2.639 0.0001611
2.639 0.0001609
2.639 0.0001607
2.64 0.0001605
2.64 0.0001603
2.641 0.0001601
2.642 0.0001599
2.642 0.0001597
2.643 0.0001594
2.643 0.0001592
2.643 0.000159
2.644 0.0001588
2.644 0.0001586
2.645 0.0001584
2.646 0.0001582
2.646 0.000158
2.647 0.0001578
2.647 0.0001576
2.647 0.0001574
2.648 0.0001572
2.648 0.0001569
2.649 0.0001567
2.65 0.0001565
2.65 0.0001563
2.651 0.0001561
2.651 0.0001559
2.651 0.0001557
2.652 0.0001555
2.652 0.0001553
2.653 0.0001551
2.654 0.0001549
2.654 0.0001547
2.655 0.0001545
2.655 0.0001543
2.655 0.0001541
2.656 0.0001539
2.656 0.0001537
2.657 0.0001535
2.658 0.0001533
2.658 0.0001532
2.659 0.000153
2.659 0.0001528
2.659 0.0001526
2.66 0.0001524
2.66 0.0001522
2.661 0.000152
2.662 0.0001518
2.662 0.0001516
2.663 0.0001514
2.663 0.0001512
2.663 0.000151
2.664 0.0001508
2.664 0.0001507
2.665 0.0001505
2.666 0.0001503
2.666 0.0001501
2.667 0.0001499
2.667 0.0001497
2.667 0.0001495
2.668 0.0001493
2.668 0.0001492
2.669 0.000149
2.67 0.0001488
2.67 0.0001486
2.671 0.0001484
2.671 0.0001482
2.671 0.0001481
2.672 0.0001479
2.672 0.0001477
2.673 0.0001475
2.674 0.0001473
2.674 0.0001472
2.675 0.000147
2.675 0.0001468
2.675 0.0001466
2.676 0.0001464
2.676 0.0001463
2.677 0.0001461
2.678 0.0001459
2.678 0.0001457
2.679 0.0001455
2.679 0.0001454
2.679 0.0001452
2.68 0.000145
2.68 0.0001448
2.681 0.0001447
2.682 0.0001445
2.682 0.0001443
2.683 0.0001441
2.683 0.000144
2.683 0.0001438
2.684 0.0001436
2.684 0.0001435
2.685 0.0001433
2.686 0.0001431
2.686 0.0001429
2.687 0.0001428
2.687 0.0001426
2.688 0.0001424
2.688 0.0001423
2.688 0.0001421
2.689 0.0001419
2.689 0.0001418
2.69 0.0001416
2.691 0.0001414
2.691 0.0001413
2.692 0.0001411
2.692 0.0001409
2.692 0.0001408
2.693 0.0001406
2.693 0.0001404
2.694 0.0001403
2.695 0.0001401
2.695 0.00014
2.696 0.0001398
2.696 0.0001396
2.696 0.0001395
2.697 0.0001393
2.697 0.0001391
2.698 0.000139
2.699 0.0001388
2.699 0.0001387
2.7 0.0001385
2.7 0.0001383
2.7 0.0001382
2.701 0.000138
2.701 0.0001379
2.702 0.0001377
2.703 0.0001376
2.703 0.0001374
2.704 0.0001372
2.704 0.0001371
2.704 0.0001369
2.705 0.0001368
2.705 0.0001366
2.706 0.0001365
2.707 0.0001363
2.707 0.0001362
2.708 0.000136
2.708 0.0001358
2.708 0.0001357
2.709 0.0001355
2.709 0.0001354
2.71 0.0001352
2.711 0.0001351
2.711 0.0001349
2.712 0.0001348
2.712 0.0001346
2.712 0.0001345
2.713 0.0001343
2.713 0.0001342
2.714 0.000134
2.715 0.0001339
2.715 0.0001337
2.716 0.0001336
2.716 0.0001334
2.716 0.0001333
2.717 0.0001331
2.717 0.000133
2.718 0.0001329
2.719 0.0001327
2.719 0.0001326
2.72 0.0001324
2.72 0.0001323
2.72 0.0001321
2.721 0.000132
2.721 0.0001318
2.722 0.0001317
2.723 0.0001316
2.723 0.0001314
2.724 0.0001313
2.724 0.0001311
2.724 0.000131
2.725 0.0001308
2.725 0.0001307
2.726 0.0001306
2.727 0.0001304
2.727 0.0001303
2.728 0.0001301
2.728 0.00013
2.728 0.0001299
2.729 0.0001297
2.729 0.0001296
2.73 0.0001294
2.731 0.0001293
2.731 0.0001292
2.732 0.000129
2.732 0.0001289
2.732 0.0001288
2.733 0.0001286
2.733 0.0001285
2.734 0.0001283
2.735 0.0001282
2.735 0.0001281
2.736 0.0001279
2.736 0.0001278
2.736 0.0001277
2.737 0.0001275
2.737 0.0001274
2.738 0.0001273
2.739 0.0001271
2.739 0.000127
2.74 0.0001269
2.74 0.0001267
2.74 0.0001266
2.741 0.0001265
2.741 0.0001263
2.742 0.0001262
2.743 0.0001261
2.743 0.000126
2.744 0.0001258
2.744 0.0001257
2.744 0.0001256
2.745 0.0001254
2.745 0.0001253
2.746 0.0001252
2.747 0.0001251
2.747 0.0001249
2.748 0.0001248
2.748 0.0001247
2.748 0.0001245
2.749 0.0001244
2.749 0.0001243
2.75 0.0001242
2.751 0.000124
2.751 0.0001239
2.752 0.0001238
2.752 0.0001237
2.752 0.0001235
2.753 0.0001234
2.753 0.0001233
2.754 0.0001232
2.755 0.000123
2.755 0.0001229
2.756 0.0001228
2.756 0.0001227
2.756 0.0001225
2.757 0.0001224
2.757 0.0001223
2.758 0.0001222
2.759 0.0001221
2.759 0.0001219
2.76 0.0001218
2.76 0.0001217
2.76 0.0001216
2.761 0.0001215
2.761 0.0001213
2.762 0.0001212
2.763 0.0001211
2.763 0.000121
2.764 0.0001209
2.764 0.0001207
2.764 0.0001206
2.765 0.0001205
2.765 0.0001204
2.766 0.0001203
2.767 0.0001202
2.767 0.00012
2.768 0.0001199
2.768 0.0001198
2.768 0.0001197
2.769 0.0001196
2.769 0.0001195
2.77 0.0001193
2.771 0.0001192
2.771 0.0001191
2.772 0.000119
2.772 0.0001189
2.772 0.0001188
2.773 0.0001187
2.773 0.0001185
2.774 0.0001184
2.775 0.0001183
2.775 0.0001182
2.776 0.0001181
2.776 0.000118
2.776 0.0001179
2.777 0.0001178
2.777 0.0001176
2.778 0.0001175
2.779 0.0001174
2.779 0.0001173
2.78 0.0001172
2.78 0.0001171
2.78 0.000117
2.781 0.0001169
2.781 0.0001168
2.782 0.0001167
2.783 0.0001166
2.783 0.0001164
2.784 0.0001163
2.784 0.0001162
2.784 0.0001161
2.785 0.000116
2.785 0.0001159
2.786 0.0001158
2.787 0.0001157
2.787 0.0001156
2.788 0.0001155
2.788 0.0001154
2.788 0.0001153
2.789 0.0001152
2.789 0.0001151
2.79 0.0001149
2.791 0.0001148
2.791 0.0001147
2.792 0.0001146
2.792 0.0001145
2.792 0.0001144
2.793 0.0001143
2.793 0.0001142
2.794 0.0001141
2.795 0.000114
2.795 0.0001139
2.796 0.0001138
2.796 0.0001137
2.796 0.0001136
2.797 0.0001135
2.797 0.0001134
2.798 0.0001133
2.799 0.0001132
2.799 0.0001131
2.8 0.000113
2.8 0.0001129
2.8 0.0001128
2.801 0.0001127
2.801 0.0001126
2.802 0.0001125
2.803 0.0001124
2.803 0.0001123
2.804 0.0001122
2.804 0.0001121
2.804 0.000112
2.805 0.0001119
2.805 0.0001118
2.806 0.0001117
2.807 0.0001116
2.807 0.0001115
2.808 0.0001114
2.808 0.0001113
2.808 0.0001112
2.809 0.0001111
2.809 0.000111
2.81 0.0001109
2.811 0.0001108
2.811 0.0001107
2.812 0.0001106
2.812 0.0001105
2.812 0.0001105
2.813 0.0001104
2.813 0.0001103
2.814 0.0001102
2.814 0.0001101
2.815 0.00011
2.816 0.0001099
2.816 0.0001098
2.817 0.0001097
2.817 0.0001096
2.817 0.0001095
2.818 0.0001094
2.818 0.0001093
2.819 0.0001092
2.82 0.0001091
2.82 0.0001091
2.821 0.000109
2.821 0.0001089
2.821 0.0001088
2.822 0.0001087
2.822 0.0001086
2.823 0.0001085
2.824 0.0001084
2.824 0.0001083
2.825 0.0001082
2.825 0.0001081
2.825 0.0001081
2.826 0.000108
2.826 0.0001079
2.827 0.0001078
2.828 0.0001077
2.828 0.0001076
2.829 0.0001075
2.829 0.0001074
2.829 0.0001073
2.83 0.0001073
2.83 0.0001072
2.831 0.0001071
2.832 0.000107
2.832 0.0001069
2.833 0.0001068
2.833 0.0001067
2.833 0.0001067
2.834 0.0001066
2.834 0.0001065
2.835 0.0001064
2.836 0.0001063
2.836 0.0001062
2.837 0.0001061
2.837 0.0001061
2.837 0.000106
2.838 0.0001059
2.838 0.0001058
2.839 0.0001057
2.84 0.0001056
2.84 0.0001055
2.841 0.0001055
2.841 0.0001054
2.841 0.0001053
2.842 0.0001052
2.842 0.0001051
2.843 0.000105
2.844 0.000105
2.844 0.0001049
2.845 0.0001048
2.845 0.0001047
2.845 0.0001046
2.846 0.0001046
2.846 0.0001045
2.847 0.0001044
2.848 0.0001043
2.848 0.0001042
2.849 0.0001042
2.849 0.0001041
2.849 0.000104
2.85 0.0001039
2.85 0.0001038
2.851 0.0001038
2.852 0.0001037
2.852 0.0001036
2.853 0.0001035
2.853 0.0001034
2.853 0.0001034
2.854 0.0001033
2.854 0.0001032
2.855 0.0001031
2.856 0.000103
2.856 0.000103
2.857 0.0001029
2.857 0.0001028
2.857 0.0001027
2.858 0.0001027
2.858 0.0001026
2.859 0.0001025
2.86 0.0001024
2.86 0.0001023
2.861 0.0001023
2.861 0.0001022
2.861 0.0001021
2.862 0.000102
2.862 0.000102
2.863 0.0001019
2.864 0.0001018
2.864 0.0001017
2.865 0.0001017
2.865 0.0001016
2.865 0.0001015
2.866 0.0001014
2.866 0.0001014
2.867 0.0001013
2.868 0.0001012
2.868 0.0001011
2.869 0.0001011
2.869 0.000101
2.869 0.0001009
2.87 0.0001009
2.87 0.0001008
2.871 0.0001007
2.872 0.0001006
2.872 0.0001006
2.873 0.0001005
2.873 0.0001004
2.873 0.0001003
2.874 0.0001003
2.874 0.0001002
2.875 0.0001001
2.876 0.0001001
2.876 9.999e-05
2.877 9.992e-05
2.877 9.985e-05
2.877 9.978e-05
2.878 9.971e-05
2.878 9.964e-05
2.879 9.956e-05
2.88 9.95e-05
2.88 9.943e-05
2.881 9.936e-05
2.881 9.929e-05
2.881 9.922e-05
2.882 9.915e-05
2.882 9.908e-05
2.883 9.901e-05
2.884 9.894e-05
2.884 9.887e-05
2.885 9.88e-05
2.885 9.874e-05
2.885 9.867e-05
2.886 9.86e-05
2.886 9.853e-05
2.887 9.847e-05
2.888 9.84e-05
2.888 9.833e-05
2.889 9.826e-05
2.889 9.82e-05
2.889 9.813e-05
2.89 9.806e-05
2.89 9.8e-05
2.891 9.793e-05
2.892 9.787e-05
2.892 9.78e-05
2.893 9.773e-05
2.893 9.767e-05
2.893 9.76e-05
2.894 9.754e-05
2.894 9.747e-05
2.895 9.741e-05
2.896 9.734e-05
2.896 9.728e-05
2.897 9.721e-05
2.897 9.715e-05
2.897 9.708e-05
2.898 9.702e-05
2.898 9.696e-05
2.899 9.689e-05
2.9 9.683e-05
2.9 9.677e-05
2.901 9.67e-05
2.901 9.664e-05
2.901 9.658e-05
2.902 9.651e-05
2.902 9.645e-05
2.903 9.639e-05
2.904 9.633e-05
2.904 9.626e-05
2.905 9.62e-05
2.905 9.614e-05
2.905 9.608e-05
2.906 9.602e-05
2.906 9.595e-05
2.907 9.589e-05
2.908 9.583e-05
2.908 9.577e-05
2.909 9.571e-05
2.909 9.565e-05
2.909 9.559e-05
2.91 9.553e-05
2.91 9.547e-05
2.911 9.541e-05
2.912 9.535e-05
2.912 9.529e-05
2.913 9.523e-05
2.913 9.517e-05
2.913 9.511e-05
2.914 9.505e-05
2.914 9.499e-05
2.915 9.493e-05
2.916 9.487e-05
2.916 9.481e-05
2.917 9.476e-05
2.917 9.47e-05
2.917 9.464e-05
2.918 9.458e-05
2.918 9.452e-05
2.919 9.447e-05
2.92 9.441e-05
2.92 9.435e-05
2.921 9.429e-05
2.921 9.424e-05
2.921 9.418e-05
2.922 9.412e-05
2.922 9.406e-05
2.923 9.401e-05
2.924 9.395e-05
2.924 9.389e-05
2.925 9.384e-05
2.925 9.378e-05
2.925 9.373e-05
2.926 9.367e-05
2.926 9.361e-05
2.927 9.356e-05
2.928 9.35e-05
2.928 9.345e-05
2.929 9.339e-05
2.929 9.334e-05
2.929 9.328e-05
2.93 9.323e-05
2.93 9.317e-05
2.931 9.312e-05
2.932 9.306e-05
2.932 9.301e-05
2.933 9.296e-05
2.933 9.29e-05
2.933 9.285e-05
2.934 9.28e-05
2.934 9.274e-05
2.935 9.269e-05
2.936 9.263e-05
2.936 9.258e-05
2.937 9.253e-05
2.937 9.248e-05
2.938 9.242e-05
2.938 9.237e-05
2.938 9.232e-05
2.939 9.227e-05
2.939 9.221e-05
2.94 9.216e-05
2.941 9.211e-05
2.941 9.206e-05
2.942 9.201e-05
2.942 9.195e-05
2.942 9.19e-05
2.943 9.185e-05
2.943 9.18e-05
2.944 9.175e-05
2.945 9.17e-05
2.945 9.165e-05
2.946 9.16e-05
2.946 9.155e-05
2.946 9.15e-05
2.947 9.145e-05
2.947 9.14e-05
2.948 9.135e-05
2.949 9.13e-05
2.949 9.125e-05
2.95 9.12e-05
2.95 9.115e-05
2.95 9.11e-05
2.951 9.105e-05
2.951 9.1e-05
2.952 9.095e-05
2.953 9.09e-05
2.953 9.085e-05
2.954 9.081e-05
2.954 9.076e-05
2.954 9.071e-05
2.955 9.066e-05
2.955 9.061e-05
2.956 9.057e-05
2.957 9.052e-05
2.957 9.047e-05
2.958 9.042e-05
2.958 9.038e-05
2.958 9.033e-05
2.959 9.028e-05
2.959 9.023e-05
2.96 9.019e-05
2.961 9.014e-05
2.961 9.009e-05
2.962 9.005e-05
2.962 9e-05
2.962 8.996e-05
2.963 8.991e-05
2.963 8.986e-05
2.964 8.982e-05
2.965 8.977e-05
2.965 8.973e-05
2.966 8.968e-05
2.966 8.964e-05
2.966 8.959e-05
2.967 8.954e-05
2.967 8.95e-05
2.968 8.946e-05
2.969 8.941e-05
2.969 8.937e-05
2.97 8.932e-05
2.97 8.928e-05
2.97 8.923e-05
2.971 8.919e-05
2.971 8.914e-05
2.972 8.91e-05
2.973 8.906e-05
2.973 8.901e-05
2.974 8.897e-05
2.974 8.893e-05
2.974 8.888e-05
2.975 8.884e-05
2.975 8.88e-05
2.976 8.875e-05
2.977 8.871e-05
2.977 8.867e-05
2.978 8.863e-05
2.978 8.858e-05
2.978 8.854e-05
2.979 8.85e-05
2.979 8.846e-05
2.98 8.842e-05
2.981 8.837e-05
2.981 8.833e-05
2.982 8.829e-05
2.982 8.825e-05
2.982 8.821e-05
2.983 8.817e-05
2.983 8.813e-05
2.984 8.809e-05
2.985 8.804e-05
2.985 8.8e-05
2.986 8.796e-05
2.986 8.792e-05
2.986 8.788e-05
2.987 8.784e-05
2.987 8.78e-05
2.988 8.776e-05
2.989 8.772e-05
2.989 8.768e-05
2.99 8.764e-05
2.99 8.76e-05
2.99 8.756e-05
2.991 8.752e-05
2.991 8.749e-05
2.992 8.745e-05
2.993 8.741e-05
2.993 8.737e-05
2.994 8.733e-05
2.994 8.729e-05
2.994 8.725e-05
2.995 8.721e-05
2.995 8.718e-05
2.996 8.714e-05
2.997 8.71e-05
2.997 8.706e-05
2.998 8.702e-05
2.998 8.699e-05
2.998 8.695e-05
2.999 8.691e-05
2.999 8.687e-05
3 8.684e-05
3.001 8.68e-05
3.001 8.676e-05
3.002 8.673e-05
3.002 8.669e-05
3.002 8.665e-05
3.003 8.662e-05
3.003 8.658e-05
3.004 8.654e-05
3.005 8.651e-05
3.005 8.647e-05
3.006 8.644e-05
3.006 8.64e-05
3.006 8.636e-05
3.007 8.633e-05
3.007 8.629e-05
3.008 8.626e-05
3.009 8.622e-05
3.009 8.619e-05
3.01 8.615e-05
3.01 8.612e-05
3.01 8.608e-05
3.011 8.605e-05
3.011 8.601e-05
3.012 8.598e-05
3.013 8.594e-05
3.013 8.591e-05
3.014 8.588e-05
3.014 8.584e-05
3.014 8.581e-05
3.015 8.577e-05
3.015 8.574e-05
3.016 8.571e-05
3.017 8.567e-05
3.017 8.564e-05
3.018 8.561e-05
3.018 8.557e-05
3.018 8.554e-05
3.019 8.551e-05
3.019 8.548e-05
3.02 8.544e-05
3.021 8.541e-05
3.021 8.538e-05
3.022 8.535e-05
3.022 8.531e-05
3.022 8.528e-05
3.023 8.525e-05
3.023 8.522e-05
3.024 8.519e-05
3.025 8.515e-05
3.025 8.512e-05
3.026 8.509e-05
3.026 8.506e-05
3.026 8.503e-05
3.027 8.5e-05
3.027 8.497e-05
3.028 8.494e-05
3.029 8.49e-05
3.029 8.487e-05
3.03 8.484e-05
3.03 8.481e-05
3.03 8.478e-05
3.031 8.475e-05
3.031 8.472e-05
3.032 8.469e-05
3.033 8.466e-05
3.033 8.463e-05
3.034 8.46e-05
3.034 8.457e-05
3.034 8.454e-05
3.035 8.451e-05
3.035 8.448e-05
3.036 8.446e-05
3.037 8.443e-05
3.037 8.44e-05
3.038 8.437e-05
3.038 8.434e-05
3.038 8.431e-05
3.039 8.428e-05
3.039 8.425e-05
3.04 8.423e-05
3.041 8.42e-05
3.041 8.417e-05
3.042 8.414e-05
3.042 8.411e-05
3.042 8.409e-05
3.043 8.406e-05
3.043 8.403e-05
3.044 8.4e-05
3.045 8.398e-05
3.045 8.395e-05
3.046 8.392e-05
3.046 8.389e-05
3.046 8.387e-05
3.047 8.384e-05
3.047 8.381e-05
3.048 8.379e-05
3.049 8.376e-05
3.049 8.373e-05
3.05 8.371e-05
3.05 8.368e-05
3.05 8.366e-05
3.051 8.363e-05
3.051 8.36e-05
3.052 8.358e-05
3.053 8.355e-05
3.053 8.353e-05
3.054 8.35e-05
3.054 8.348e-05
3.054 8.345e-05
3.055 8.343e-05
3.055 8.34e-05
3.056 8.338e-05
3.057 8.335e-05
3.057 8.333e-05
3.058 8.33e-05
3.058 8.328e-05
3.058 8.325e-05
3.059 8.323e-05
3.059 8.32e-05
3.06 8.318e-05
3.061 8.316e-05
3.061 8.313e-05
3.062 8.311e-05
3.062 8.309e-05
3.062 8.306e-05
3.063 8.304e-05
3.063 8.302e-05
3.064 8.299e-05
3.064 8.297e-05
3.065 8.295e-05
3.066 8.292e-05
3.066 8.29e-05
3.067 8.288e-05
3.067 8.285e-05
3.067 8.283e-05
3.068 8.281e-05
3.068 8.279e-05
3.069 8.277e-05
3.07 8.274e-05
3.07 8.272e-05
3.071 8.27e-05
3.071 8.268e-05
3.071 8.266e-05
3.072 8.263e-05
3.072 8.261e-05
3.073 8.259e-05
3.074 8.257e-05
3.074 8.255e-05
3.075 8.253e-05
3.075 8.251e-05
3.075 8.249e-05
3.076 8.247e-05
3.076 8.245e-05
3.077 8.242e-05
3.078 8.24e-05
3.078 8.238e-05
3.079 8.236e-05
3.079 8.234e-05
3.079 8.232e-05
3.08 8.23e-05
3.08 8.228e-05
3.081 8.226e-05
3.082 8.224e-05
3.082 8.223e-05
3.083 8.221e-05
3.083 8.219e-05
3.083 8.217e-05
3.084 8.215e-05
3.084 8.213e-05
3.085 8.211e-05
3.086 8.209e-05
3.086 8.207e-05
3.087 8.205e-05
3.087 8.204e-05
3.087 8.202e-05
3.088 8.2e-05
3.088 8.198e-05
3.089 8.196e-05
3.09 8.194e-05
3.09 8.193e-05
3.091 8.191e-05
3.091 8.189e-05
3.091 8.187e-05
3.092 8.186e-05
3.092 8.184e-05
3.093 8.182e-05
3.094 8.18e-05
3.094 8.179e-05
3.095 8.177e-05
3.095 8.175e-05
3.095 8.174e-05
3.096 8.172e-05
3.096 8.17e-05
3.097 8.169e-05
3.098 8.167e-05
3.098 8.165e-05
3.099 8.164e-05
3.099 8.162e-05
3.099 8.161e-05
3.1 8.159e-05
3.1 8.158e-05
3.101 8.156e-05
3.102 8.154e-05
3.102 8.153e-05
3.103 8.151e-05
3.103 8.15e-05
3.103 8.148e-05
3.104 8.147e-05
3.104 8.145e-05
3.105 8.144e-05
3.106 8.142e-05
3.106 8.141e-05
3.107 8.139e-05
3.107 8.138e-05
3.107 8.137e-05
3.108 8.135e-05
3.108 8.134e-05
3.109 8.132e-05
3.11 8.131e-05
3.11 8.13e-05
3.111 8.128e-05
3.111 8.127e-05
3.111 8.126e-05
3.112 8.124e-05
3.112 8.123e-05
3.113 8.122e-05
3.114 8.12e-05
3.114 8.119e-05
3.115 8.118e-05
3.115 8.116e-05
3.115 8.115e-05
3.116 8.114e-05
3.116 8.113e-05
3.117 8.111e-05
3.118 8.11e-05
3.118 8.109e-05
3.119 8.108e-05
3.119 8.106e-05
3.119 8.105e-05
3.12 8.104e-05
3.12 8.103e-05
3.121 8.102e-05
3.122 8.101e-05
3.122 8.1e-05
3.123 8.098e-05
3.123 8.097e-05
3.123 8.096e-05
3.124 8.095e-05
3.124 8.094e-05
3.125 8.093e-05
3.126 8.092e-05
3.126 8.091e-05
3.127 8.09e-05
3.127 8.089e-05
3.127 8.088e-05
3.128 8.087e-05
3.128 8.086e-05
3.129 8.085e-05
3.13 8.084e-05
3.13 8.083e-05
3.131 8.082e-05
3.131 8.081e-05
3.131 8.08e-05
3.132 8.079e-05
3.132 8.078e-05
3.133 8.077e-05
3.134 8.076e-05
3.134 8.075e-05
3.135 8.074e-05
3.135 8.074e-05
3.135 8.073e-05
3.136 8.072e-05
3.136 8.071e-05
3.137 8.07e-05
3.138 8.069e-05
3.138 8.069e-05
3.139 8.068e-05
3.139 8.067e-05
3.139 8.066e-05
3.14 8.065e-05
3.14 8.065e-05
3.141 8.064e-05
3.142 8.063e-05
3.142 8.062e-05
3.143 8.062e-05
3.143 8.061e-05
3.143 8.06e-05
3.144 8.06e-05
3.144 8.059e-05
3.145 8.058e-05
3.146 8.058e-05
3.146 8.057e-05
3.147 8.056e-05
3.147 8.056e-05
3.147 8.055e-05
3.148 8.054e-05
3.148 8.054e-05
3.149 8.053e-05
3.15 8.053e-05
3.15 8.052e-05
3.151 8.052e-05
3.151 8.051e-05
3.151 8.05e-05
3.152 8.05e-05
3.152 8.049e-05
3.153 8.049e-05
3.154 8.048e-05
3.154 8.048e-05
3.155 8.047e-05
3.155 8.047e-05
3.155 8.046e-05
3.156 8.046e-05
3.156 8.046e-05
3.157 8.045e-05
3.158 8.045e-05
3.158 8.044e-05
3.159 8.044e-05
3.159 8.044e-05
3.159 8.043e-05
3.16 8.043e-05
3.16 8.043e-05
3.161 8.042e-05
3.162 8.042e-05
3.162 8.042e-05
3.163 8.041e-05
3.163 8.041e-05
3.163 8.041e-05
3.164 8.04e-05
3.164 8.04e-05
3.165 8.04e-05
3.166 8.04e-05
3.166 8.039e-05
3.167 8.039e-05
3.167 8.039e-05
3.167 8.039e-05
3.168 8.038e-05
3.168 8.038e-05
3.169 8.038e-05
3.17 8.038e-05
3.17 8.038e-05
3.171 8.038e-05
3.171 8.037e-05
3.171 8.037e-05
3.172 8.037e-05
3.172 8.037e-05
3.173 8.037e-05
3.174 8.037e-05
3.174 8.037e-05
3.175 8.037e-05
3.175 8.037e-05
3.175 8.037e-05
3.176 8.037e-05
3.176 8.037e-05
3.177 8.037e-05
3.178 8.037e-05
3.178 8.037e-05
3.179 8.037e-05
3.179 8.037e-05
3.179 8.037e-05
3.18 8.037e-05
3.18 8.037e-05
3.181 8.037e-05
3.182 8.037e-05
3.182 8.037e-05
3.183 8.037e-05
3.183 8.037e-05
3.183 8.037e-05
3.184 8.038e-05
3.184 8.038e-05
3.185 8.038e-05
3.186 8.038e-05
3.186 8.038e-05
3.187 8.038e-05
3.187 8.039e-05
3.188 8.039e-05
3.188 8.039e-05
3.188 8.039e-05
3.189 8.039e-05
3.189 8.04e-05
3.19 8.04e-05
3.191 8.04e-05
3.191 8.041e-05
3.192 8.041e-05
3.192 8.041e-05
3.192 8.041e-05
3.193 8.042e-05
3.193 8.042e-05
3.194 8.042e-05
3.195 8.043e-05
3.195 8.043e-05
3.196 8.044e-05
3.196 8.044e-05
3.196 8.044e-05
3.197 8.045e-05
3.197 8.045e-05
3.198 8.046e-05
3.199 8.046e-05
3.199 8.047e-05
3.2 8.047e-05
3.2 8.047e-05
3.2 8.048e-05
3.201 8.048e-05
3.201 8.049e-05
3.202 8.049e-05
3.203 8.05e-05
3.203 8.051e-05
3.204 8.051e-05
3.204 8.052e-05
3.204 8.052e-05
3.205 8.053e-05
3.205 8.053e-05
3.206 8.054e-05
3.207 8.055e-05
3.207 8.055e-05
3.208 8.056e-05
3.208 8.057e-05
3.208 8.057e-05
3.209 8.058e-05
3.209 8.059e-05
3.21 8.059e-05
3.211 8.06e-05
3.211 8.061e-05
3.212 8.061e-05
3.212 8.062e-05
3.212 8.063e-05
3.213 8.064e-05
3.213 8.064e-05
3.214 8.065e-05
3.215 8.066e-05
3.215 8.067e-05
3.216 8.068e-05
3.216 8.068e-05
3.216 8.069e-05
3.217 8.07e-05
3.217 8.071e-05
3.218 8.072e-05
3.219 8.073e-05
3.219 8.074e-05
3.22 8.074e-05
3.22 8.075e-05
3.22 8.076e-05
3.221 8.077e-05
3.221 8.078e-05
3.222 8.079e-05
3.223 8.08e-05
3.223 8.081e-05
3.224 8.082e-05
3.224 8.083e-05
3.224 8.084e-05
3.225 8.085e-05
3.225 8.086e-05
3.226 8.087e-05
3.227 8.088e-05
3.227 8.089e-05
3.228 8.09e-05
3.228 8.091e-05
3.228 8.092e-05
3.229 8.094e-05
3.229 8.095e-05
3.23 8.096e-05
3.231 8.097e-05
3.231 8.098e-05
3.232 8.099e-05
3.232 8.101e-05
3.232 8.102e-05
3.233 8.103e-05
3.233 8.104e-05
3.234 8.105e-05
3.235 8.107e-05
3.235 8.108e-05
3.236 8.109e-05
3.236 8.11e-05
3.236 8.112e-05
3.237 8.113e-05
3.237 8.114e-05
3.238 8.116e-05
3.239 8.117e-05
3.239 8.118e-05
3.24 8.12e-05
3.24 8.121e-05
3.24 8.122e-05
3.241 8.124e-05
3.241 8.125e-05
3.242 8.126e-05
3.243 8.128e-05
3.243 8.129e-05
3.244 8.131e-05
3.244 8.132e-05
3.244 8.134e-05
3.245 8.135e-05
3.245 8.137e-05
3.246 8.138e-05
3.247 8.14e-05
3.247 8.141e-05
3.248 8.143e-05
3.248 8.144e-05
3.248 8.146e-05
3.249 8.147e-05
3.249 8.149e-05
3.25 8.151e-05
3.251 8.152e-05
3.251 8.154e-05
3.252 8.155e-05
3.252 8.157e-05
3.252 8.159e-05
3.253 8.16e-05
3.253 8.162e-05
3.254 8.164e-05
3.255 8.165e-05
3.255 8.167e-05
3.256 8.169e-05
3.256 8.171e-05
3.256 8.172e-05
3.257 8.174e-05
3.257 8.176e-05
3.258 8.178e-05
3.259 8.18e-05
3.259 8.181e-05
3.26 8.183e-05
3.26 8.185e-05
3.26 8.187e-05
3.261 8.189e-05
3.261 8.191e-05
3.262 8.192e-05
3.263 8.194e-05
3.263 8.196e-05
3.264 8.198e-05
3.264 8.2e-05
3.264 8.202e-05
3.265 8.204e-05
3.265 8.206e-05
3.266 8.208e-05
3.267 8.21e-05
3.267 8.212e-05
3.268 8.214e-05
3.268 8.216e-05
3.268 8.218e-05
3.269 8.22e-05
3.269 8.222e-05
3.27 8.224e-05
3.271 8.226e-05
3.271 8.228e-05
3.272 8.231e-05
3.272 8.233e-05
3.272 8.235e-05
3.273 8.237e-05
3.273 8.239e-05
3.274 8.241e-05
3.275 8.244e-05
3.275 8.246e-05
3.276 8.248e-05
3.276 8.25e-05
3.276 8.252e-05
3.277 8.255e-05
3.277 8.257e-05
3.278 8.259e-05
3.279 8.262e-05
3.279 8.264e-05
3.28 8.266e-05
3.28 8.268e-05
3.28 8.271e-05
3.281 8.273e-05
3.281 8.276e-05
3.282 8.278e-05
3.283 8.28e-05
3.283 8.283e-05
3.284 8.285e-05
3.284 8.288e-05
3.284 8.29e-05
3.285 8.293e-05
3.285 8.295e-05
3.286 8.297e-05
3.287 8.3e-05
3.287 8.302e-05
3.288 8.305e-05
3.288 8.308e-05
3.288 8.31e-05
3.289 8.313e-05
3.289 8.315e-05
3.29 8.318e-05
3.291 8.32e-05
3.291 8.323e-05
3.292 8.326e-05
3.292 8.328e-05
3.292 8.331e-05
3.293 8.334e-05
3.293 8.336e-05
3.294 8.339e-05
3.295 8.342e-05
3.295 8.344e-05
3.296 8.347e-05
3.296 8.35e-05
3.296 8.353e-05
3.297 8.355e-05
3.297 8.358e-05
3.298 8.361e-05
3.299 8.364e-05
3.299 8.367e-05
3.3 8.37e-05
3.3 8.372e-05
3.3 8.375e-05
3.301 8.378e-05
3.301 8.381e-05
3.302 8.384e-05
3.303 8.387e-05
3.303 8.39e-05
3.304 8.393e-05
3.304 8.396e-05
3.304 8.399e-05
3.305 8.402e-05
3.305 8.405e-05
3.306 8.408e-05
3.307 8.411e-05
3.307 8.414e-05
3.308 8.417e-05
3.308 8.42e-05
3.308 8.423e-05
3.309 8.426e-05
3.309 8.429e-05
3.31 8.433e-05
3.311 8.436e-05
3.311 8.439e-05
3.312 8.442e-05
3.312 8.445e-05
3.312 8.448e-05
3.313 8.452e-05
3.313 8.455e-05
3.314 8.458e-05
3.314 8.461e-05
3.315 8.465e-05
3.316 8.468e-05
3.316 8.471e-05
3.317 8.475e-05
3.317 8.478e-05
3.317 8.481e-05
3.318 8.485e-05
3.318 8.488e-05
3.319 8.491e-05
3.32 8.495e-05
3.32 8.498e-05
3.321 8.502e-05
3.321 8.505e-05
3.321 8.509e-05
3.322 8.512e-05
3.322 8.516e-05
3.323 8.519e-05
3.324 8.523e-05
3.324 8.526e-05
3.325 8.53e-05
3.325 8.533e-05
3.325 8.537e-05
3.326 8.54e-05
3.326 8.544e-05
3.327 8.548e-05
3.328 8.551e-05
3.328 8.555e-05
3.329 8.559e-05
3.329 8.562e-05
3.329 8.566e-05
3.33 8.57e-05
3.33 8.573e-05
3.331 8.577e-05
3.332 8.581e-05
3.332 8.585e-05
3.333 8.589e-05
3.333 8.592e-05
3.333 8.596e-05
3.334 8.6e-05
3.334 8.604e-05
3.335 8.608e-05
3.336 8.612e-05
3.336 8.615e-05
3.337 8.619e-05
3.337 8.623e-05
3.337 8.627e-05
3.338 8.631e-05
3.338 8.635e-05
3.339 8.639e-05
3.34 8.643e-05
3.34 8.647e-05
3.341 8.651e-05
3.341 8.655e-05
3.341 8.659e-05
3.342 8.664e-05
3.342 8.668e-05
3.343 8.672e-05
3.344 8.676e-05
3.344 8.68e-05
3.345 8.684e-05
3.345 8.688e-05
3.345 8.693e-05
3.346 8.697e-05
3.346 8.701e-05
3.347 8.705e-05
3.348 8.71e-05
3.348 8.714e-05
3.349 8.718e-05
3.349 8.722e-05
3.349 8.727e-05
3.35 8.731e-05
3.35 8.735e-05
3.351 8.74e-05
3.352 8.744e-05
3.352 8.749e-05
3.353 8.753e-05
3.353 8.758e-05
3.353 8.762e-05
3.354 8.766e-05
3.354 8.771e-05
3.355 8.775e-05
3.356 8.78e-05
3.356 8.785e-05
3.357 8.789e-05
3.357 8.794e-05
3.357 8.798e-05
3.358 8.803e-05
3.358 8.808e-05
3.359 8.812e-05
3.36 8.817e-05
3.36 8.821e-05
3.361 8.826e-05
3.361 8.831e-05
3.361 8.836e-05
3.362 8.84e-05
3.362 8.845e-05
3.363 8.85e-05
3.364 8.855e-05
3.364 8.86e-05
3.365 8.864e-05
3.365 8.869e-05
3.365 8.874e-05
3.366 8.879e-05
3.366 8.884e-05
3.367 8.889e-05
3.368 8.894e-05
3.368 8.899e-05
3.369 8.904e-05
3.369 8.909e-05
3.369 8.914e-05
3.37 8.919e-05
3.37 8.924e-05
3.371 8.929e-05
3.372 8.934e-05
3.372 8.939e-05
3.373 8.944e-05
3.373 8.949e-05
3.373 8.954e-05
3.374 8.96e-05
3.374 8.965e-05
3.375 8.97e-05
3.376 8.975e-05
3.376 8.98e-05
3.377 8.986e-05
3.377 8.991e-05
3.377 8.996e-05
3.378 9.002e-05
3.378 9.007e-05
3.379 9.012e-05
3.38 9.018e-05
3.38 9.023e-05
3.381 9.028e-05
3.381 9.034e-05
3.381 9.039e-05
3.382 9.045e-05
3.382 9.05e-05
3.383 9.056e-05
3.384 9.061e-05
3.384 9.067e-05
3.385 9.072e-05
3.385 9.078e-05
3.385 9.084e-05
3.386 9.089e-05
3.386 9.095e-05
3.387 9.1e-05
3.388 9.106e-05
3.388 9.112e-05
3.389 9.118e-05
3.389 9.123e-05
3.389 9.129e-05
3.39 9.135e-05
3.39 9.141e-05
3.391 9.146e-05
3.392 9.152e-05
3.392 9.158e-05
3.393 9.164e-05
3.393 9.17e-05
3.393 9.176e-05
3.394 9.182e-05
3.394 9.188e-05
3.395 9.194e-05
3.396 9.2e-05
3.396 9.206e-05
3.397 9.212e-05
3.397 9.218e-05
3.397 9.224e-05
3.398 9.23e-05
3.398 9.236e-05
3.399 9.242e-05
3.4 9.248e-05
3.4 9.254e-05
3.401 9.261e-05
3.401 9.267e-05
3.401 9.273e-05
3.402 9.279e-05
3.402 9.286e-05
3.403 9.292e-05
3.404 9.298e-05
3.404 9.304e-05
3.405 9.311e-05
3.405 9.317e-05
3.405 9.324e-05
3.406 9.33e-05
3.406 9.336e-05
3.407 9.343e-05
3.408 9.349e-05
3.408 9.356e-05
3.409 9.362e-05
3.409 9.369e-05
3.409 9.376e-05
3.41 9.382e-05
3.41 9.389e-05
3.411 9.395e-05
3.412 9.402e-05
3.412 9.409e-05
3.413 9.415e-05
3.413 9.422e-05
3.413 9.429e-05
3.414 9.436e-05
3.414 9.442e-05
3.415 9.449e-05
3.416 9.456e-05
3.416 9.463e-05
3.417 9.47e-05
3.417 9.477e-05
3.417 9.484e-05
3.418 9.491e-05
3.418 9.497e-05
3.419 9.504e-05
3.42 9.511e-05
3.42 9.519e-05
3.421 9.526e-05
3.421 9.533e-05
3.421 9.54e-05
3.422 9.547e-05
3.422 9.554e-05
3.423 9.561e-05
3.424 9.568e-05
3.424 9.576e-05
3.425 9.583e-05
3.425 9.59e-05
3.425 9.597e-05
3.426 9.605e-05
3.426 9.612e-05
3.427 9.619e-05
3.428 9.627e-05
3.428 9.634e-05
3.429 9.642e-05
3.429 9.649e-05
3.429 9.656e-05
3.43 9.664e-05
3.43 9.671e-05
3.431 9.679e-05
3.432 9.687e-05
3.432 9.694e-05
3.433 9.702e-05
3.433 9.709e-05
3.433 9.717e-05
3.434 9.725e-05
3.434 9.732e-05
3.435 9.74e-05
3.436 9.748e-05
3.436 9.756e-05
3.437 9.764e-05
3.437 9.771e-05
3.438 9.779e-05
3.438 9.787e-05
3.438 9.795e-05
3.439 9.803e-05
3.439 9.811e-05
3.44 9.819e-05
3.441 9.827e-05
3.441 9.835e-05
3.442 9.843e-05
3.442 9.851e-05
3.442 9.859e-05
3.443 9.867e-05
3.443 9.875e-05
3.444 9.884e-05
3.445 9.892e-05
3.445 9.9e-05
3.446 9.908e-05
3.446 9.917e-05
3.446 9.925e-05
3.447 9.933e-05
3.447 9.942e-05
3.448 9.95e-05
3.449 9.958e-05
3.449 9.967e-05
3.45 9.975e-05
3.45 9.984e-05
3.45 9.992e-05
3.451 0.0001
3.451 0.0001001
3.452 0.0001002
3.453 0.0001003
3.453 0.0001004
3.454 0.0001004
3.454 0.0001005
3.454 0.0001006
3.455 0.0001007
3.455 0.0001008
3.456 0.0001009
3.457 0.000101
3.457 0.0001011
3.458 0.0001011
3.458 0.0001012
3.458 0.0001013
3.459 0.0001014
3.459 0.0001015
3.46 0.0001016
3.461 0.0001017
3.461 0.0001018
3.462 0.0001019
3.462 0.000102
3.462 0.0001021
3.463 0.0001021
3.463 0.0001022
3.464 0.0001023
3.465 0.0001024
3.465 0.0001025
3.466 0.0001026
3.466 0.0001027
3.466 0.0001028
3.467 0.0001029
3.467 0.000103
3.468 0.0001031
3.469 0.0001032
3.469 0.0001033
3.47 0.0001034
3.47 0.0001035
3.47 0.0001036
3.471 0.0001037
3.471 0.0001038
3.472 0.0001039
3.473 0.000104
3.473 0.000104
3.474 0.0001041
3.474 0.0001042
3.474 0.0001043
3.475 0.0001044
3.475 0.0001045
3.476 0.0001046
3.477 0.0001047
3.477 0.0001048
3.478 0.0001049
3.478 0.000105
3.478 0.0001051
3.479 0.0001052
3.479 0.0001054
3.48 0.0001055
3.481 0.0001056
3.481 0.0001057
3.482 0.0001058
3.482 0.0001059
3.482 0.000106
3.483 0.0001061
3.483 0.0001062
3.484 0.0001063
3.485 0.0001064
3.485 0.0001065
3.486 0.0001066
3.486 0.0001067
3.486 0.0001068
3.487 0.0001069
3.487 0.000107
3.488 0.0001071
3.489 0.0001072
3.489 0.0001074
3.49 0.0001075
3.49 0.0001076
3.49 0.0001077
3.491 0.0001078
3.491 0.0001079
3.492 0.000108
3.493 0.0001081
3.493 0.0001082
3.494 0.0001083
3.494 0.0001085
3.494 0.0001086
3.495 0.0001087
3.495 0.0001088
3.496 0.0001089
3.497 0.000109
3.497 0.0001091
3.498 0.0001092
3.498 0.0001094
3.498 0.0001095
3.499 0.0001096
3.499 0.0001097
3.5 0.0001098
3.501 0.0001099
3.501 0.0001101
3.502 0.0001102
3.502 0.0001103
3.502 0.0001104
3.503 0.0001105
3.503 0.0001106
3.504 0.0001108
3.505 0.0001109
3.505 0.000111
3.506 0.0001111
3.506 0.0001112
3.506 0.0001114
3.507 0.0001115
3.507 0.0001116
3.508 0.0001117
3.509 0.0001118
3.509 0.000112
3.51 0.0001121
3.51 0.0001122
3.51 0.0001123
3.511 0.0001125
3.511 0.0001126
3.512 0.0001127
3.513 0.0001128
3.513 0.000113
3.514 0.0001131
3.514 0.0001132
3.514 0.0001133
3.515 0.0001135
3.515 0.0001136
3.516 0.0001137
3.517 0.0001139
3.517 0.000114
3.518 0.0001141
3.518 0.0001142
3.518 0.0001144
3.519 0.0001145
3.519 0.0001146
3.52 0.0001148
3.521 0.0001149
3.521 0.000115
3.522 0.0001152
3.522 0.0001153
3.522 0.0001154
3.523 0.0001156
3.523 0.0001157
3.524 0.0001158
3.525 0.000116
3.525 0.0001161
3.526 0.0001162
3.526 0.0001164
3.526 0.0001165
3.527 0.0001166
3.527 0.0001168
3.528 0.0001169
3.529 0.0001171
3.529 0.0001172
3.53 0.0001173
3.53 0.0001175
3.53 0.0001176
3.531 0.0001178
3.531 0.0001179
3.532 0.000118
3.533 0.0001182
3.533 0.0001183
3.534 0.0001185
3.534 0.0001186
3.534 0.0001188
3.535 0.0001189
3.535 0.000119
3.536 0.0001192
3.537 0.0001193
3.537 0.0001195
3.538 0.0001196
3.538 0.0001198
3.538 0.0001199
3.539 0.0001201
3.539 0.0001202
3.54 0.0001204
3.541 0.0001205
3.541 0.0001207
3.542 0.0001208
3.542 0.000121
3.542 0.0001211
3.543 0.0001213
3.543 0.0001214
3.544 0.0001216
3.545 0.0001217
3.545 0.0001219
3.546 0.000122
3.546 0.0001222
3.546 0.0001223
3.547 0.0001225
3.547 0.0001227
3.548 0.0001228
3.549 0.000123
3.549 0.0001231
3.55 0.0001233
3.55 0.0001234
3.55 0.0001236
3.551 0.0001238
3.551 0.0001239
3.552 0.0001241
3.553 0.0001242
3.553 0.0001244
3.554 0.0001246
3.554 0.0001247
3.554 0.0001249
3.555 0.0001251
3.555 0.0001252
3.556 0.0001254
3.557 0.0001256
3.557 0.0001257
3.558 0.0001259
3.558 0.0001261
3.558 0.0001262
3.559 0.0001264
3.559 0.0001266
3.56 0.0001267
3.561 0.0001269
3.561 0.0001271
3.562 0.0001272
3.562 0.0001274
3.562 0.0001276
3.563 0.0001277
3.563 0.0001279
3.564 0.0001281
3.564 0.0001283
3.565 0.0001284
3.566 0.0001286
3.566 0.0001288
3.567 0.000129
3.567 0.0001291
3.567 0.0001293
3.568 0.0001295
3.568 0.0001297
3.569 0.0001299
3.57 0.00013
3.57 0.0001302
3.571 0.0001304
3.571 0.0001306
3.571 0.0001308
3.572 0.0001309
3.572 0.0001311
3.573 0.0001313
3.574 0.0001315
3.574 0.0001317
3.575 0.0001319
3.575 0.0001321
3.575 0.0001322
3.576 0.0001324
3.576 0.0001326
3.577 0.0001328
3.578 0.000133
3.578 0.0001332
3.579 0.0001334
3.579 0.0001336
3.579 0.0001338
3.58 0.000134
3.58 0.0001341
3.581 0.0001343
3.582 0.0001345
3.582 0.0001347
3.583 0.0001349
3.583 0.0001351
3.583 0.0001353
3.584 0.0001355
3.584 0.0001357
3.585 0.0001359
3.586 0.0001361
3.586 0.0001363
3.587 0.0001365
3.587 0.0001367
3.587 0.0001369
3.588 0.0001371
3.588 0.0001373
3.589 0.0001375
3.59 0.0001377
3.59 0.0001379
3.591 0.0001381
3.591 0.0001384
3.591 0.0001386
3.592 0.0001388
3.592 0.000139
3.593 0.0001392
3.594 0.0001394
3.594 0.0001396
3.595 0.0001398
3.595 0.00014
3.595 0.0001403
3.596 0.0001405
3.596 0.0001407
3.597 0.0001409
3.598 0.0001411
3.598 0.0001413
3.599 0.0001415
3.599 0.0001418
3.599 0.000142
3.6 0.0001422
3.6 0.0001424
3.601 0.0001426
3.602 0.0001429
3.602 0.0001431
3.603 0.0001433
3.603 0.0001435
3.603 0.0001438
3.604 0.000144
3.604 0.0001442
3.605 0.0001444
3.606 0.0001447
3.606 0.0001449
3.607 0.0001451
3.607 0.0001454
3.607 0.0001456
3.608 0.0001458
3.608 0.0001461
3.609 0.0001463
3.61 0.0001465
3.61 0.0001468
3.611 0.000147
3.611 0.0001472
3.611 0.0001475
3.612 0.0001477
3.612 0.000148
3.613 0.0001482
3.614 0.0001484
3.614 0.0001487
3.615 0.0001489
3.615 0.0001492
3.615 0.0001494
3.616 0.0001497
3.616 0.0001499
3.617 0.0001502
3.618 0.0001504
3.618 0.0001507
3.619 0.0001509
3.619 0.0001512
3.619 0.0001514
3.62 0.0001517
3.62 0.0001519
3.621 0.0001522
3.622 0.0001524
3.622 0.0001527
3.623 0.0001529
3.623 0.0001532
3.623 0.0001534
3.624 0.0001537
3.624 0.000154
3.625 0.0001542
3.626 0.0001545
3.626 0.0001548
3.627 0.000155
3.627 0.0001553
3.627 0.0001556
3.628 0.0001558
3.628 0.0001561
3.629 0.0001564
3.63 0.0001566
3.63 0.0001569
3.631 0.0001572
3.631 0.0001574
3.631 0.0001577
3.632 0.000158
3.632 0.0001583
3.633 0.0001585
3.634 0.0001588
3.634 0.0001591
3.635 0.0001594
3.635 0.0001597
3.635 0.0001599
3.636 0.0001602
3.636 0.0001605
3.637 0.0001608
3.638 0.0001611
3.638 0.0001614
3.639 0.0001617
3.639 0.0001619
3.639 0.0001622
3.64 0.0001625
3.64 0.0001628
3.641 0.0001631
3.642 0.0001634
3.642 0.0001637
3.643 0.000164
3.643 0.0001643
3.643 0.0001646
3.644 0.0001649
3.644 0.0001652
3.645 0.0001655
3.646 0.0001658
3.646 0.0001661
3.647 0.0001664
3.647 0.0001667
3.647 0.000167
3.648 0.0001673
3.648 0.0001676
3.649 0.000168
3.65 0.0001683
3.65 0.0001686
3.651 0.0001689
3.651 0.0001692
3.651 0.0001695
3.652 0.0001698
3.652 0.0001702
3.653 0.0001705
3.654 0.0001708
3.654 0.0001711
3.655 0.0001714
3.655 0.0001718
3.655 0.0001721
3.656 0.0001724
3.656 0.0001728
3.657 0.0001731
3.658 0.0001734
3.658 0.0001738
3.659 0.0001741
3.659 0.0001744
3.659 0.0001748
3.66 0.0001751
3.66 0.0001754
3.661 0.0001758
3.662 0.0001761
3.662 0.0001765
3.663 0.0001768
3.663 0.0001771
3.663 0.0001775
3.664 0.0001778
3.664 0.0001782
3.665 0.0001785
3.666 0.0001789
3.666 0.0001792
3.667 0.0001796
3.667 0.00018
3.667 0.0001803
3.668 0.0001807
3.668 0.000181
3.669 0.0001814
3.67 0.0001818
3.67 0.0001821
3.671 0.0001825
3.671 0.0001829
3.671 0.0001832
3.672 0.0001836
3.672 0.000184
3.673 0.0001843
3.674 0.0001847
3.674 0.0001851
3.675 0.0001855
3.675 0.0001858
3.675 0.0001862
3.676 0.0001866
3.676 0.000187
3.677 0.0001874
3.678 0.0001878
3.678 0.0001881
3.679 0.0001885
3.679 0.0001889
3.679 0.0001893
3.68 0.0001897
3.68 0.0001901
3.681 0.0001905
3.682 0.0001909
3.682 0.0001913
3.683 0.0001917
3.683 0.0001921
3.683 0.0001925
3.684 0.0001929
3.684 0.0001933
3.685 0.0001937
3.686 0.0001942
3.686 0.0001946
3.687 0.000195
3.687 0.0001954
3.688 0.0001958
3.688 0.0001962
3.688 0.0001967
3.689 0.0001971
3.689 0.0001975
3.69 0.0001979
3.691 0.0001984
3.691 0.0001988
3.692 0.0001992
3.692 0.0001997
3.692 0.0002001
3.693 0.0002005
3.693 0.000201
3.694 0.0002014
3.695 0.0002019
3.695 0.0002023
3.696 0.0002027
3.696 0.0002032
3.696 0.0002036
3.697 0.0002041
3.697 0.0002045
3.698 0.000205
3.699 0.0002055
3.699 0.0002059
3.7 0.0002064
3.7 0.0002068
3.7 0.0002073
3.701 0.0002078
3.701 0.0002082
3.702 0.0002087
3.703 0.0002092
3.703 0.0002097
3.704 0.0002101
3.704 0.0002106
3.704 0.0002111
3.705 0.0002116
3.705 0.0002121
3.706 0.0002126
3.707 0.000213
3.707 0.0002135
3.708 0.000214
3.708 0.0002145
3.708 0.000215
3.709 0.0002155
3.709 0.000216
3.71 0.0002165
3.711 0.000217
3.711 0.0002175
3.712 0.0002181
3.712 0.0002186
3.712 0.0002191
3.713 0.0002196
3.713 0.0002201
3.714 0.0002206
3.715 0.0002212
3.715 0.0002217
3.716 0.0002222
3.716 0.0002227
3.716 0.0002233
3.717 0.0002238
3.717 0.0002244
3.718 0.0002249
3.719 0.0002254
3.719 0.000226
3.72 0.0002265
3.72 0.0002271
3.72 0.0002276
3.721 0.0002282
3.721 0.0002287
3.722 0.0002293
3.723 0.0002299
3.723 0.0002304
3.724 0.000231
3.724 0.0002316
3.724 0.0002321
3.725 0.0002327
3.725 0.0002333
3.726 0.0002339
3.727 0.0002344
3.727 0.000235
3.728 0.0002356
3.728 0.0002362
3.728 0.0002368
3.729 0.0002374
3.729 0.000238
3.73 0.0002386
3.731 0.0002392
3.731 0.0002398
3.732 0.0002404
3.732 0.000241
3.732 0.0002416
3.733 0.0002423
3.733 0.0002429
3.734 0.0002435
3.735 0.0002441
3.735 0.0002448
3.736 0.0002454
3.736 0.000246
3.736 0.0002467
3.737 0.0002473
3.737 0.0002479
3.738 0.0002486
3.739 0.0002492
3.739 0.0002499
3.74 0.0002506
3.74 0.0002512
3.74 0.0002519
3.741 0.0002525
3.741 0.0002532
3.742 0.0002539
3.743 0.0002546
3.743 0.0002552
3.744 0.0002559
3.744 0.0002566
3.744 0.0002573
3.745 0.000258
3.745 0.0002587
3.746 0.0002594
3.747 0.0002601
3.747 0.0002608
3.748 0.0002615
3.748 0.0002622
3.748 0.0002629
3.749 0.0002636
3.749 0.0002643
3.75 0.0002651
3.751 0.0002658
3.751 0.0002665
3.752 0.0002673
3.752 0.000268
3.752 0.0002687
3.753 0.0002695
3.753 0.0002702
3.754 0.000271
3.755 0.0002717
3.755 0.0002725
3.756 0.0002733
3.756 0.000274
3.756 0.0002748
3.757 0.0002756
3.757 0.0002764
3.758 0.0002772
3.759 0.0002779
3.759 0.0002787
3.76 0.0002795
3.76 0.0002803
3.76 0.0002811
3.761 0.0002819
3.761 0.0002828
3.762 0.0002836
3.763 0.0002844
3.763 0.0002852
3.764 0.000286
3.764 0.0002869
3.764 0.0002877
3.765 0.0002886
3.765 0.0002894
3.766 0.0002902
3.767 0.0002911
3.767 0.000292
3.768 0.0002928
3.768 0.0002937
3.768 0.0002946
3.769 0.0002954
3.769 0.0002963
3.77 0.0002972
3.771 0.0002981
3.771 0.000299
3.772 0.0002999
3.772 0.0003008
3.772 0.0003017
3.773 0.0003026
3.773 0.0003035
3.774 0.0003045
3.775 0.0003054
3.775 0.0003063
3.776 0.0003073
3.776 0.0003082
3.776 0.0003092
3.777 0.0003101
3.777 0.0003111
3.778 0.000312
3.779 0.000313
3.779 0.000314
3.78 0.0003149
3.78 0.0003159
3.78 0.0003169
3.781 0.0003179
3.781 0.0003189
3.782 0.0003199
3.783 0.0003209
3.783 0.000322
3.784 0.000323
3.784 0.000324
3.784 0.000325
3.785 0.0003261
3.785 0.0003271
3.786 0.0003282
3.787 0.0003292
3.787 0.0003303
3.788 0.0003314
3.788 0.0003324
3.788 0.0003335
3.789 0.0003346
3.789 0.0003357
3.79 0.0003368
3.791 0.0003379
3.791 0.000339
3.792 0.0003401
3.792 0.0003413
3.792 0.0003424
3.793 0.0003435
3.793 0.0003447
3.794 0.0003458
3.795 0.000347
3.795 0.0003482
3.796 0.0003493
3.796 0.0003505
3.796 0.0003517
3.797 0.0003529
3.797 0.0003541
3.798 0.0003553
3.799 0.0003565
3.799 0.0003577
3.8 0.0003589
3.8 0.0003602
3.8 0.0003614
3.801 0.0003627
3.801 0.0003639
3.802 0.0003652
3.803 0.0003665
3.803 0.0003677
3.804 0.000369
3.804 0.0003703
3.804 0.0003716
3.805 0.0003729
3.805 0.0003743
3.806 0.0003756
3.807 0.0003769
3.807 0.0003783
3.808 0.0003796
3.808 0.000381
3.808 0.0003823
3.809 0.0003837
3.809 0.0003851
3.81 0.0003865
3.811 0.0003879
3.811 0.0003893
3.812 0.0003907
3.812 0.0003921
3.812 0.0003936
3.813 0.000395
3.813 0.0003965
3.814 0.0003979
3.814 0.0003994
3.815 0.0004009
3.816 0.0004024
3.816 0.0004039
3.817 0.0004054
3.817 0.0004069
3.817 0.0004085
3.818 0.00041
3.818 0.0004116
3.819 0.0004131
3.82 0.0004147
3.82 0.0004163
3.821 0.0004179
3.821 0.0004195
3.821 0.0004211
3.822 0.0004227
3.822 0.0004243
3.823 0.000426
3.824 0.0004276
3.824 0.0004293
3.825 0.000431
3.825 0.0004327
3.825 0.0004344
3.826 0.0004361
3.826 0.0004378
3.827 0.0004395
3.828 0.0004413
3.828 0.000443
3.829 0.0004448
3.829 0.0004466
3.829 0.0004484
3.83 0.0004502
3.83 0.000452
3.831 0.0004539
3.832 0.0004557
3.832 0.0004576
3.833 0.0004594
3.833 0.0004613
3.833 0.0004632
3.834 0.0004651
3.834 0.000467
3.835 0.000469
3.836 0.0004709
3.836 0.0004729
3.837 0.0004749
3.837 0.0004769
3.837 0.0004789
3.838 0.0004809
3.838 0.0004829
3.839 0.000485
3.84 0.0004871
3.84 0.0004891
3.841 0.0004912
3.841 0.0004934
3.841 0.0004955
3.842 0.0004976
3.842 0.0004998
3.843 0.000502
3.844 0.0005042
3.844 0.0005064
3.845 0.0005086
3.845 0.0005108
3.845 0.0005131
3.846 0.0005154
3.846 0.0005177
3.847 0.00052
3.848 0.0005223
3.848 0.0005246
3.849 0.000527
3.849 0.0005294
3.849 0.0005318
3.85 0.0005342
3.85 0.0005367
3.851 0.0005391
3.852 0.0005416
3.852 0.0005441
3.853 0.0005466
3.853 0.0005491
3.853 0.0005517
3.854 0.0005543
3.854 0.0005569
3.855 0.0005595
3.856 0.0005621
3.856 0.0005648
3.857 0.0005675
3.857 0.0005702
3.857 0.0005729
3.858 0.0005757
3.858 0.0005784
3.859 0.0005812
3.86 0.000584
3.86 0.0005869
3.861 0.0005898
3.861 0.0005926
3.861 0.0005956
3.862 0.0005985
3.862 0.0006015
3.863 0.0006044
3.864 0.0006075
3.864 0.0006105
3.865 0.0006136
3.865 0.0006167
3.865 0.0006198
3.866 0.0006229
3.866 0.0006261
3.867 0.0006293
3.868 0.0006325
3.868 0.0006358
3.869 0.0006391
3.869 0.0006424
3.869 0.0006457
3.87 0.0006491
3.87 0.0006525
3.871 0.000656
3.872 0.0006594
3.872 0.0006629
3.873 0.0006665
3.873 0.00067
3.873 0.0006736
3.874 0.0006773
3.874 0.0006809
3.875 0.0006846
3.876 0.0006884
3.876 0.0006921
3.877 0.000696
3.877 0.0006998
3.877 0.0007037
3.878 0.0007076
3.878 0.0007115
3.879 0.0007155
3.88 0.0007196
3.88 0.0007236
3.881 0.0007278
3.881 0.0007319
3.881 0.0007361
3.882 0.0007403
3.882 0.0007446
3.883 0.0007489
3.884 0.0007533
3.884 0.0007577
3.885 0.0007622
3.885 0.0007666
3.885 0.0007712
3.886 0.0007758
3.886 0.0007804
3.887 0.0007851
3.888 0.0007898
3.888 0.0007946
3.889 0.0007995
3.889 0.0008043
3.889 0.0008093
3.89 0.0008143
3.89 0.0008193
3.891 0.0008244
3.892 0.0008296
3.892 0.0008348
3.893 0.0008401
3.893 0.0008454
3.893 0.0008508
3.894 0.0008562
3.894 0.0008617
3.895 0.0008673
3.896 0.0008729
3.896 0.0008786
3.897 0.0008844
3.897 0.0008902
3.897 0.0008961
3.898 0.0009021
3.898 0.0009081
3.899 0.0009142
3.9 0.0009204
3.9 0.0009266
3.901 0.000933
3.901 0.0009394
3.901 0.0009458
3.902 0.0009524
3.902 0.000959
3.903 0.0009657
3.904 0.0009725
3.904 0.0009794
3.905 0.0009864
3.905 0.0009935
3.905 0.001001
3.906 0.001008
3.906 0.001015
3.907 0.001023
3.908 0.00103
3.908 0.001038
3.909 0.001045
3.909 0.001053
3.909 0.001061
3.91 0.001069
3.91 0.001077
3.911 0.001086
3.912 0.001094
3.912 0.001102
3.913 0.001111
3.913 0.00112
3.913 0.001129
3.914 0.001138
3.914 0.001147
3.915 0.001156
3.916 0.001165
3.916 0.001175
3.917 0.001184
3.917 0.001194
3.917 0.001204
3.918 0.001214
3.918 0.001224
3.919 0.001234
3.92 0.001245
3.92 0.001256
3.921 0.001266
3.921 0.001277
3.921 0.001289
3.922 0.0013
3.922 0.001311
3.923 0.001323
3.924 0.001335
3.924 0.001347
3.925 0.001359
3.925 0.001372
3.925 0.001385
3.926 0.001397
3.926 0.001411
3.927 0.001424
3.928 0.001437
3.928 0.001451
3.929 0.001465
3.929 0.00148
3.929 0.001494
3.93 0.001509
3.93 0.001524
3.931 0.001539
3.932 0.001555
3.932 0.001571
3.933 0.001587
3.933 0.001603
3.933 0.00162
3.934 0.001637
3.934 0.001655
3.935 0.001672
3.936 0.00169
3.936 0.001709
3.937 0.001728
3.937 0.001747
3.938 0.001767
3.938 0.001787
3.938 0.001807
3.939 0.001828
3.939 0.001849
3.94 0.001871
3.941 0.001893
3.941 0.001916
3.942 0.001939
3.942 0.001962
3.942 0.001986
3.943 0.002011
3.943 0.002036
3.944 0.002062
3.945 0.002089
3.945 0.002116
3.946 0.002143
3.946 0.002172
3.946 0.002201
3.947 0.002231
3.947 0.002261
3.948 0.002292
3.949 0.002324
3.949 0.002357
3.95 0.002391
3.95 0.002425
3.95 0.002461
3.951 0.002497
3.951 0.002534
3.952 0.002573
3.953 0.002612
3.953 0.002653
3.954 0.002694
3.954 0.002737
3.954 0.002781
3.955 0.002827
3.955 0.002873
3.956 0.002921
3.957 0.002971
3.957 0.003022
3.958 0.003075
3.958 0.003129
3.958 0.003185
3.959 0.003243
3.959 0.003302
3.96 0.003364
3.961 0.003428
3.961 0.003494
3.962 0.003562
3.962 0.003633
3.962 0.003706
3.963 0.003781
3.963 0.00386
3.964 0.003941
3.965 0.004026
3.965 0.004113
3.966 0.004205
3.966 0.004299
3.966 0.004398
3.967 0.0045
3.967 0.004607
3.968 0.004718
3.969 0.004834
3.969 0.004954
3.97 0.005081
3.97 0.005212
3.97 0.00535
3.971 0.005494
3.971 0.005645
3.972 0.005803
3.973 0.005968
3.973 0.006142
3.974 0.006325
3.974 0.006516
3.974 0.006718
3.975 0.006931
3.975 0.007154
3.976 0.007391
3.977 0.00764
3.977 0.007904
3.978 0.008183
3.978 0.008478
3.978 0.008792
3.979 0.009124
3.979 0.009478
3.98 0.009854
3.981 0.01025
3.981 0.01068
3.982 0.01114
3.982 0.01163
3.982 0.01215
3.983 0.01271
3.983 0.01331
3.984 0.01396
3.985 0.01466
3.985 0.01541
3.986 0.01622
3.986 0.01709
3.986 0.01804
3.987 0.01907
3.987 0.02019
3.988 0.02141
3.989 0.02273
3.989 0.02417
3.99 0.02575
3.99 0.02746
3.99 0.02934
3.991 0.03138
3.991 0.03361
3.992 0.03605
3.993 0.03869
3.993 0.04157
3.994 0.04467
3.994 0.04801
3.994 0.05158
3.995 0.05534
3.995 0.05928
3.996 0.06333
3.997 0.0674
3.997 0.07139
3.998 0.07518
3.998 0.07859
3.998 0.08148
3.999 0.08368
3.999 0.08508
4 0.08557
4 0.08512
4.001 0.08378
4.002 0.08163
4.002 0.07879
4.003 0.07542
4.003 0.07169
4.003 0.06774
4.004 0.06372
4.005 0.05972
4.005 0.05583
4.005 0.05212
4.006 0.0486
4.006 0.04531
4.007 0.04226
4.008 0.03944
4.008 0.03684
4.008 0.03446
4.009 0.03228
4.01 0.03029
4.01 0.02847
4.011 0.0268
4.011 0.02528
4.011 0.0239
4.012 0.02263
4.013 0.02147
4.013 0.0204
4.013 0.01943
4.014 0.01854
4.014 0.01772
4.015 0.01696
4.016 0.01627
4.016 0.01564
4.016 0.01505
4.017 0.01451
4.018 0.01401
4.018 0.01355
4.019 0.01313
4.019 0.01274
4.019 0.01237
4.02 0.01204
4.021 0.01173
4.021 0.01145
4.021 0.01119
4.022 0.01094
4.022 0.01072
4.023 0.01052
4.024 0.01033
4.024 0.01016
4.024 0.01
4.025 0.009857
4.026 0.009726
4.026 0.009608
4.027 0.009502
4.027 0.009407
4.027 0.009322
4.028 0.009248
4.029 0.009183
4.029 0.009128
4.029 0.009082
4.03 0.009044
4.03 0.009015
4.031 0.008994
4.032 0.008981
4.032 0.008976
4.032 0.008978
4.033 0.008988
4.034 0.009005
4.034 0.00903
4.035 0.009061
4.035 0.0091
4.035 0.009146
4.036 0.009199
4.037 0.009259
4.037 0.009327
4.037 0.009401
4.038 0.009483
4.038 0.009573
4.039 0.00967
4.04 0.009774
4.04 0.009887
4.04 0.01001
4.041 0.01014
4.042 0.01027
4.042 0.01042
4.043 0.01057
4.043 0.01074
4.043 0.01091
4.044 0.01109
4.045 0.01129
4.045 0.01149
4.045 0.01171
4.046 0.01194
4.046 0.01218
4.047 0.01243
4.048 0.01269
4.048 0.01298
4.048 0.01327
4.049 0.01358
4.05 0.01391
4.05 0.01425
4.051 0.01462
4.051 0.015
4.051 0.0154
4.052 0.01583
4.053 0.01628
4.053 0.01675
4.053 0.01725
4.054 0.01778
4.054 0.01834
4.055 0.01893
4.056 0.01956
4.056 0.02022
4.056 0.02092
4.057 0.02167
4.058 0.02246
4.058 0.0233
4.059 0.0242
4.059 0.02515
4.059 0.02617
4.06 0.02725
4.061 0.02841
4.061 0.02965
4.061 0.03097
4.062 0.03239
4.062 0.03392
4.063 0.03555
4.064 0.03731
4.064 0.03921
4.064 0.04125
4.065 0.04346
4.066 0.04585
4.066 0.04844
4.066 0.05124
4.067 0.05429
4.067 0.0576
4.068 0.0612
4.069 0.06512
4.069 0.0694
4.069 0.07407
4.07 0.07917
4.071 0.08475
4.071 0.09084
4.072 0.09748
4.072 0.1047
4.072 0.1126
4.073 0.1212
4.074 0.1305
4.074 0.1404
4.074 0.1511
4.075 0.1623
4.075 0.1741
4.076 0.1862
4.077 0.1983
4.077 0.2103
4.077 0.2216
4.078 0.2317
4.079 0.2404
4.079 0.2469
4.08 0.251
4.08 0.2524
4.08 0.2511
4.081 0.247
4.082 0.2404
4.082 0.2319
4.082 0.2217
4.083 0.2104
4.083 0.1985
4.084 0.1864
4.085 0.1744
4.085 0.1626
4.085 0.1514
4.086 0.1408
4.087 0.1309
4.087 0.1216
4.088 0.1131
4.088 0.1052
4.088 0.09801
4.089 0.09139
4.09 0.08534
4.09 0.0798
4.09 0.07473
4.091 0.07009
4.091 0.06585
4.092 0.06196
4.093 0.05839
4.093 0.05512
4.093 0.05211
4.094 0.04934
4.095 0.04679
4.095 0.04444
4.096 0.04226
4.096 0.04026
4.096 0.0384
4.097 0.03668
4.098 0.03508
4.098 0.03359
4.098 0.03222
4.099 0.03093
4.099 0.02974
4.1 0.02862
4.101 0.02758
4.101 0.02661
4.101 0.0257
4.102 0.02485
4.103 0.02405
4.103 0.02331
4.104 0.02261
4.104 0.02196
4.104 0.02134
4.105 0.02077
4.106 0.02023
4.106 0.01972
4.106 0.01925
4.107 0.01881
4.107 0.01839
4.108 0.018
4.109 0.01763
4.109 0.01729
4.109 0.01697
4.11 0.01667
4.111 0.01639
4.111 0.01613
4.112 0.01589
4.112 0.01566
4.112 0.01546
4.113 0.01527
4.114 0.01509
4.114 0.01493
4.114 0.01478
4.115 0.01465
4.115 0.01453
4.116 0.01443
4.117 0.01434
4.117 0.01426
4.117 0.01419
4.118 0.01414
4.119 0.01409
4.119 0.01406
4.12 0.01405
4.12 0.01404
4.12 0.01405
4.121 0.01406
4.122 0.01409
4.122 0.01414
4.122 0.01419
4.123 0.01426
4.123 0.01434
4.124 0.01443
4.125 0.01453
4.125 0.01465
4.125 0.01478
4.126 0.01493
4.127 0.01509
4.127 0.01527
4.128 0.01546
4.128 0.01566
4.128 0.01589
4.129 0.01613
4.13 0.01639
4.13 0.01667
4.13 0.01697
4.131 0.01729
4.131 0.01763
4.132 0.018
4.133 0.01839
4.133 0.0188
4.133 0.01925
4.134 0.01972
4.135 0.02023
4.135 0.02077
4.136 0.02134
4.136 0.02196
4.136 0.02261
4.137 0.02331
4.138 0.02405
4.138 0.02485
4.138 0.0257
4.139 0.02661
4.139 0.02758
4.14 0.02862
4.141 0.02973
4.141 0.03093
4.141 0.03221
4.142 0.03359
4.143 0.03508
4.143 0.03668
4.144 0.0384
4.144 0.04026
4.144 0.04226
4.145 0.04444
4.146 0.04679
4.146 0.04934
4.146 0.05211
4.147 0.05512
4.147 0.05839
4.148 0.06196
4.149 0.06585
4.149 0.07009
4.149 0.07473
4.15 0.0798
4.151 0.08534
4.151 0.09139
4.152 0.09801
4.152 0.1052
4.152 0.1131
4.153 0.1216
4.154 0.1309
4.154 0.1408
4.154 0.1514
4.155 0.1626
4.155 0.1744
4.156 0.1864
4.157 0.1985
4.157 0.2104
4.157 0.2217
4.158 0.2319
4.159 0.2404
4.159 0.247
4.16 0.2511
4.16 0.2524
4.16 0.251
4.161 0.2469
4.162 0.2403
4.162 0.2317
4.162 0.2215
4.163 0.2103
4.163 0.1983
4.164 0.1862
4.165 0.1741
4.165 0.1623
4.165 0.1511
4.166 0.1404
4.167 0.1305
4.167 0.1212
4.168 0.1126
4.168 0.1047
4.168 0.09748
4.169 0.09083
4.17 0.08475
4.17 0.07917
4.17 0.07407
4.171 0.0694
4.171 0.06512
4.172 0.0612
4.173 0.05759
4.173 0.05429
4.173 0.05124
4.174 0.04844
4.175 0.04585
4.175 0.04346
4.176 0.04125
4.176 0.03921
4.176 0.03731
4.177 0.03555
4.178 0.03391
4.178 0.03239
4.178 0.03097
4.179 0.02964
4.179 0.02841
4.18 0.02725
4.181 0.02617
4.181 0.02515
4.181 0.0242
4.182 0.0233
4.183 0.02246
4.183 0.02167
4.184 0.02092
4.184 0.02022
4.184 0.01956
4.185 0.01893
4.186 0.01834
4.186 0.01778
4.186 0.01725
4.187 0.01675
4.188 0.01628
4.188 0.01583
4.189 0.0154
4.189 0.015
4.189 0.01461
4.19 0.01425
4.191 0.01391
4.191 0.01358
4.191 0.01327
4.192 0.01297
4.192 0.01269
4.193 0.01243
4.194 0.01217
4.194 0.01193
4.194 0.01171
4.195 0.01149
4.196 0.01129
4.196 0.01109
4.197 0.01091
4.197 0.01074
4.197 0.01057
4.198 0.01042
4.199 0.01027
4.199 0.01013
4.199 0.01001
4.2 0.009885
4.2 0.009772
4.201 0.009668
4.202 0.009571
4.202 0.009481
4.202 0.009399
4.203 0.009324
4.204 0.009257
4.204 0.009197
4.205 0.009144
4.205 0.009098
4.205 0.009059
4.206 0.009027
4.207 0.009003
4.207 0.008986
4.207 0.008976
4.208 0.008973
4.208 0.008979
4.209 0.008992
4.21 0.009013
4.21 0.009042
4.21 0.009079
4.211 0.009126
4.212 0.009181
4.212 0.009246
4.213 0.00932
4.213 0.009404
4.213 0.0095
4.214 0.009606
4.215 0.009724
4.215 0.009854
4.215 0.009998
4.216 0.01016
4.216 0.01033
4.217 0.01052
4.218 0.01072
4.218 0.01094
4.218 0.01118
4.219 0.01145
4.22 0.01173
4.22 0.01204
4.221 0.01237
4.221 0.01273
4.221 0.01312
4.222 0.01355
4.223 0.01401
4.223 0.01451
4.223 0.01505
4.224 0.01563
4.224 0.01627
4.225 0.01696
4.226 0.01771
4.226 0.01853
4.226 0.01943
4.227 0.0204
4.228 0.02146
4.228 0.02262
4.229 0.02389
4.229 0.02528
4.229 0.0268
4.23 0.02846
4.231 0.03028
4.231 0.03228
4.231 0.03446
4.232 0.03684
4.232 0.03943
4.233 0.04226
4.234 0.04531
4.234 0.0486
4.234 0.05211
4.235 0.05583
4.236 0.05972
4.236 0.06371
4.237 0.06774
4.237 0.07168
4.237 0.07542
4.238 0.07878
4.239 0.08162
4.239 0.08378
4.239 0.08512
4.24 0.08556
4.24 0.08507
4.241 0.08368
4.242 0.08148
4.242 0.07859
4.242 0.07517
4.243 0.07139
4.244 0.0674
4.244 0.06332
4.245 0.05928
4.245 0.05534
4.245 0.05157
4.246 0.04801
4.247 0.04467
4.247 0.04156
4.247 0.03869
4.248 0.03604
4.248 0.03361
4.249 0.03138
4.25 0.02933
4.25 0.02746
4.25 0.02574
4.251 0.02417
4.252 0.02273
4.252 0.02141
4.253 0.02019
4.253 0.01907
4.253 0.01804
4.254 0.01709
4.255 0.01621
4.255 0.0154
4.255 0.01465
4.256 0.01395
4.256 0.01331
4.257 0.01271
4.258 0.01215
4.258 0.01162
4.258 0.01113
4.259 0.01068
4.26 0.01025
4.26 0.00985
4.261 0.009474
4.261 0.00912
4.261 0.008788
4.262 0.008474
4.263 0.008179
4.263 0.0079
4.263 0.007636
4.264 0.007387
4.264 0.00715
4.265 0.006927
4.266 0.006714
4.266 0.006512
4.266 0.00632
4.267 0.006138
4.268 0.005964
4.268 0.005799
4.269 0.005641
4.269 0.00549
4.269 0.005346
4.27 0.005208
4.271 0.005076
4.271 0.00495
4.271 0.004829
4.272 0.004714
4.272 0.004603
4.273 0.004496
4.274 0.004393
4.274 0.004295
4.274 0.0042
4.275 0.004109
4.276 0.004021
4.276 0.003937
4.277 0.003856
4.277 0.003777
4.277 0.003701
4.278 0.003628
4.279 0.003558
4.279 0.003489
4.279 0.003423
4.28 0.00336
4.28 0.003298
4.281 0.003238
4.282 0.00318
4.282 0.003124
4.282 0.00307
4.283 0.003017
4.284 0.002966
4.284 0.002917
4.285 0.002869
4.285 0.002822
4.285 0.002777
4.286 0.002733
4.287 0.00269
4.287 0.002648
4.287 0.002607
4.288 0.002568
4.288 0.00253
4.289 0.002492
4.29 0.002456
4.29 0.00242
4.29 0.002386
4.291 0.002352
4.292 0.002319
4.292 0.002287
4.293 0.002256
4.293 0.002226
4.293 0.002196
4.294 0.002167
4.295 0.002139
4.295 0.002111
4.295 0.002084
4.296 0.002057
4.296 0.002032
4.297 0.002006
4.298 0.001982
4.298 0.001957
4.298 0.001934
4.299 0.001911
4.3 0.001888
4.3 0.001866
4.301 0.001844
4.301 0.001823
4.301 0.001802
4.302 0.001782
4.303 0.001762
4.303 0.001742
4.303 0.001723
4.304 0.001704
4.304 0.001685
4.305 0.001667
4.306 0.001649
4.306 0.001632
4.306 0.001615
4.307 0.001598
4.308 0.001582
4.308 0.001565
4.309 0.00155
4.309 0.001534
4.309 0.001519
4.31 0.001504
4.311 0.001489
4.311 0.001474
4.311 0.00146
4.312 0.001446
4.312 0.001432
4.313 0.001419
4.314 0.001405
4.314 0.001392
4.314 0.001379
4.315 0.001366
4.316 0.001354
4.316 0.001342
4.316 0.00133
4.317 0.001318
4.317 0.001306
4.318 0.001294
4.319 0.001283
4.319 0.001272
4.319 0.001261
4.32 0.00125
4.321 0.001239
4.321 0.001229
4.322 0.001219
4.322 0.001208
4.322 0.001198
4.323 0.001188
4.324 0.001179
4.324 0.001169
4.324 0.001159
4.325 0.00115
4.325 0.001141
4.326 0.001132
4.327 0.001123
4.327 0.001114
4.327 0.001105
4.328 0.001097
4.329 0.001088
4.329 0.00108
4.33 0.001072
4.33 0.001063
4.33 0.001055
4.331 0.001047
4.332 0.00104
4.332 0.001032
4.332 0.001024
4.333 0.001017
4.333 0.001009
4.334 0.001002
4.335 0.0009946
4.335 0.0009875
4.335 0.0009804
4.336 0.0009734
4.337 0.0009665
4.337 0.0009597
4.338 0.000953
4.338 0.0009463
4.338 0.0009397
4.339 0.0009333
4.34 0.0009268
4.34 0.0009205
4.34 0.0009142
4.341 0.000908
4.341 0.0009019
4.342 0.0008959
4.343 0.0008899
4.343 0.000884
4.343 0.0008781
4.344 0.0008724
4.345 0.0008667
4.345 0.000861
4.346 0.0008554
4.346 0.0008499
4.346 0.0008444
4.347 0.000839
4.348 0.0008337
4.348 0.0008284
4.348 0.0008232
4.349 0.000818
4.349 0.0008129
4.35 0.0008078
4.351 0.0008028
4.351 0.0007979
4.351 0.000793
4.352 0.0007881
4.353 0.0007833
4.353 0.0007786
4.354 0.0007739
4.354 0.0007692
4.354 0.0007646
4.355 0.0007601
4.356 0.0007556
4.356 0.0007511
4.356 0.0007467
4.357 0.0007423
4.357 0.000738
4.358 0.0007337
4.359 0.0007294
4.359 0.0007252
4.359 0.000721
4.36 0.0007169
4.361 0.0007128
4.361 0.0007088
4.362 0.0007048
4.362 0.0007008
4.362 0.0006969
4.363 0.000693
4.364 0.0006891
4.364 0.0006853
4.364 0.0006815
4.365 0.0006778
4.365 0.0006741
4.366 0.0006704
4.367 0.0006667
4.367 0.0006631
4.367 0.0006595
4.368 0.000656
4.369 0.0006525
4.369 0.000649
4.37 0.0006455
4.37 0.0006421
4.37 0.0006387
4.371 0.0006354
4.372 0.000632
4.372 0.0006287
4.372 0.0006254
4.373 0.0006222
4.373 0.000619
4.374 0.0006158
4.375 0.0006126
4.375 0.0006095
4.375 0.0006064
4.376 0.0006033
4.377 0.0006003
4.377 0.0005972
4.378 0.0005942
4.378 0.0005912
4.378 0.0005883
4.379 0.0005854
4.38 0.0005825
4.38 0.0005796
4.38 0.0005767
4.381 0.0005739
4.381 0.0005711
4.382 0.0005683
4.383 0.0005655
4.383 0.0005628
4.383 0.0005601
4.384 0.0005574
4.385 0.0005547
4.385 0.000552
4.386 0.0005494
4.386 0.0005468
4.386 0.0005442
4.387 0.0005416
4.388 0.0005391
4.388 0.0005365
4.388 0.000534
4.389 0.0005315
4.389 0.0005291
4.39 0.0005266
4.391 0.0005242
4.391 0.0005218
4.391 0.0005194
4.392 0.000517
4.393 0.0005146
4.393 0.0005123
4.394 0.0005099
4.394 0.0005076
4.394 0.0005053
4.395 0.0005031
4.396 0.0005008
4.396 0.0004986
4.396 0.0004963
4.397 0.0004941
4.397 0.000492
4.398 0.0004898
4.399 0.0004876
4.399 0.0004855
4.399 0.0004833
4.4 0.0004812
4.401 0.0004791
4.401 0.0004771
4.402 0.000475
4.402 0.0004729
4.402 0.0004709
4.403 0.0004689
4.404 0.0004669
4.404 0.0004649
4.404 0.0004629
4.405 0.0004609
4.405 0.000459
4.406 0.000457
4.407 0.0004551
4.407 0.0004532
4.407 0.0004513
4.408 0.0004494
4.409 0.0004475
4.409 0.0004457
4.41 0.0004438
4.41 0.000442
4.41 0.0004402
4.411 0.0004384
4.412 0.0004366
4.412 0.0004348
4.412 0.000433
4.413 0.0004312
4.413 0.0004295
4.414 0.0004277
4.415 0.000426
4.415 0.0004243
4.415 0.0004226
4.416 0.0004209
4.417 0.0004192
4.417 0.0004176
4.418 0.0004159
4.418 0.0004142
4.418 0.0004126
4.419 0.000411
4.42 0.0004094
4.42 0.0004078
4.42 0.0004062
4.421 0.0004046
4.421 0.000403
4.422 0.0004014
4.423 0.0003999
4.423 0.0003983
4.423 0.0003968
4.424 0.0003953
4.425 0.0003937
4.425 0.0003922
4.426 0.0003907
4.426 0.0003892
4.426 0.0003878
4.427 0.0003863
4.428 0.0003848
4.428 0.0003834
4.428 0.0003819
4.429 0.0003805
4.429 0.0003791
4.43 0.0003777
4.431 0.0003763
4.431 0.0003749
4.431 0.0003735
4.432 0.0003721
4.433 0.0003707
4.433 0.0003693
4.434 0.000368
4.434 0.0003666
4.434 0.0003653
4.435 0.000364
4.436 0.0003626
4.436 0.0003613
4.436 0.00036
4.437 0.0003587
4.438 0.0003574
4.438 0.0003561
4.439 0.0003548
4.439 0.0003536
4.439 0.0003523
4.44 0.0003511
4.441 0.0003498
4.441 0.0003486
4.441 0.0003473
4.442 0.0003461
4.442 0.0003449
4.443 0.0003437
4.444 0.0003425
4.444 0.0003413
4.444 0.0003401
4.445 0.0003389
4.446 0.0003377
4.446 0.0003365
4.447 0.0003354
4.447 0.0003342
4.447 0.000333
4.448 0.0003319
4.449 0.0003308
4.449 0.0003296
4.449 0.0003285
4.45 0.0003274
4.45 0.0003263
4.451 0.0003251
4.452 0.000324
4.452 0.0003229
4.452 0.0003219
4.453 0.0003208
4.454 0.0003197
4.454 0.0003186
4.455 0.0003175
4.455 0.0003165
4.455 0.0003154
4.456 0.0003144
4.457 0.0003133
4.457 0.0003123
4.457 0.0003113
4.458 0.0003102
4.458 0.0003092
4.459 0.0003082
4.46 0.0003072
4.46 0.0003062
4.46 0.0003052
4.461 0.0003042
4.462 0.0003032
4.462 0.0003022
4.463 0.0003012
4.463 0.0003003
4.463 0.0002993
4.464 0.0002983
4.465 0.0002974
4.465 0.0002964
4.465 0.0002955
4.466 0.0002945
4.466 0.0002936
4.467 0.0002926
4.468 0.0002917
4.468 0.0002908
4.468 0.0002899
4.469 0.000289
4.47 0.000288
4.47 0.0002871
4.471 0.0002862
4.471 0.0002853
4.471 0.0002844
4.472 0.0002836
4.473 0.0002827
4.473 0.0002818
4.473 0.0002809
4.474 0.0002801
4.474 0.0002792
4.475 0.0002783
4.476 0.0002775
4.476 0.0002766
4.476 0.0002758
4.477 0.0002749
4.478 0.0002741
4.478 0.0002732
4.479 0.0002724
4.479 0.0002716
4.479 0.0002708
4.48 0.0002699
4.481 0.0002691
4.481 0.0002683
4.481 0.0002675
4.482 0.0002667
4.482 0.0002659
4.483 0.0002651
4.484 0.0002643
4.484 0.0002635
4.484 0.0002627
4.485 0.000262
4.486 0.0002612
4.486 0.0002604
4.487 0.0002596
4.487 0.0002589
4.487 0.0002581
4.488 0.0002574
4.489 0.0002566
4.489 0.0002558
4.489 0.0002551
4.49 0.0002544
4.49 0.0002536
4.491 0.0002529
4.492 0.0002521
4.492 0.0002514
4.492 0.0002507
4.493 0.00025
4.494 0.0002492
4.494 0.0002485
4.495 0.0002478
4.495 0.0002471
4.495 0.0002464
4.496 0.0002457
4.497 0.000245
4.497 0.0002443
4.497 0.0002436
4.498 0.0002429
4.498 0.0002422
4.499 0.0002415
4.5 0.0002409
4.5 0.0002402
4.5 0.0002395
4.501 0.0002388
4.502 0.0002382
4.502 0.0002375
4.503 0.0002368
4.503 0.0002362
4.503 0.0002355
4.504 0.0002349
4.505 0.0002342
4.505 0.0002336
4.505 0.0002329
4.506 0.0002323
4.506 0.0002316
4.507 0.000231
4.508 0.0002304
4.508 0.0002297
4.508 0.0002291
4.509 0.0002285
4.51 0.0002279
4.51 0.0002272
4.511 0.0002266
4.511 0.000226
4.511 0.0002254
4.512 0.0002248
4.513 0.0002242
4.513 0.0002236
4.513 0.000223
4.514 0.0002224
4.514 0.0002218
4.515 0.0002212
4.516 0.0002206
4.516 0.00022
4.516 0.0002194
4.517 0.0002188
4.518 0.0002183
4.518 0.0002177
4.519 0.0002171
4.519 0.0002165
4.519 0.000216
4.52 0.0002154
4.521 0.0002148
4.521 0.0002143
4.521 0.0002137
4.522 0.0002131
4.522 0.0002126
4.523 0.000212
4.524 0.0002115
4.524 0.0002109
4.524 0.0002104
4.525 0.0002098
4.526 0.0002093
4.526 0.0002087
4.527 0.0002082
4.527 0.0002077
4.527 0.0002071
4.528 0.0002066
4.529 0.0002061
4.529 0.0002056
4.529 0.000205
4.53 0.0002045
4.53 0.000204
4.531 0.0002035
4.532 0.0002029
4.532 0.0002024
4.532 0.0002019
4.533 0.0002014
4.534 0.0002009
4.534 0.0002004
4.535 0.0001999
4.535 0.0001994
4.535 0.0001989
4.536 0.0001984
4.537 0.0001979
4.537 0.0001974
4.537 0.0001969
4.538 0.0001964
4.538 0.0001959
4.539 0.0001954
4.54 0.000195
4.54 0.0001945
4.54 0.000194
4.541 0.0001935
4.542 0.000193
4.542 0.0001926
4.543 0.0001921
4.543 0.0001916
4.543 0.0001912
4.544 0.0001907
4.545 0.0001902
4.545 0.0001898
4.545 0.0001893
4.546 0.0001888
4.546 0.0001884
4.547 0.0001879
4.548 0.0001875
4.548 0.000187
4.548 0.0001866
4.549 0.0001861
4.55 0.0001857
4.55 0.0001852
4.551 0.0001848
4.551 0.0001843
4.551 0.0001839
4.552 0.0001835
4.553 0.000183
4.553 0.0001826
4.553 0.0001822
4.554 0.0001817
4.554 0.0001813
4.555 0.0001809
4.556 0.0001804
4.556 0.00018
4.556 0.0001796
4.557 0.0001792
4.558 0.0001788
4.558 0.0001783
4.559 0.0001779
4.559 0.0001775
4.559 0.0001771
4.56 0.0001767
4.561 0.0001763
4.561 0.0001759
4.561 0.0001754
4.562 0.000175
4.562 0.0001746
4.563 0.0001742
4.564 0.0001738
4.564 0.0001734
4.564 0.000173
4.565 0.0001726
4.566 0.0001722
4.566 0.0001718
4.566 0.0001714
4.567 0.0001711
4.567 0.0001707
4.568 0.0001703
4.569 0.0001699
4.569 0.0001695
4.569 0.0001691
4.57 0.0001687
4.571 0.0001684
4.571 0.000168
4.572 0.0001676
4.572 0.0001672
4.572 0.0001668
4.573 0.0001665
4.574 0.0001661
4.574 0.0001657
4.574 0.0001653
4.575 0.000165
4.575 0.0001646
4.576 0.0001642
4.577 0.0001639
4.577 0.0001635
4.577 0.0001632
4.578 0.0001628
4.579 0.0001624
4.579 0.0001621
4.58 0.0001617
4.58 0.0001614
4.58 0.000161
4.581 0.0001606
4.582 0.0001603
4.582 0.0001599
4.582 0.0001596
4.583 0.0001592
4.583 0.0001589
4.584 0.0001585
4.585 0.0001582
4.585 0.0001579
4.585 0.0001575
4.586 0.0001572
4.587 0.0001568
4.587 0.0001565
4.588 0.0001562
4.588 0.0001558
4.588 0.0001555
4.589 0.0001552
4.59 0.0001548
4.59 0.0001545
4.59 0.0001542
4.591 0.0001538
4.591 0.0001535
4.592 0.0001532
4.593 0.0001528
4.593 0.0001525
4.593 0.0001522
4.594 0.0001519
4.595 0.0001515
4.595 0.0001512
4.596 0.0001509
4.596 0.0001506
4.596 0.0001503
4.597 0.00015
4.598 0.0001496
4.598 0.0001493
4.598 0.000149
4.599 0.0001487
4.599 0.0001484
4.6 0.0001481
4.601 0.0001478
4.601 0.0001475
4.601 0.0001472
4.602 0.0001468
4.603 0.0001465
4.603 0.0001462
4.604 0.0001459
4.604 0.0001456
4.604 0.0001453
4.605 0.000145
4.606 0.0001447
4.606 0.0001444
4.606 0.0001441
4.607 0.0001438
4.607 0.0001435
4.608 0.0001433
4.609 0.000143
4.609 0.0001427
4.609 0.0001424
4.61 0.0001421
4.611 0.0001418
4.611 0.0001415
4.612 0.0001412
4.612 0.0001409
4.612 0.0001406
4.613 0.0001404
4.614 0.0001401
4.614 0.0001398
4.614 0.0001395
4.615 0.0001392
4.615 0.000139
4.616 0.0001387
4.617 0.0001384
4.617 0.0001381
4.617 0.0001378
4.618 0.0001376
4.619 0.0001373
4.619 0.000137
4.62 0.0001367
4.62 0.0001365
4.62 0.0001362
4.621 0.0001359
4.622 0.0001357
4.622 0.0001354
4.622 0.0001351
4.623 0.0001349
4.623 0.0001346
4.624 0.0001343
4.625 0.0001341
4.625 0.0001338
4.625 0.0001335
4.626 0.0001333
4.627 0.000133
4.627 0.0001328
4.628 0.0001325
4.628 0.0001322
4.628 0.000132
4.629 0.0001317
4.63 0.0001315
4.63 0.0001312
4.63 0.000131
4.631 0.0001307
4.631 0.0001305
4.632 0.0001302
4.633 0.00013
4.633 0.0001297
4.633 0.0001295
4.634 0.0001292
4.635 0.000129
4.635 0.0001287
4.636 0.0001285
4.636 0.0001282
4.636 0.000128
4.637 0.0001277
4.638 0.0001275
4.638 0.0001272
4.638 0.000127
4.639 0.0001268
4.639 0.0001265
4.64 0.0001263
4.641 0.000126
4.641 0.0001258
4.641 0.0001256
4.642 0.0001253
4.643 0.0001251
4.643 0.0001249
4.644 0.0001246
4.644 0.0001244
4.644 0.0001242
4.645 0.0001239
4.646 0.0001237
4.646 0.0001235
4.646 0.0001232
4.647 0.000123
4.647 0.0001228
4.648 0.0001225
4.649 0.0001223
4.649 0.0001221
4.649 0.0001219
4.65 0.0001216
4.651 0.0001214
4.651 0.0001212
4.652 0.000121
4.652 0.0001207
4.652 0.0001205
4.653 0.0001203
4.654 0.0001201
4.654 0.0001199
4.654 0.0001196
4.655 0.0001194
4.655 0.0001192
4.656 0.000119
4.657 0.0001188
4.657 0.0001186
4.657 0.0001183
4.658 0.0001181
4.659 0.0001179
4.659 0.0001177
4.66 0.0001175
4.66 0.0001173
4.66 0.0001171
4.661 0.0001168
4.662 0.0001166
4.662 0.0001164
4.662 0.0001162
4.663 0.000116
4.663 0.0001158
4.664 0.0001156
4.665 0.0001154
4.665 0.0001152
4.665 0.000115
4.666 0.0001148
4.667 0.0001146
4.667 0.0001144
4.668 0.0001142
4.668 0.0001139
4.668 0.0001137
4.669 0.0001135
4.67 0.0001133
4.67 0.0001131
4.67 0.0001129
4.671 0.0001127
4.671 0.0001125
4.672 0.0001123
4.673 0.0001121
4.673 0.000112
4.673 0.0001118
4.674 0.0001116
4.675 0.0001114
4.675 0.0001112
4.676 0.000111
4.676 0.0001108
4.676 0.0001106
4.677 0.0001104
4.678 0.0001102
4.678 0.00011
4.678 0.0001098
4.679 0.0001096
4.679 0.0001094
4.68 0.0001093
4.681 0.0001091
4.681 0.0001089
4.681 0.0001087
4.682 0.0001085
4.683 0.0001083
4.683 0.0001081
4.684 0.0001079
4.684 0.0001078
4.684 0.0001076
4.685 0.0001074
4.686 0.0001072
4.686 0.000107
4.686 0.0001068
4.687 0.0001067
4.688 0.0001065
4.688 0.0001063
4.689 0.0001061
4.689 0.0001059
4.689 0.0001058
4.69 0.0001056
4.691 0.0001054
4.691 0.0001052
4.691 0.000105
4.692 0.0001049
4.692 0.0001047
4.693 0.0001045
4.694 0.0001043
4.694 0.0001042
4.694 0.000104
4.695 0.0001038
4.696 0.0001036
4.696 0.0001035
4.697 0.0001033
4.697 0.0001031
4.697 0.0001029
4.698 0.0001028
4.699 0.0001026
4.699 0.0001024
4.699 0.0001023
4.7 0.0001021
4.7 0.0001019
4.701 0.0001018
4.702 0.0001016
4.702 0.0001014
4.702 0.0001012
4.703 0.0001011
4.704 0.0001009
4.704 0.0001007
4.705 0.0001006
4.705 0.0001004
4.705 0.0001003
4.706 0.0001001
4.707 9.992e-05
4.707 9.976e-05
4.707 9.96e-05
4.708 9.944e-05
4.708 9.927e-05
4.709 9.911e-05
4.71 9.895e-05
4.71 9.879e-05
4.71 9.863e-05
4.711 9.847e-05
4.712 9.831e-05
4.712 9.815e-05
4.713 9.799e-05
4.713 9.783e-05
4.713 9.768e-05
4.714 9.752e-05
4.715 9.736e-05
4.715 9.721e-05
4.715 9.705e-05
4.716 9.689e-05
4.716 9.674e-05
4.717 9.658e-05
4.718 9.643e-05
4.718 9.627e-05
4.718 9.612e-05
4.719 9.597e-05
4.72 9.581e-05
4.72 9.566e-05
4.721 9.551e-05
4.721 9.536e-05
4.721 9.521e-05
4.722 9.505e-05
4.723 9.49e-05
4.723 9.475e-05
4.723 9.46e-05
4.724 9.445e-05
4.724 9.431e-05
4.725 9.416e-05
4.726 9.401e-05
4.726 9.386e-05
4.726 9.371e-05
4.727 9.357e-05
4.728 9.342e-05
4.728 9.327e-05
4.729 9.313e-05
4.729 9.298e-05
4.729 9.284e-05
4.73 9.269e-05
4.731 9.255e-05
4.731 9.24e-05
4.731 9.226e-05
4.732 9.211e-05
4.732 9.197e-05
4.733 9.183e-05
4.734 9.169e-05
4.734 9.154e-05
4.734 9.14e-05
4.735 9.126e-05
4.736 9.112e-05
4.736 9.098e-05
4.737 9.084e-05
4.737 9.07e-05
4.737 9.056e-05
4.738 9.042e-05
4.739 9.028e-05
4.739 9.014e-05
4.739 9.001e-05
4.74 8.987e-05
4.74 8.973e-05
4.741 8.959e-05
4.742 8.946e-05
4.742 8.932e-05
4.742 8.918e-05
4.743 8.905e-05
4.744 8.891e-05
4.744 8.878e-05
4.745 8.864e-05
4.745 8.851e-05
4.745 8.837e-05
4.746 8.824e-05
4.747 8.811e-05
4.747 8.797e-05
4.747 8.784e-05
4.748 8.771e-05
4.748 8.758e-05
4.749 8.744e-05
4.75 8.731e-05
4.75 8.718e-05
4.75 8.705e-05
4.751 8.692e-05
4.752 8.679e-05
4.752 8.666e-05
4.753 8.653e-05
4.753 8.64e-05
4.753 8.627e-05
4.754 8.614e-05
4.755 8.602e-05
4.755 8.589e-05
4.755 8.576e-05
4.756 8.563e-05
4.756 8.551e-05
4.757 8.538e-05
4.758 8.525e-05
4.758 8.513e-05
4.758 8.5e-05
4.759 8.488e-05
4.76 8.475e-05
4.76 8.463e-05
4.761 8.45e-05
4.761 8.438e-05
4.761 8.425e-05
4.762 8.413e-05
4.763 8.401e-05
4.763 8.388e-05
4.763 8.376e-05
4.764 8.364e-05
4.764 8.351e-05
4.765 8.339e-05
4.766 8.327e-05
4.766 8.315e-05
4.766 8.303e-05
4.767 8.291e-05
4.768 8.279e-05
4.768 8.267e-05
4.769 8.255e-05
4.769 8.243e-05
4.769 8.231e-05
4.77 8.219e-05
4.771 8.207e-05
4.771 8.195e-05
4.771 8.183e-05
4.772 8.172e-05
4.772 8.16e-05
4.773 8.148e-05
4.774 8.136e-05
4.774 8.125e-05
4.774 8.113e-05
4.775 8.101e-05
4.776 8.09e-05
4.776 8.078e-05
4.777 8.067e-05
4.777 8.055e-05
4.777 8.044e-05
4.778 8.032e-05
4.779 8.021e-05
4.779 8.009e-05
4.779 7.998e-05
4.78 7.987e-05
4.78 7.975e-05
4.781 7.964e-05
4.782 7.953e-05
4.782 7.941e-05
4.782 7.93e-05
4.783 7.919e-05
4.784 7.908e-05
4.784 7.897e-05
4.785 7.885e-05
4.785 7.874e-05
4.785 7.863e-05
4.786 7.852e-05
4.787 7.841e-05
4.787 7.83e-05
4.787 7.819e-05
4.788 7.808e-05
4.788 7.797e-05
4.789 7.786e-05
4.79 7.776e-05
4.79 7.765e-05
4.79 7.754e-05
4.791 7.743e-05
4.792 7.732e-05
4.792 7.722e-05
4.793 7.711e-05
4.793 7.7e-05
4.793 7.689e-05
4.794 7.679e-05
4.795 7.668e-05
4.795 7.658e-05
4.795 7.647e-05
4.796 7.636e-05
4.796 7.626e-05
4.797 7.615e-05
4.798 7.605e-05
4.798 7.594e-05
4.798 7.584e-05
4.799 7.574e-05
4.8 7.563e-05
4.8 7.553e-05
4.801 7.542e-05
4.801 7.532e-05
4.801 7.522e-05
4.802 7.512e-05
4.803 7.501e-05
4.803 7.491e-05
4.803 7.481e-05
4.804 7.471e-05
4.804 7.461e-05
4.805 7.45e-05
4.806 7.44e-05
4.806 7.43e-05
4.806 7.42e-05
4.807 7.41e-05
4.808 7.4e-05
4.808 7.39e-05
4.809 7.38e-05
4.809 7.37e-05
4.809 7.36e-05
4.81 7.35e-05
4.811 7.34e-05
4.811 7.33e-05
4.811 7.321e-05
4.812 7.311e-05
4.812 7.301e-05
4.813 7.291e-05
4.814 7.281e-05
4.814 7.272e-05
4.814 7.262e-05
4.815 7.252e-05
4.816 7.243e-05
4.816 7.233e-05
4.816 7.223e-05
4.817 7.214e-05
4.817 7.204e-05
4.818 7.195e-05
4.819 7.185e-05
4.819 7.175e-05
4.819 7.166e-05
4.82 7.156e-05
4.821 7.147e-05
4.821 7.138e-05
4.822 7.128e-05
4.822 7.119e-05
4.822 7.109e-05
4.823 7.1e-05
4.824 7.091e-05
4.824 7.081e-05
4.824 7.072e-05
4.825 7.063e-05
4.825 7.053e-05
4.826 7.044e-05
4.827 7.035e-05
4.827 7.026e-05
4.827 7.017e-05
4.828 7.007e-05
4.829 6.998e-05
4.829 6.989e-05
4.83 6.98e-05
4.83 6.971e-05
4.83 6.962e-05
4.831 6.953e-05
4.832 6.944e-05
4.832 6.935e-05
4.832 6.926e-05
4.833 6.917e-05
4.833 6.908e-05
4.834 6.899e-05
4.835 6.89e-05
4.835 6.881e-05
4.835 6.872e-05
4.836 6.863e-05
4.837 6.854e-05
4.837 6.846e-05
4.838 6.837e-05
4.838 6.828e-05
4.838 6.819e-05
4.839 6.811e-05
4.84 6.802e-05
4.84 6.793e-05
4.84 6.784e-05
4.841 6.776e-05
4.841 6.767e-05
4.842 6.758e-05
4.843 6.75e-05
4.843 6.741e-05
4.843 6.733e-05
4.844 6.724e-05
4.845 6.716e-05
4.845 6.707e-05
4.846 6.699e-05
4.846 6.69e-05
4.846 6.682e-05
4.847 6.673e-05
4.848 6.665e-05
4.848 6.656e-05
4.848 6.648e-05
4.849 6.639e-05
4.849 6.631e-05
4.85 6.623e-05
4.851 6.614e-05
4.851 6.606e-05
4.851 6.598e-05
4.852 6.589e-05
4.853 6.581e-05
4.853 6.573e-05
4.854 6.565e-05
4.854 6.556e-05
4.854 6.548e-05
4.855 6.54e-05
4.856 6.532e-05
4.856 6.524e-05
4.856 6.516e-05
4.857 6.508e-05
4.857 6.499e-05
4.858 6.491e-05
4.859 6.483e-05
4.859 6.475e-05
4.859 6.467e-05
4.86 6.459e-05
4.861 6.451e-05
4.861 6.443e-05
4.862 6.435e-05
4.862 6.427e-05
4.862 6.419e-05
4.863 6.411e-05
4.864 6.404e-05
4.864 6.396e-05
4.864 6.388e-05
4.865 6.38e-05
4.865 6.372e-05
4.866 6.364e-05
4.867 6.356e-05
4.867 6.349e-05
4.867 6.341e-05
4.868 6.333e-05
4.869 6.325e-05
4.869 6.318e-05
4.87 6.31e-05
4.87 6.302e-05
4.87 6.295e-05
4.871 6.287e-05
4.872 6.279e-05
4.872 6.272e-05
4.872 6.264e-05
4.873 6.256e-05
4.873 6.249e-05
4.874 6.241e-05
4.875 6.234e-05
4.875 6.226e-05
4.875 6.219e-05
4.876 6.211e-05
4.877 6.204e-05
4.877 6.196e-05
4.878 6.189e-05
4.878 6.181e-05
4.878 6.174e-05
4.879 6.166e-05
4.88 6.159e-05
4.88 6.151e-05
4.88 6.144e-05
4.881 6.137e-05
4.881 6.129e-05
4.882 6.122e-05
4.883 6.115e-05
4.883 6.107e-05
4.883 6.1e-05
4.884 6.093e-05
4.885 6.086e-05
4.885 6.078e-05
4.886 6.071e-05
4.886 6.064e-05
4.886 6.057e-05
4.887 6.049e-05
4.888 6.042e-05
4.888 6.035e-05
4.888 6.028e-05
4.889 6.021e-05
4.889 6.014e-05
4.89 6.007e-05
4.891 5.999e-05
4.891 5.992e-05
4.891 5.985e-05
4.892 5.978e-05
4.893 5.971e-05
4.893 5.964e-05
4.894 5.957e-05
4.894 5.95e-05
4.894 5.943e-05
4.895 5.936e-05
4.896 5.929e-05
4.896 5.922e-05
4.896 5.915e-05
4.897 5.908e-05
4.897 5.902e-05
4.898 5.895e-05
4.899 5.888e-05
4.899 5.881e-05
4.899 5.874e-05
4.9 5.867e-05
4.901 5.86e-05
4.901 5.854e-05
4.902 5.847e-05
4.902 5.84e-05
4.902 5.833e-05
4.903 5.826e-05
4.904 5.82e-05
4.904 5.813e-05
4.904 5.806e-05
4.905 5.799e-05
4.905 5.793e-05
4.906 5.786e-05
4.907 5.779e-05
4.907 5.773e-05
4.907 5.766e-05
4.908 5.76e-05
4.909 5.753e-05
4.909 5.746e-05
4.91 5.74e-05
4.91 5.733e-05
4.91 5.727e-05
4.911 5.72e-05
4.912 5.713e-05
4.912 5.707e-05
4.912 5.7e-05
4.913 5.694e-05
4.913 5.687e-05
4.914 5.681e-05
4.915 5.674e-05
4.915 5.668e-05
4.915 5.661e-05
4.916 5.655e-05
4.917 5.649e-05
4.917 5.642e-05
4.918 5.636e-05
4.918 5.629e-05
4.918 5.623e-05
4.919 5.617e-05
4.92 5.61e-05
4.92 5.604e-05
4.92 5.598e-05
4.921 5.591e-05
4.921 5.585e-05
4.922 5.579e-05
4.923 5.572e-05
4.923 5.566e-05
4.923 5.56e-05
4.924 5.554e-05
4.925 5.547e-05
4.925 5.541e-05
4.926 5.535e-05
4.926 5.529e-05
4.926 5.523e-05
4.927 5.516e-05
4.928 5.51e-05
4.928 5.504e-05
4.928 5.498e-05
4.929 5.492e-05
4.929 5.486e-05
4.93 5.48e-05
4.931 5.474e-05
4.931 5.467e-05
4.931 5.461e-05
4.932 5.455e-05
4.933 5.449e-05
4.933 5.443e-05
4.934 5.437e-05
4.934 5.431e-05
4.934 5.425e-05
4.935 5.419e-05
4.936 5.413e-05
4.936 5.407e-05
4.936 5.401e-05
4.937 5.395e-05
4.938 5.389e-05
4.938 5.383e-05
4.939 5.377e-05
4.939 5.372e-05
4.939 5.366e-05
4.94 5.36e-05
4.941 5.354e-05
4.941 5.348e-05
4.941 5.342e-05
4.942 5.336e-05
4.942 5.33e-05
4.943 5.325e-05
4.944 5.319e-05
4.944 5.313e-05
4.944 5.307e-05
4.945 5.301e-05
4.946 5.296e-05
4.946 5.29e-05
4.947 5.284e-05
4.947 5.278e-05
4.947 5.273e-05
4.948 5.267e-05
4.949 5.261e-05
4.949 5.256e-05
4.949 5.25e-05
4.95 5.244e-05
4.95 5.239e-05
4.951 5.233e-05
4.952 5.227e-05
4.952 5.222e-05
4.952 5.216e-05
4.953 5.21e-05
4.954 5.205e-05
4.954 5.199e-05
4.955 5.194e-05
4.955 5.188e-05
4.955 5.182e-05
4.956 5.177e-05
4.957 5.171e-05
4.957 5.166e-05
4.957 5.16e-05
4.958 5.155e-05
4.958 5.149e-05
4.959 5.144e-05
4.96 5.138e-05
4.96 5.133e-05
4.96 5.127e-05
4.961 5.122e-05
4.962 5.116e-05
4.962 5.111e-05
4.963 5.105e-05
4.963 5.1e-05
4.963 5.095e-05
4.964 5.089e-05
4.965 5.084e-05
4.965 5.078e-05
4.965 5.073e-05
4.966 5.068e-05
4.966 5.062e-05
4.967 5.057e-05
4.968 5.052e-05
4.968 5.046e-05
4.968 5.041e-05
4.969 5.036e-05
4.97 5.03e-05
4.97 5.025e-05
4.971 5.02e-05
4.971 5.014e-05
4.971 5.009e-05
4.972 5.004e-05
4.973 4.999e-05
4.973 4.993e-05
4.973 4.988e-05
4.974 4.983e-05
4.974 4.978e-05
4.975 4.973e-05
4.976 4.967e-05
4.976 4.962e-05
4.976 4.957e-05
4.977 4.952e-05
4.978 4.947e-05
4.978 4.942e-05
4.979 4.936e-05
4.979 4.931e-05
4.979 4.926e-05
4.98 4.921e-05
4.981 4.916e-05
4.981 4.911e-05
4.981 4.906e-05
4.982 4.901e-05
4.982 4.896e-05
4.983 4.891e-05
4.984 4.886e-05
4.984 4.881e-05
4.984 4.876e-05
4.985 4.87e-05
4.986 4.865e-05
4.986 4.86e-05
4.987 4.855e-05
4.987 4.85e-05
4.987 4.845e-05
4.988 4.841e-05
4.989 4.836e-05
4.989 4.831e-05
4.989 4.826e-05
4.99 4.821e-05
4.99 4.816e-05
4.991 4.811e-05
4.992 4.806e-05
4.992 4.801e-05
4.992 4.796e-05
4.993 4.791e-05
4.994 4.786e-05
4.994 4.781e-05
4.995 4.777e-05
4.995 4.772e-05
4.995 4.767e-05
4.996 4.762e-05
4.997 4.757e-05
4.997 4.752e-05
4.997 4.748e-05
4.998 4.743e-05
4.998 4.738e-05
4.999 4.733e-05
5 4.728e-05
5 4.724e-05
