x y z
0.81971 3.00000 -4.65
0.81968 2.98917 -4.65
0.81966 2.97833 -4.65
0.81964 2.96750 -4.65
0.81961 2.95667 -4.65
0.81959 2.94583 -4.65
0.81956 2.93500 -4.65
0.81954 2.92417 -4.65
0.81951 2.91333 -4.65
0.81948 2.90250 -4.65
0.81945 2.89167 -4.65
0.81942 2.88083 -4.65
0.81939 2.87000 -4.65
0.81936 2.85917 -4.65
0.81933 2.84833 -4.65
0.81930 2.83750 -4.65
0.81927 2.82667 -4.65
0.81924 2.81583 -4.65
0.81920 2.80500 -4.65
0.81917 2.79417 -4.65
0.81913 2.78333 -4.65
0.81910 2.77250 -4.65
0.81906 2.76167 -4.65
0.81902 2.75083 -4.65
0.81899 2.74000 -4.65
0.81895 2.72917 -4.65
0.81891 2.71833 -4.65
0.81887 2.70750 -4.65
0.81882 2.69667 -4.65
0.81878 2.68583 -4.65
0.81874 2.67500 -4.65
0.81869 2.66417 -4.65
0.81865 2.65333 -4.65
0.81860 2.64250 -4.65
0.81855 2.63167 -4.65
0.81850 2.62083 -4.65
0.81845 2.61000 -4.65
0.81840 2.59917 -4.65
0.81835 2.58833 -4.65
0.81829 2.57750 -4.65
0.81824 2.56667 -4.65
0.81818 2.55583 -4.65
0.81812 2.54500 -4.65
0.81807 2.53417 -4.65
0.81800 2.52333 -4.65
0.81794 2.51250 -4.65
0.81788 2.50167 -4.65
0.81782 2.49083 -4.65
0.81775 2.48000 -4.65
0.81768 2.46917 -4.65
0.81761 2.45833 -4.65
0.81754 2.44750 -4.65
0.81747 2.43667 -4.65
0.81739 2.42583 -4.65
0.81732 2.41500 -4.65
0.81724 2.40417 -4.65
0.81716 2.39333 -4.65
0.81708 2.38250 -4.65
0.81700 2.37167 -4.65
0.81691 2.36083 -4.65
0.81682 2.35000 -4.65
0.81673 2.33917 -4.65
0.81664 2.32833 -4.65
0.81655 2.31750 -4.65
0.81645 2.30667 -4.65
0.81635 2.29583 -4.65
0.81625 2.28500 -4.65
0.81615 2.27417 -4.65
0.81604 2.26333 -4.65
0.81593 2.25250 -4.65
0.81582 2.24167 -4.65
0.81571 2.23083 -4.65
0.81559 2.22000 -4.65
0.81547 2.20917 -4.65
0.81535 2.19833 -4.65
0.81522 2.18750 -4.65
0.81509 2.17667 -4.65
0.81496 2.16583 -4.65
0.81483 2.15500 -4.65
0.81469 2.14417 -4.65
0.81454 2.13333 -4.65
0.81440 2.12250 -4.65
0.81425 2.11167 -4.65
0.81410 2.10083 -4.65
0.81394 2.09000 -4.65
0.81378 2.07917 -4.65
0.81361 2.06833 -4.65
0.81344 2.05750 -4.65
0.81327 2.04667 -4.65
0.81309 2.03583 -4.65
0.81290 2.02500 -4.65
0.81272 2.01417 -4.65
0.81252 2.00333 -4.65
0.81232 1.99250 -4.65
0.81212 1.98167 -4.65
0.81191 1.97083 -4.65
0.81170 1.96000 -4.65
0.81167 1.95845 -4.65
0.81145 1.94917 -4.65
0.81120 1.93833 -4.65
0.81093 1.92750 -4.65
0.81066 1.91667 -4.65
0.81038 1.90583 -4.65
0.81010 1.89500 -4.65
0.80980 1.88417 -4.65
0.80950 1.87333 -4.65
0.80919 1.86250 -4.65
0.80886 1.85167 -4.65
0.80854 1.84083 -4.65
0.80819 1.83000 -4.65
0.80785 1.81917 -4.65
0.80749 1.80833 -4.65
0.80712 1.79750 -4.65
0.80673 1.78667 -4.65
0.80634 1.77583 -4.65
0.80593 1.76500 -4.65
0.80551 1.75417 -4.65
0.80508 1.74333 -4.65
0.80464 1.73250 -4.65
0.80418 1.72167 -4.65
0.80370 1.71083 -4.65
0.80321 1.70000 -4.65
0.80271 1.68917 -4.65
0.80218 1.67833 -4.65
0.80164 1.66750 -4.65
0.80108 1.65667 -4.65
0.80083 1.65206 -4.65
0.80044 1.64583 -4.65
0.79972 1.63500 -4.65
0.79898 1.62417 -4.65
0.79821 1.61333 -4.65
0.79741 1.60250 -4.65
0.79658 1.59167 -4.65
0.79571 1.58083 -4.65
0.79481 1.57000 -4.65
0.79386 1.55917 -4.65
0.79288 1.54833 -4.65
0.79185 1.53750 -4.65
0.79076 1.52667 -4.65
0.79000 1.51934 -4.65
0.78953 1.51583 -4.65
0.78801 1.50500 -4.65
0.78640 1.49417 -4.65
0.78470 1.48333 -4.65
0.78289 1.47250 -4.65
0.78096 1.46167 -4.65
0.77917 1.45220 -4.65
0.77878 1.45083 -4.65
0.77551 1.44000 -4.65
0.77193 1.42917 -4.65
0.76833 1.41921 -4.65
0.76760 1.41833 -4.65
0.75750 1.40754 -4.65
0.74667 1.41169 -4.65
0.74274 1.41833 -4.65
0.73612 1.42917 -4.65
0.73583 1.42963 -4.65
0.73241 1.44000 -4.65
0.72881 1.45083 -4.65
0.72517 1.46167 -4.65
0.72500 1.46219 -4.65
0.72276 1.47250 -4.65
0.72042 1.48333 -4.65
0.71811 1.49417 -4.65
0.71583 1.50500 -4.65
0.71417 1.51297 -4.65
0.71374 1.51583 -4.65
0.71214 1.52667 -4.65
0.71058 1.53750 -4.65
0.70905 1.54833 -4.65
0.70755 1.55917 -4.65
0.70608 1.57000 -4.65
0.70464 1.58083 -4.65
0.70333 1.59083 -4.65
0.70325 1.59167 -4.65
0.70220 1.60250 -4.65
0.70119 1.61333 -4.65
0.70019 1.62417 -4.65
0.69922 1.63500 -4.65
0.69828 1.64583 -4.65
0.69736 1.65667 -4.65
0.69646 1.66750 -4.65
0.69559 1.67833 -4.65
0.69474 1.68917 -4.65
0.69391 1.70000 -4.65
0.69311 1.71083 -4.65
0.69250 1.71924 -4.65
0.69236 1.72167 -4.65
0.69176 1.73250 -4.65
0.69118 1.74333 -4.65
0.69061 1.75417 -4.65
0.69006 1.76500 -4.65
0.68953 1.77583 -4.65
0.68901 1.78667 -4.65
0.68850 1.79750 -4.65
0.68801 1.80833 -4.65
0.68754 1.81917 -4.65
0.68707 1.83000 -4.65
0.68662 1.84083 -4.65
0.68619 1.85167 -4.65
0.68576 1.86250 -4.65
0.68535 1.87333 -4.65
0.68495 1.88417 -4.65
0.68457 1.89500 -4.65
0.68419 1.90583 -4.65
0.68382 1.91667 -4.65
0.68347 1.92750 -4.65
0.68312 1.93833 -4.65
0.68279 1.94917 -4.65
0.68246 1.96000 -4.65
0.68215 1.97083 -4.65
0.68184 1.98167 -4.65
0.68167 1.98807 -4.65
0.68157 1.99250 -4.65
0.68133 2.00333 -4.65
0.68111 2.01417 -4.65
0.68088 2.02500 -4.65
0.68067 2.03583 -4.65
0.68046 2.04667 -4.65
0.68026 2.05750 -4.65
0.68006 2.06833 -4.65
0.67987 2.07917 -4.65
0.67969 2.09000 -4.65
0.67951 2.10083 -4.65
0.67933 2.11167 -4.65
0.67916 2.12250 -4.65
0.67900 2.13333 -4.65
0.67884 2.14417 -4.65
0.67868 2.15500 -4.65
0.67853 2.16583 -4.65
0.67839 2.17667 -4.65
0.67824 2.18750 -4.65
0.67810 2.19833 -4.65
0.67797 2.20917 -4.65
0.67784 2.22000 -4.65
0.67771 2.23083 -4.65
0.67759 2.24167 -4.65
0.67747 2.25250 -4.65
0.67735 2.26333 -4.65
0.67724 2.27417 -4.65
0.67712 2.28500 -4.65
0.67702 2.29583 -4.65
0.67691 2.30667 -4.65
0.67681 2.31750 -4.65
0.67671 2.32833 -4.65
0.67662 2.33917 -4.65
0.67652 2.35000 -4.65
0.67643 2.36083 -4.65
0.67634 2.37167 -4.65
0.67626 2.38250 -4.65
0.67617 2.39333 -4.65
0.67609 2.40417 -4.65
0.67601 2.41500 -4.65
0.67593 2.42583 -4.65
0.67586 2.43667 -4.65
0.67578 2.44750 -4.65
0.67571 2.45833 -4.65
0.67564 2.46917 -4.65
0.67558 2.48000 -4.65
0.67551 2.49083 -4.65
0.67544 2.50167 -4.65
0.67538 2.51250 -4.65
0.67532 2.52333 -4.65
0.67526 2.53417 -4.65
0.67520 2.54500 -4.65
0.67515 2.55583 -4.65
0.67509 2.56667 -4.65
0.67504 2.57750 -4.65
0.67499 2.58833 -4.65
0.67494 2.59917 -4.65
0.67489 2.61000 -4.65
0.67484 2.62083 -4.65
0.67479 2.63167 -4.65
0.67475 2.64250 -4.65
0.67470 2.65333 -4.65
0.67466 2.66417 -4.65
0.67461 2.67500 -4.65
0.67457 2.68583 -4.65
0.67453 2.69667 -4.65
0.67449 2.70750 -4.65
0.67446 2.71833 -4.65
0.67442 2.72917 -4.65
0.67438 2.74000 -4.65
0.67434 2.75083 -4.65
0.67431 2.76167 -4.65
0.67428 2.77250 -4.65
0.67424 2.78333 -4.65
0.67421 2.79417 -4.65
0.67418 2.80500 -4.65
0.67415 2.81583 -4.65
0.67412 2.82667 -4.65
0.67409 2.83750 -4.65
0.67406 2.84833 -4.65
0.67403 2.85917 -4.65
0.67400 2.87000 -4.65
0.67398 2.88083 -4.65
0.67395 2.89167 -4.65
0.67393 2.90250 -4.65
0.67390 2.91333 -4.65
0.67388 2.92417 -4.65
0.67385 2.93500 -4.65
0.67383 2.94583 -4.65
0.67381 2.95667 -4.65
0.67379 2.96750 -4.65
0.67377 2.97833 -4.65
0.67375 2.98917 -4.65
0.67372 3.00000 -4.65

3.00000 0.67372 -4.65
2.98917 0.67375 -4.65
2.97833 0.67377 -4.65
2.96750 0.67379 -4.65
2.95667 0.67381 -4.65
2.94583 0.67383 -4.65
2.93500 0.67385 -4.65
2.92417 0.67388 -4.65
2.91333 0.67390 -4.65
2.90250 0.67393 -4.65
2.89167 0.67395 -4.65
2.88083 0.67398 -4.65
2.87000 0.67400 -4.65
2.85917 0.67403 -4.65
2.84833 0.67406 -4.65
2.83750 0.67409 -4.65
2.82667 0.67412 -4.65
2.81583 0.67415 -4.65
2.80500 0.67418 -4.65
2.79417 0.67421 -4.65
2.78333 0.67424 -4.65
2.77250 0.67428 -4.65
2.76167 0.67431 -4.65
2.75083 0.67434 -4.65
2.74000 0.67438 -4.65
2.72917 0.67442 -4.65
2.71833 0.67446 -4.65
2.70750 0.67449 -4.65
2.69667 0.67453 -4.65
2.68583 0.67457 -4.65
2.67500 0.67461 -4.65
2.66417 0.67466 -4.65
2.65333 0.67470 -4.65
2.64250 0.67475 -4.65
2.63167 0.67479 -4.65
2.62083 0.67484 -4.65
2.61000 0.67489 -4.65
2.59917 0.67494 -4.65
2.58833 0.67499 -4.65
2.57750 0.67504 -4.65
2.56667 0.67509 -4.65
2.55583 0.67515 -4.65
2.54500 0.67520 -4.65
2.53417 0.67526 -4.65
2.52333 0.67532 -4.65
2.51250 0.67538 -4.65
2.50167 0.67544 -4.65
2.49083 0.67551 -4.65
2.48000 0.67558 -4.65
2.46917 0.67564 -4.65
2.45833 0.67571 -4.65
2.44750 0.67578 -4.65
2.43667 0.67586 -4.65
2.42583 0.67593 -4.65
2.41500 0.67601 -4.65
2.40417 0.67609 -4.65
2.39333 0.67617 -4.65
2.38250 0.67626 -4.65
2.37167 0.67634 -4.65
2.36083 0.67643 -4.65
2.35000 0.67652 -4.65
2.33917 0.67662 -4.65
2.32833 0.67671 -4.65
2.31750 0.67681 -4.65
2.30667 0.67691 -4.65
2.29583 0.67702 -4.65
2.28500 0.67712 -4.65
2.27417 0.67724 -4.65
2.26333 0.67735 -4.65
2.25250 0.67747 -4.65
2.24167 0.67759 -4.65
2.23083 0.67771 -4.65
2.22000 0.67784 -4.65
2.20917 0.67797 -4.65
2.19833 0.67810 -4.65
2.18750 0.67824 -4.65
2.17667 0.67839 -4.65
2.16583 0.67853 -4.65
2.15500 0.67868 -4.65
2.14417 0.67884 -4.65
2.13333 0.67900 -4.65
2.12250 0.67916 -4.65
2.11167 0.67933 -4.65
2.10083 0.67951 -4.65
2.09000 0.67969 -4.65
2.07917 0.67987 -4.65
2.06833 0.68006 -4.65
2.05750 0.68026 -4.65
2.04667 0.68046 -4.65
2.03583 0.68067 -4.65
2.02500 0.68088 -4.65
2.01417 0.68111 -4.65
2.00333 0.68133 -4.65
1.99250 0.68157 -4.65
1.98807 0.68167 -4.65
1.98167 0.68184 -4.65
1.97083 0.68215 -4.65
1.96000 0.68246 -4.65
1.94917 0.68279 -4.65
1.93833 0.68312 -4.65
1.92750 0.68347 -4.65
1.91667 0.68382 -4.65
1.90583 0.68419 -4.65
1.89500 0.68457 -4.65
1.88417 0.68495 -4.65
1.87333 0.68535 -4.65
1.86250 0.68576 -4.65
1.85167 0.68619 -4.65
1.84083 0.68662 -4.65
1.83000 0.68707 -4.65
1.81917 0.68754 -4.65
1.80833 0.68801 -4.65
1.79750 0.68850 -4.65
1.78667 0.68901 -4.65
1.77583 0.68953 -4.65
1.76500 0.69006 -4.65
1.75417 0.69061 -4.65
1.74333 0.69118 -4.65
1.73250 0.69176 -4.65
1.72167 0.69236 -4.65
1.71924 0.69250 -4.65
1.71083 0.69311 -4.65
1.70000 0.69391 -4.65
1.68917 0.69474 -4.65
1.67833 0.69559 -4.65
1.66750 0.69646 -4.65
1.65667 0.69736 -4.65
1.64583 0.69828 -4.65
1.63500 0.69922 -4.65
1.62417 0.70019 -4.65
1.61333 0.70119 -4.65
1.60250 0.70220 -4.65
1.59167 0.70325 -4.65
1.59083 0.70333 -4.65
1.58083 0.70464 -4.65
1.57000 0.70608 -4.65
1.55917 0.70755 -4.65
1.54833 0.70905 -4.65
1.53750 0.71058 -4.65
1.52667 0.71214 -4.65
1.51583 0.71374 -4.65
1.51297 0.71417 -4.65
1.50500 0.71583 -4.65
1.49417 0.71811 -4.65
1.48333 0.72042 -4.65
1.47250 0.72276 -4.65
1.46219 0.72500 -4.65
1.46167 0.72517 -4.65
1.45083 0.72881 -4.65
1.44000 0.73241 -4.65
1.42963 0.73583 -4.65
1.42917 0.73612 -4.65
1.41833 0.74274 -4.65
1.41169 0.74667 -4.65
1.40754 0.75750 -4.65
1.41833 0.76760 -4.65
1.41921 0.76833 -4.65
1.42917 0.77193 -4.65
1.44000 0.77551 -4.65
1.45083 0.77878 -4.65
1.45220 0.77917 -4.65
1.46167 0.78096 -4.65
1.47250 0.78289 -4.65
1.48333 0.78470 -4.65
1.49417 0.78640 -4.65
1.50500 0.78801 -4.65
1.51583 0.78953 -4.65
1.51934 0.79000 -4.65
1.52667 0.79076 -4.65
1.53750 0.79185 -4.65
1.54833 0.79288 -4.65
1.55917 0.79386 -4.65
1.57000 0.79481 -4.65
1.58083 0.79571 -4.65
1.59167 0.79658 -4.65
1.60250 0.79741 -4.65
1.61333 0.79821 -4.65
1.62417 0.79898 -4.65
1.63500 0.79972 -4.65
1.64583 0.80044 -4.65
1.65206 0.80083 -4.65
1.65667 0.80108 -4.65
1.66750 0.80164 -4.65
1.67833 0.80218 -4.65
1.68917 0.80271 -4.65
1.70000 0.80321 -4.65
1.71083 0.80370 -4.65
1.72167 0.80418 -4.65
1.73250 0.80464 -4.65
1.74333 0.80508 -4.65
1.75417 0.80551 -4.65
1.76500 0.80593 -4.65
1.77583 0.80634 -4.65
1.78667 0.80673 -4.65
1.79750 0.80712 -4.65
1.80833 0.80749 -4.65
1.81917 0.80785 -4.65
1.83000 0.80819 -4.65
1.84083 0.80854 -4.65
1.85167 0.80886 -4.65
1.86250 0.80919 -4.65
1.87333 0.80950 -4.65
1.88417 0.80980 -4.65
1.89500 0.81010 -4.65
1.90583 0.81038 -4.65
1.91667 0.81066 -4.65
1.92750 0.81093 -4.65
1.93833 0.81120 -4.65
1.94917 0.81145 -4.65
1.95845 0.81167 -4.65
1.96000 0.81170 -4.65
1.97083 0.81191 -4.65
1.98167 0.81212 -4.65
1.99250 0.81232 -4.65
2.00333 0.81252 -4.65
2.01417 0.81272 -4.65
2.02500 0.81290 -4.65
2.03583 0.81309 -4.65
2.04667 0.81327 -4.65
2.05750 0.81344 -4.65
2.06833 0.81361 -4.65
2.07917 0.81378 -4.65
2.09000 0.81394 -4.65
2.10083 0.81410 -4.65
2.11167 0.81425 -4.65
2.12250 0.81440 -4.65
2.13333 0.81454 -4.65
2.14417 0.81469 -4.65
2.15500 0.81483 -4.65
2.16583 0.81496 -4.65
2.17667 0.81509 -4.65
2.18750 0.81522 -4.65
2.19833 0.81535 -4.65
2.20917 0.81547 -4.65
2.22000 0.81559 -4.65
2.23083 0.81571 -4.65
2.24167 0.81582 -4.65
2.25250 0.81593 -4.65
2.26333 0.81604 -4.65
2.27417 0.81615 -4.65
2.28500 0.81625 -4.65
2.29583 0.81635 -4.65
2.30667 0.81645 -4.65
2.31750 0.81655 -4.65
2.32833 0.81664 -4.65
2.33917 0.81673 -4.65
2.35000 0.81682 -4.65
2.36083 0.81691 -4.65
2.37167 0.81700 -4.65
2.38250 0.81708 -4.65
2.39333 0.81716 -4.65
2.40417 0.81724 -4.65
2.41500 0.81732 -4.65
2.42583 0.81739 -4.65
2.43667 0.81747 -4.65
2.44750 0.81754 -4.65
2.45833 0.81761 -4.65
2.46917 0.81768 -4.65
2.48000 0.81775 -4.65
2.49083 0.81782 -4.65
2.50167 0.81788 -4.65
2.51250 0.81794 -4.65
2.52333 0.81800 -4.65
2.53417 0.81807 -4.65
2.54500 0.81812 -4.65
2.55583 0.81818 -4.65
2.56667 0.81824 -4.65
2.57750 0.81829 -4.65
2.58833 0.81835 -4.65
2.59917 0.81840 -4.65
2.61000 0.81845 -4.65
2.62083 0.81850 -4.65
2.63167 0.81855 -4.65
2.64250 0.81860 -4.65
2.65333 0.81865 -4.65
2.66417 0.81869 -4.65
2.67500 0.81874 -4.65
2.68583 0.81878 -4.65
2.69667 0.81882 -4.65
2.70750 0.81887 -4.65
2.71833 0.81891 -4.65
2.72917 0.81895 -4.65
2.74000 0.81899 -4.65
2.75083 0.81902 -4.65
2.76167 0.81906 -4.65
2.77250 0.81910 -4.65
2.78333 0.81913 -4.65
2.79417 0.81917 -4.65
2.80500 0.81920 -4.65
2.81583 0.81924 -4.65
2.82667 0.81927 -4.65
2.83750 0.81930 -4.65
2.84833 0.81933 -4.65
2.85917 0.81936 -4.65
2.87000 0.81939 -4.65
2.88083 0.81942 -4.65
2.89167 0.81945 -4.65
2.90250 0.81948 -4.65
2.91333 0.81951 -4.65
2.92417 0.81954 -4.65
2.93500 0.81956 -4.65
2.94583 0.81959 -4.65
2.95667 0.81961 -4.65
2.96750 0.81964 -4.65
2.97833 0.81966 -4.65
2.98917 0.81968 -4.65
3.00000 0.81971 -4.65

0.85783 3.00000 -4.55
0.85782 2.98917 -4.55
0.85780 2.97833 -4.55
0.85779 2.96750 -4.55
0.85777 2.95667 -4.55
0.85775 2.94583 -4.55
0.85773 2.93500 -4.55
0.85772 2.92417 -4.55
0.85770 2.91333 -4.55
0.85768 2.90250 -4.55
0.85766 2.89167 -4.55
0.85764 2.88083 -4.55
0.85762 2.87000 -4.55
0.85760 2.85917 -4.55
0.85758 2.84833 -4.55
0.85755 2.83750 -4.55
0.85753 2.82667 -4.55
0.85751 2.81583 -4.55
0.85749 2.80500 -4.55
0.85747 2.79417 -4.55
0.85744 2.78333 -4.55
0.85742 2.77250 -4.55
0.85739 2.76167 -4.55
0.85737 2.75083 -4.55
0.85734 2.74000 -4.55
0.85731 2.72917 -4.55
0.85729 2.71833 -4.55
0.85726 2.70750 -4.55
0.85723 2.69667 -4.55
0.85720 2.68583 -4.55
0.85717 2.67500 -4.55
0.85714 2.66417 -4.55
0.85711 2.65333 -4.55
0.85708 2.64250 -4.55
0.85705 2.63167 -4.55
0.85702 2.62083 -4.55
0.85698 2.61000 -4.55
0.85695 2.59917 -4.55
0.85691 2.58833 -4.55
0.85688 2.57750 -4.55
0.85684 2.56667 -4.55
0.85680 2.55583 -4.55
0.85676 2.54500 -4.55
0.85673 2.53417 -4.55
0.85669 2.52333 -4.55
0.85665 2.51250 -4.55
0.85660 2.50167 -4.55
0.85656 2.49083 -4.55
0.85652 2.48000 -4.55
0.85647 2.46917 -4.55
0.85643 2.45833 -4.55
0.85638 2.44750 -4.55
0.85634 2.43667 -4.55
0.85629 2.42583 -4.55
0.85624 2.41500 -4.55
0.85619 2.40417 -4.55
0.85614 2.39333 -4.55
0.85608 2.38250 -4.55
0.85603 2.37167 -4.55
0.85598 2.36083 -4.55
0.85592 2.35000 -4.55
0.85586 2.33917 -4.55
0.85581 2.32833 -4.55
0.85575 2.31750 -4.55
0.85569 2.30667 -4.55
0.85562 2.29583 -4.55
0.85556 2.28500 -4.55
0.85550 2.27417 -4.55
0.85543 2.26333 -4.55
0.85536 2.25250 -4.55
0.85529 2.24167 -4.55
0.85522 2.23083 -4.55
0.85515 2.22000 -4.55
0.85508 2.20917 -4.55
0.85500 2.19833 -4.55
0.85500 2.19817 -4.55
0.85492 2.18750 -4.55
0.85484 2.17667 -4.55
0.85475 2.16583 -4.55
0.85466 2.15500 -4.55
0.85457 2.14417 -4.55
0.85448 2.13333 -4.55
0.85439 2.12250 -4.55
0.85430 2.11167 -4.55
0.85420 2.10083 -4.55
0.85410 2.09000 -4.55
0.85400 2.07917 -4.55
0.85389 2.06833 -4.55
0.85379 2.05750 -4.55
0.85368 2.04667 -4.55
0.85357 2.03583 -4.55
0.85346 2.02500 -4.55
0.85335 2.01417 -4.55
0.85323 2.00333 -4.55
0.85311 1.99250 -4.55
0.85299 1.98167 -4.55
0.85286 1.97083 -4.55
0.85274 1.96000 -4.55
0.85261 1.94917 -4.55
0.85247 1.93833 -4.55
0.85234 1.92750 -4.55
0.85220 1.91667 -4.55
0.85206 1.90583 -4.55
0.85192 1.89500 -4.55
0.85177 1.88417 -4.55
0.85162 1.87333 -4.55
0.85147 1.86250 -4.55
0.85131 1.85167 -4.55
0.85115 1.84083 -4.55
0.85099 1.83000 -4.55
0.85082 1.81917 -4.55
0.85066 1.80833 -4.55
0.85048 1.79750 -4.55
0.85031 1.78667 -4.55
0.85013 1.77583 -4.55
0.84994 1.76500 -4.55
0.84976 1.75417 -4.55
0.84957 1.74333 -4.55
0.84937 1.73250 -4.55
0.84918 1.72167 -4.55
0.84897 1.71083 -4.55
0.84877 1.70000 -4.55
0.84856 1.68917 -4.55
0.84834 1.67833 -4.55
0.84813 1.66750 -4.55
0.84790 1.65667 -4.55
0.84768 1.64583 -4.55
0.84745 1.63500 -4.55
0.84721 1.62417 -4.55
0.84697 1.61333 -4.55
0.84672 1.60250 -4.55
0.84647 1.59167 -4.55
0.84622 1.58083 -4.55
0.84596 1.57000 -4.55
0.84569 1.55917 -4.55
0.84542 1.54833 -4.55
0.84514 1.53750 -4.55
0.84486 1.52667 -4.55
0.84457 1.51583 -4.55
0.84428 1.50500 -4.55
0.84417 1.50097 -4.55
0.84396 1.49417 -4.55
0.84363 1.48333 -4.55
0.84328 1.47250 -4.55
0.84293 1.46167 -4.55
0.84257 1.45083 -4.55
0.84220 1.44000 -4.55
0.84183 1.42917 -4.55
0.84144 1.41833 -4.55
0.84103 1.40750 -4.55
0.84062 1.39667 -4.55
0.84020 1.38583 -4.55
0.83975 1.37500 -4.55
0.83930 1.36417 -4.55
0.83882 1.35333 -4.55
0.83833 1.34250 -4.55
0.83781 1.33167 -4.55
0.83727 1.32083 -4.55
0.83671 1.31000 -4.55
0.83611 1.29917 -4.55
0.83548 1.28833 -4.55
0.83481 1.27750 -4.55
0.83410 1.26667 -4.55
0.83333 1.25592 -4.55
0.83333 1.25583 -4.55
0.83238 1.24500 -4.55
0.83134 1.23417 -4.55
0.83020 1.22333 -4.55
0.82894 1.21250 -4.55
0.82752 1.20167 -4.55
0.82591 1.19083 -4.55
0.82408 1.18000 -4.55
0.82250 1.17180 -4.55
0.82183 1.16917 -4.55
0.81866 1.15833 -4.55
0.81478 1.14750 -4.55
0.81167 1.14032 -4.55
0.80897 1.13667 -4.55
0.80083 1.12796 -4.55
0.79279 1.12583 -4.55
0.79000 1.12523 -4.55
0.78825 1.12583 -4.55
0.77917 1.12871 -4.55
0.76859 1.13667 -4.55
0.76833 1.13684 -4.55
0.75909 1.14750 -4.55
0.75750 1.14923 -4.55
0.75166 1.15833 -4.55
0.74667 1.16574 -4.55
0.74494 1.16917 -4.55
0.73938 1.18000 -4.55
0.73583 1.18672 -4.55
0.73415 1.19083 -4.55
0.72970 1.20167 -4.55
0.72515 1.21250 -4.55
0.72500 1.21287 -4.55
0.72155 1.22333 -4.55
0.71795 1.23417 -4.55
0.71434 1.24500 -4.55
0.71417 1.24551 -4.55
0.71143 1.25583 -4.55
0.70857 1.26667 -4.55
0.70572 1.27750 -4.55
0.70333 1.28668 -4.55
0.70298 1.28833 -4.55
0.70072 1.29917 -4.55
0.69848 1.31000 -4.55
0.69628 1.32083 -4.55
0.69411 1.33167 -4.55
0.69250 1.33988 -4.55
0.69207 1.34250 -4.55
0.69035 1.35333 -4.55
0.68866 1.36417 -4.55
0.68700 1.37500 -4.55
0.68539 1.38583 -4.55
0.68380 1.39667 -4.55
0.68225 1.40750 -4.55
0.68167 1.41171 -4.55
0.68089 1.41833 -4.55
0.67966 1.42917 -4.55
0.67846 1.44000 -4.55
0.67729 1.45083 -4.55
0.67615 1.46167 -4.55
0.67505 1.47250 -4.55
0.67397 1.48333 -4.55
0.67292 1.49417 -4.55
0.67190 1.50500 -4.55
0.67090 1.51583 -4.55
0.67083 1.51661 -4.55
0.67008 1.52667 -4.55
0.66929 1.53750 -4.55
0.66852 1.54833 -4.55
0.66777 1.55917 -4.55
0.66705 1.57000 -4.55
0.66634 1.58083 -4.55
0.66566 1.59167 -4.55
0.66500 1.60250 -4.55
0.66436 1.61333 -4.55
0.66373 1.62417 -4.55
0.66313 1.63500 -4.55
0.66255 1.64583 -4.55
0.66198 1.65667 -4.55
0.66143 1.66750 -4.55
0.66089 1.67833 -4.55
0.66037 1.68917 -4.55
0.66000 1.69723 -4.55
0.65989 1.70000 -4.55
0.65948 1.71083 -4.55
0.65907 1.72167 -4.55
0.65868 1.73250 -4.55
0.65831 1.74333 -4.55
0.65794 1.75417 -4.55
0.65758 1.76500 -4.55
0.65724 1.77583 -4.55
0.65691 1.78667 -4.55
0.65659 1.79750 -4.55
0.65627 1.80833 -4.55
0.65597 1.81917 -4.55
0.65568 1.83000 -4.55
0.65539 1.84083 -4.55
0.65512 1.85167 -4.55
0.65485 1.86250 -4.55
0.65459 1.87333 -4.55
0.65434 1.88417 -4.55
0.65410 1.89500 -4.55
0.65386 1.90583 -4.55
0.65363 1.91667 -4.55
0.65341 1.92750 -4.55
0.65320 1.93833 -4.55
0.65299 1.94917 -4.55
0.65279 1.96000 -4.55
0.65259 1.97083 -4.55
0.65240 1.98167 -4.55
0.65222 1.99250 -4.55
0.65204 2.00333 -4.55
0.65187 2.01417 -4.55
0.65170 2.02500 -4.55
0.65153 2.03583 -4.55
0.65138 2.04667 -4.55
0.65123 2.05750 -4.55
0.65108 2.06833 -4.55
0.65093 2.07917 -4.55
0.65079 2.09000 -4.55
0.65066 2.10083 -4.55
0.65053 2.11167 -4.55
0.65040 2.12250 -4.55
0.65027 2.13333 -4.55
0.65015 2.14417 -4.55
0.65004 2.15500 -4.55
0.64992 2.16583 -4.55
0.64981 2.17667 -4.55
0.64971 2.18750 -4.55
0.64960 2.19833 -4.55
0.64950 2.20917 -4.55
0.64940 2.22000 -4.55
0.64931 2.23083 -4.55
0.64921 2.24167 -4.55
0.64917 2.24755 -4.55
0.64913 2.25250 -4.55
0.64906 2.26333 -4.55
0.64898 2.27417 -4.55
0.64891 2.28500 -4.55
0.64884 2.29583 -4.55
0.64878 2.30667 -4.55
0.64871 2.31750 -4.55
0.64865 2.32833 -4.55
0.64859 2.33917 -4.55
0.64853 2.35000 -4.55
0.64847 2.36083 -4.55
0.64841 2.37167 -4.55
0.64836 2.38250 -4.55
0.64830 2.39333 -4.55
0.64825 2.40417 -4.55
0.64820 2.41500 -4.55
0.64815 2.42583 -4.55
0.64810 2.43667 -4.55
0.64806 2.44750 -4.55
0.64801 2.45833 -4.55
0.64797 2.46917 -4.55
0.64792 2.48000 -4.55
0.64788 2.49083 -4.55
0.64784 2.50167 -4.55
0.64780 2.51250 -4.55
0.64776 2.52333 -4.55
0.64773 2.53417 -4.55
0.64769 2.54500 -4.55
0.64765 2.55583 -4.55
0.64762 2.56667 -4.55
0.64759 2.57750 -4.55
0.64755 2.58833 -4.55
0.64752 2.59917 -4.55
0.64749 2.61000 -4.55
0.64746 2.62083 -4.55
0.64743 2.63167 -4.55
0.64740 2.64250 -4.55
0.64737 2.65333 -4.55
0.64735 2.66417 -4.55
0.64732 2.67500 -4.55
0.64729 2.68583 -4.55
0.64727 2.69667 -4.55
0.64724 2.70750 -4.55
0.64722 2.71833 -4.55
0.64719 2.72917 -4.55
0.64717 2.74000 -4.55
0.64715 2.75083 -4.55
0.64713 2.76167 -4.55
0.64711 2.77250 -4.55
0.64709 2.78333 -4.55
0.64707 2.79417 -4.55
0.64705 2.80500 -4.55
0.64703 2.81583 -4.55
0.64701 2.82667 -4.55
0.64699 2.83750 -4.55
0.64697 2.84833 -4.55
0.64695 2.85917 -4.55
0.64694 2.87000 -4.55
0.64692 2.88083 -4.55
0.64690 2.89167 -4.55
0.64689 2.90250 -4.55
0.64687 2.91333 -4.55
0.64686 2.92417 -4.55
0.64684 2.93500 -4.55
0.64683 2.94583 -4.55
0.64682 2.95667 -4.55
0.64680 2.96750 -4.55
0.64679 2.97833 -4.55
0.64677 2.98917 -4.55
0.64676 3.00000 -4.55

3.00000 0.64676 -4.55
2.98917 0.64677 -4.55
2.97833 0.64679 -4.55
2.96750 0.64680 -4.55
2.95667 0.64682 -4.55
2.94583 0.64683 -4.55
2.93500 0.64684 -4.55
2.92417 0.64686 -4.55
2.91333 0.64687 -4.55
2.90250 0.64689 -4.55
2.89167 0.64690 -4.55
2.88083 0.64692 -4.55
2.87000 0.64694 -4.55
2.85917 0.64695 -4.55
2.84833 0.64697 -4.55
2.83750 0.64699 -4.55
2.82667 0.64701 -4.55
2.81583 0.64703 -4.55
2.80500 0.64705 -4.55
2.79417 0.64707 -4.55
2.78333 0.64709 -4.55
2.77250 0.64711 -4.55
2.76167 0.64713 -4.55
2.75083 0.64715 -4.55
2.74000 0.64717 -4.55
2.72917 0.64719 -4.55
2.71833 0.64722 -4.55
2.70750 0.64724 -4.55
2.69667 0.64727 -4.55
2.68583 0.64729 -4.55
2.67500 0.64732 -4.55
2.66417 0.64735 -4.55
2.65333 0.64737 -4.55
2.64250 0.64740 -4.55
2.63167 0.64743 -4.55
2.62083 0.64746 -4.55
2.61000 0.64749 -4.55
2.59917 0.64752 -4.55
2.58833 0.64755 -4.55
2.57750 0.64759 -4.55
2.56667 0.64762 -4.55
2.55583 0.64765 -4.55
2.54500 0.64769 -4.55
2.53417 0.64773 -4.55
2.52333 0.64776 -4.55
2.51250 0.64780 -4.55
2.50167 0.64784 -4.55
2.49083 0.64788 -4.55
2.48000 0.64792 -4.55
2.46917 0.64797 -4.55
2.45833 0.64801 -4.55
2.44750 0.64806 -4.55
2.43667 0.64810 -4.55
2.42583 0.64815 -4.55
2.41500 0.64820 -4.55
2.40417 0.64825 -4.55
2.39333 0.64830 -4.55
2.38250 0.64836 -4.55
2.37167 0.64841 -4.55
2.36083 0.64847 -4.55
2.35000 0.64853 -4.55
2.33917 0.64859 -4.55
2.32833 0.64865 -4.55
2.31750 0.64871 -4.55
2.30667 0.64878 -4.55
2.29583 0.64884 -4.55
2.28500 0.64891 -4.55
2.27417 0.64898 -4.55
2.26333 0.64906 -4.55
2.25250 0.64913 -4.55
2.24755 0.64917 -4.55
2.24167 0.64921 -4.55
2.23083 0.64931 -4.55
2.22000 0.64940 -4.55
2.20917 0.64950 -4.55
2.19833 0.64960 -4.55
2.18750 0.64971 -4.55
2.17667 0.64981 -4.55
2.16583 0.64992 -4.55
2.15500 0.65004 -4.55
2.14417 0.65015 -4.55
2.13333 0.65027 -4.55
2.12250 0.65040 -4.55
2.11167 0.65053 -4.55
2.10083 0.65066 -4.55
2.09000 0.65079 -4.55
2.07917 0.65093 -4.55
2.06833 0.65108 -4.55
2.05750 0.65123 -4.55
2.04667 0.65138 -4.55
2.03583 0.65153 -4.55
2.02500 0.65170 -4.55
2.01417 0.65187 -4.55
2.00333 0.65204 -4.55
1.99250 0.65222 -4.55
1.98167 0.65240 -4.55
1.97083 0.65259 -4.55
1.96000 0.65279 -4.55
1.94917 0.65299 -4.55
1.93833 0.65320 -4.55
1.92750 0.65341 -4.55
1.91667 0.65363 -4.55
1.90583 0.65386 -4.55
1.89500 0.65410 -4.55
1.88417 0.65434 -4.55
1.87333 0.65459 -4.55
1.86250 0.65485 -4.55
1.85167 0.65512 -4.55
1.84083 0.65539 -4.55
1.83000 0.65568 -4.55
1.81917 0.65597 -4.55
1.80833 0.65627 -4.55
1.79750 0.65659 -4.55
1.78667 0.65691 -4.55
1.77583 0.65724 -4.55
1.76500 0.65758 -4.55
1.75417 0.65794 -4.55
1.74333 0.65831 -4.55
1.73250 0.65868 -4.55
1.72167 0.65907 -4.55
1.71083 0.65948 -4.55
1.70000 0.65989 -4.55
1.69723 0.66000 -4.55
1.68917 0.66037 -4.55
1.67833 0.66089 -4.55
1.66750 0.66143 -4.55
1.65667 0.66198 -4.55
1.64583 0.66255 -4.55
1.63500 0.66313 -4.55
1.62417 0.66373 -4.55
1.61333 0.66436 -4.55
1.60250 0.66500 -4.55
1.59167 0.66566 -4.55
1.58083 0.66634 -4.55
1.57000 0.66705 -4.55
1.55917 0.66777 -4.55
1.54833 0.66852 -4.55
1.53750 0.66929 -4.55
1.52667 0.67008 -4.55
1.51661 0.67083 -4.55
1.51583 0.67090 -4.55
1.50500 0.67190 -4.55
1.49417 0.67292 -4.55
1.48333 0.67397 -4.55
1.47250 0.67505 -4.55
1.46167 0.67615 -4.55
1.45083 0.67729 -4.55
1.44000 0.67846 -4.55
1.42917 0.67966 -4.55
1.41833 0.68089 -4.55
1.41171 0.68167 -4.55
1.40750 0.68225 -4.55
1.39667 0.68380 -4.55
1.38583 0.68539 -4.55
1.37500 0.68700 -4.55
1.36417 0.68866 -4.55
1.35333 0.69035 -4.55
1.34250 0.69207 -4.55
1.33988 0.69250 -4.55
1.33167 0.69411 -4.55
1.32083 0.69628 -4.55
1.31000 0.69848 -4.55
1.29917 0.70072 -4.55
1.28833 0.70298 -4.55
1.28668 0.70333 -4.55
1.27750 0.70572 -4.55
1.26667 0.70857 -4.55
1.25583 0.71143 -4.55
1.24551 0.71417 -4.55
1.24500 0.71434 -4.55
1.23417 0.71795 -4.55
1.22333 0.72155 -4.55
1.21287 0.72500 -4.55
1.21250 0.72515 -4.55
1.20167 0.72970 -4.55
1.19083 0.73415 -4.55
1.18672 0.73583 -4.55
1.18000 0.73938 -4.55
1.16917 0.74494 -4.55
1.16574 0.74667 -4.55
1.15833 0.75166 -4.55
1.14923 0.75750 -4.55
1.14750 0.75909 -4.55
1.13684 0.76833 -4.55
1.13667 0.76859 -4.55
1.12871 0.77917 -4.55
1.12583 0.78825 -4.55
1.12523 0.79000 -4.55
1.12583 0.79279 -4.55
1.12796 0.80083 -4.55
1.13667 0.80897 -4.55
1.14032 0.81167 -4.55
1.14750 0.81478 -4.55
1.15833 0.81866 -4.55
1.16917 0.82183 -4.55
1.17180 0.82250 -4.55
1.18000 0.82408 -4.55
1.19083 0.82591 -4.55
1.20167 0.82752 -4.55
1.21250 0.82894 -4.55
1.22333 0.83020 -4.55
1.23417 0.83134 -4.55
1.24500 0.83238 -4.55
1.25583 0.83333 -4.55
1.25592 0.83333 -4.55
1.26667 0.83410 -4.55
1.27750 0.83481 -4.55
1.28833 0.83548 -4.55
1.29917 0.83611 -4.55
1.31000 0.83671 -4.55
1.32083 0.83727 -4.55
1.33167 0.83781 -4.55
1.34250 0.83833 -4.55
1.35333 0.83882 -4.55
1.36417 0.83930 -4.55
1.37500 0.83975 -4.55
1.38583 0.84020 -4.55
1.39667 0.84062 -4.55
1.40750 0.84103 -4.55
1.41833 0.84144 -4.55
1.42917 0.84183 -4.55
1.44000 0.84220 -4.55
1.45083 0.84257 -4.55
1.46167 0.84293 -4.55
1.47250 0.84328 -4.55
1.48333 0.84363 -4.55
1.49417 0.84396 -4.55
1.50097 0.84417 -4.55
1.50500 0.84428 -4.55
1.51583 0.84457 -4.55
1.52667 0.84486 -4.55
1.53750 0.84514 -4.55
1.54833 0.84542 -4.55
1.55917 0.84569 -4.55
1.57000 0.84596 -4.55
1.58083 0.84622 -4.55
1.59167 0.84647 -4.55
1.60250 0.84672 -4.55
1.61333 0.84697 -4.55
1.62417 0.84721 -4.55
1.63500 0.84745 -4.55
1.64583 0.84768 -4.55
1.65667 0.84790 -4.55
1.66750 0.84813 -4.55
1.67833 0.84834 -4.55
1.68917 0.84856 -4.55
1.70000 0.84877 -4.55
1.71083 0.84897 -4.55
1.72167 0.84918 -4.55
1.73250 0.84937 -4.55
1.74333 0.84957 -4.55
1.75417 0.84976 -4.55
1.76500 0.84994 -4.55
1.77583 0.85013 -4.55
1.78667 0.85031 -4.55
1.79750 0.85048 -4.55
1.80833 0.85066 -4.55
1.81917 0.85082 -4.55
1.83000 0.85099 -4.55
1.84083 0.85115 -4.55
1.85167 0.85131 -4.55
1.86250 0.85147 -4.55
1.87333 0.85162 -4.55
1.88417 0.85177 -4.55
1.89500 0.85192 -4.55
1.90583 0.85206 -4.55
1.91667 0.85220 -4.55
1.92750 0.85234 -4.55
1.93833 0.85247 -4.55
1.94917 0.85261 -4.55
1.96000 0.85274 -4.55
1.97083 0.85286 -4.55
1.98167 0.85299 -4.55
1.99250 0.85311 -4.55
2.00333 0.85323 -4.55
2.01417 0.85335 -4.55
2.02500 0.85346 -4.55
2.03583 0.85357 -4.55
2.04667 0.85368 -4.55
2.05750 0.85379 -4.55
2.06833 0.85389 -4.55
2.07917 0.85400 -4.55
2.09000 0.85410 -4.55
2.10083 0.85420 -4.55
2.11167 0.85430 -4.55
2.12250 0.85439 -4.55
2.13333 0.85448 -4.55
2.14417 0.85457 -4.55
2.15500 0.85466 -4.55
2.16583 0.85475 -4.55
2.17667 0.85484 -4.55
2.18750 0.85492 -4.55
2.19817 0.85500 -4.55
2.19833 0.85500 -4.55
2.20917 0.85508 -4.55
2.22000 0.85515 -4.55
2.23083 0.85522 -4.55
2.24167 0.85529 -4.55
2.25250 0.85536 -4.55
2.26333 0.85543 -4.55
2.27417 0.85550 -4.55
2.28500 0.85556 -4.55
2.29583 0.85562 -4.55
2.30667 0.85569 -4.55
2.31750 0.85575 -4.55
2.32833 0.85581 -4.55
2.33917 0.85586 -4.55
2.35000 0.85592 -4.55
2.36083 0.85598 -4.55
2.37167 0.85603 -4.55
2.38250 0.85608 -4.55
2.39333 0.85614 -4.55
2.40417 0.85619 -4.55
2.41500 0.85624 -4.55
2.42583 0.85629 -4.55
2.43667 0.85634 -4.55
2.44750 0.85638 -4.55
2.45833 0.85643 -4.55
2.46917 0.85647 -4.55
2.48000 0.85652 -4.55
2.49083 0.85656 -4.55
2.50167 0.85660 -4.55
2.51250 0.85665 -4.55
2.52333 0.85669 -4.55
2.53417 0.85673 -4.55
2.54500 0.85676 -4.55
2.55583 0.85680 -4.55
2.56667 0.85684 -4.55
2.57750 0.85688 -4.55
2.58833 0.85691 -4.55
2.59917 0.85695 -4.55
2.61000 0.85698 -4.55
2.62083 0.85702 -4.55
2.63167 0.85705 -4.55
2.64250 0.85708 -4.55
2.65333 0.85711 -4.55
2.66417 0.85714 -4.55
2.67500 0.85717 -4.55
2.68583 0.85720 -4.55
2.69667 0.85723 -4.55
2.70750 0.85726 -4.55
2.71833 0.85729 -4.55
2.72917 0.85731 -4.55
2.74000 0.85734 -4.55
2.75083 0.85737 -4.55
2.76167 0.85739 -4.55
2.77250 0.85742 -4.55
2.78333 0.85744 -4.55
2.79417 0.85747 -4.55
2.80500 0.85749 -4.55
2.81583 0.85751 -4.55
2.82667 0.85753 -4.55
2.83750 0.85755 -4.55
2.84833 0.85758 -4.55
2.85917 0.85760 -4.55
2.87000 0.85762 -4.55
2.88083 0.85764 -4.55
2.89167 0.85766 -4.55
2.90250 0.85768 -4.55
2.91333 0.85770 -4.55
2.92417 0.85772 -4.55
2.93500 0.85773 -4.55
2.94583 0.85775 -4.55
2.95667 0.85777 -4.55
2.96750 0.85779 -4.55
2.97833 0.85780 -4.55
2.98917 0.85782 -4.55
3.00000 0.85783 -4.55

3.00000 0.62708 -4.45
2.98917 0.62709 -4.45
2.97833 0.62710 -4.45
2.96750 0.62711 -4.45
2.95667 0.62712 -4.45
2.94583 0.62713 -4.45
2.93500 0.62714 -4.45
2.92417 0.62716 -4.45
2.91333 0.62717 -4.45
2.90250 0.62718 -4.45
2.89167 0.62719 -4.45
2.88083 0.62721 -4.45
2.87000 0.62722 -4.45
2.85917 0.62723 -4.45
2.84833 0.62725 -4.45
2.83750 0.62726 -4.45
2.82667 0.62727 -4.45
2.81583 0.62729 -4.45
2.80500 0.62730 -4.45
2.79417 0.62732 -4.45
2.78333 0.62733 -4.45
2.77250 0.62735 -4.45
2.76167 0.62737 -4.45
2.75083 0.62738 -4.45
2.74000 0.62740 -4.45
2.72917 0.62742 -4.45
2.71833 0.62744 -4.45
2.70750 0.62746 -4.45
2.69667 0.62748 -4.45
2.68583 0.62750 -4.45
2.68396 0.62750 -4.45
2.67500 0.62752 -4.45
2.66417 0.62754 -4.45
2.65333 0.62757 -4.45
2.64250 0.62759 -4.45
2.63167 0.62762 -4.45
2.62083 0.62765 -4.45
2.61000 0.62767 -4.45
2.59917 0.62770 -4.45
2.58833 0.62773 -4.45
2.57750 0.62776 -4.45
2.56667 0.62779 -4.45
2.55583 0.62782 -4.45
2.54500 0.62785 -4.45
2.53417 0.62788 -4.45
2.52333 0.62792 -4.45
2.51250 0.62795 -4.45
2.50167 0.62799 -4.45
2.49083 0.62802 -4.45
2.48000 0.62806 -4.45
2.46917 0.62810 -4.45
2.45833 0.62814 -4.45
2.44750 0.62818 -4.45
2.43667 0.62822 -4.45
2.42583 0.62826 -4.45
2.41500 0.62831 -4.45
2.40417 0.62835 -4.45
2.39333 0.62840 -4.45
2.38250 0.62845 -4.45
2.37167 0.62850 -4.45
2.36083 0.62855 -4.45
2.35000 0.62860 -4.45
2.33917 0.62866 -4.45
2.32833 0.62871 -4.45
2.31750 0.62877 -4.45
2.30667 0.62883 -4.45
2.29583 0.62889 -4.45
2.28500 0.62895 -4.45
2.27417 0.62901 -4.45
2.26333 0.62908 -4.45
2.25250 0.62915 -4.45
2.24167 0.62922 -4.45
2.23083 0.62929 -4.45
2.22000 0.62936 -4.45
2.20917 0.62944 -4.45
2.19833 0.62952 -4.45
2.18750 0.62960 -4.45
2.17667 0.62969 -4.45
2.16583 0.62977 -4.45
2.15500 0.62986 -4.45
2.14417 0.62995 -4.45
2.13333 0.63005 -4.45
2.12250 0.63014 -4.45
2.11167 0.63024 -4.45
2.10083 0.63035 -4.45
2.09000 0.63045 -4.45
2.07917 0.63056 -4.45
2.06833 0.63068 -4.45
2.05750 0.63079 -4.45
2.04667 0.63091 -4.45
2.03583 0.63104 -4.45
2.02500 0.63117 -4.45
2.01417 0.63130 -4.45
2.00333 0.63143 -4.45
1.99250 0.63157 -4.45
1.98167 0.63172 -4.45
1.97083 0.63187 -4.45
1.96000 0.63202 -4.45
1.94917 0.63218 -4.45
1.93833 0.63235 -4.45
1.92750 0.63252 -4.45
1.91667 0.63270 -4.45
1.90583 0.63288 -4.45
1.89500 0.63306 -4.45
1.88417 0.63326 -4.45
1.87333 0.63346 -4.45
1.86250 0.63366 -4.45
1.85167 0.63388 -4.45
1.84083 0.63410 -4.45
1.83000 0.63432 -4.45
1.81917 0.63456 -4.45
1.80833 0.63480 -4.45
1.79750 0.63505 -4.45
1.78667 0.63531 -4.45
1.77583 0.63558 -4.45
1.76500 0.63585 -4.45
1.75417 0.63614 -4.45
1.74333 0.63643 -4.45
1.73250 0.63674 -4.45
1.72167 0.63705 -4.45
1.71083 0.63738 -4.45
1.70000 0.63771 -4.45
1.68917 0.63806 -4.45
1.68083 0.63833 -4.45
1.67833 0.63843 -4.45
1.66750 0.63885 -4.45
1.65667 0.63929 -4.45
1.64583 0.63974 -4.45
1.63500 0.64020 -4.45
1.62417 0.64068 -4.45
1.61333 0.64118 -4.45
1.60250 0.64170 -4.45
1.59167 0.64223 -4.45
1.58083 0.64277 -4.45
1.57000 0.64334 -4.45
1.55917 0.64392 -4.45
1.54833 0.64452 -4.45
1.53750 0.64514 -4.45
1.52667 0.64579 -4.45
1.51583 0.64645 -4.45
1.50500 0.64713 -4.45
1.49417 0.64784 -4.45
1.48333 0.64857 -4.45
1.47468 0.64917 -4.45
1.47250 0.64934 -4.45
1.46167 0.65023 -4.45
1.45083 0.65114 -4.45
1.44000 0.65209 -4.45
1.42917 0.65306 -4.45
1.41833 0.65406 -4.45
1.40750 0.65509 -4.45
1.39667 0.65616 -4.45
1.38583 0.65725 -4.45
1.37500 0.65837 -4.45
1.36417 0.65953 -4.45
1.35989 0.66000 -4.45
1.35333 0.66083 -4.45
1.34250 0.66224 -4.45
1.33167 0.66368 -4.45
1.32083 0.66517 -4.45
1.31000 0.66669 -4.45
1.29917 0.66825 -4.45
1.28833 0.66985 -4.45
1.28183 0.67083 -4.45
1.27750 0.67159 -4.45
1.26667 0.67353 -4.45
1.25583 0.67551 -4.45
1.24500 0.67754 -4.45
1.23417 0.67960 -4.45
1.22353 0.68167 -4.45
1.22333 0.68171 -4.45
1.21250 0.68421 -4.45
1.20167 0.68674 -4.45
1.19083 0.68931 -4.45
1.18000 0.69192 -4.45
1.17764 0.69250 -4.45
1.16917 0.69491 -4.45
1.15833 0.69803 -4.45
1.14750 0.70117 -4.45
1.14010 0.70333 -4.45
1.13667 0.70450 -4.45
1.12583 0.70823 -4.45
1.11500 0.71196 -4.45
1.10862 0.71417 -4.45
1.10417 0.71595 -4.45
1.09333 0.72033 -4.45
1.08250 0.72465 -4.45
1.08163 0.72500 -4.45
1.07167 0.72967 -4.45
1.06083 0.73464 -4.45
1.05825 0.73583 -4.45
1.05000 0.74023 -4.45
1.03917 0.74586 -4.45
1.03761 0.74667 -4.45
1.02833 0.75223 -4.45
1.01924 0.75750 -4.45
1.01750 0.75867 -4.45
1.00667 0.76581 -4.45
1.00274 0.76833 -4.45
0.99583 0.77341 -4.45
0.98770 0.77917 -4.45
0.98500 0.78135 -4.45
0.97417 0.78976 -4.45
0.97385 0.79000 -4.45
0.96333 0.79899 -4.45
0.96109 0.80083 -4.45
0.95250 0.80869 -4.45
0.94911 0.81167 -4.45
0.94167 0.81885 -4.45
0.93772 0.82250 -4.45
0.93083 0.82941 -4.45
0.92677 0.83333 -4.45
0.92000 0.84029 -4.45
0.91609 0.84417 -4.45
0.90917 0.85135 -4.45
0.90553 0.85500 -4.45
0.89833 0.86244 -4.45
0.89497 0.86583 -4.45
0.88750 0.87344 -4.45
0.88429 0.87667 -4.45
0.87667 0.88429 -4.45
0.87344 0.88750 -4.45
0.86583 0.89497 -4.45
0.86244 0.89833 -4.45
0.85500 0.90553 -4.45
0.85135 0.90917 -4.45
0.84417 0.91609 -4.45
0.84029 0.92000 -4.45
0.83333 0.92677 -4.45
0.82941 0.93083 -4.45
0.82250 0.93772 -4.45
0.81885 0.94167 -4.45
0.81167 0.94911 -4.45
0.80869 0.95250 -4.45
0.80083 0.96109 -4.45
0.79899 0.96333 -4.45
0.79000 0.97385 -4.45
0.78976 0.97417 -4.45
0.78135 0.98500 -4.45
0.77917 0.98770 -4.45
0.77341 0.99583 -4.45
0.76833 1.00274 -4.45
0.76581 1.00667 -4.45
0.75867 1.01750 -4.45
0.75750 1.01924 -4.45
0.75223 1.02833 -4.45
0.74667 1.03761 -4.45
0.74586 1.03917 -4.45
0.74023 1.05000 -4.45
0.73583 1.05825 -4.45
0.73464 1.06083 -4.45
0.72967 1.07167 -4.45
0.72500 1.08163 -4.45
0.72465 1.08250 -4.45
0.72033 1.09333 -4.45
0.71595 1.10417 -4.45
0.71417 1.10862 -4.45
0.71196 1.11500 -4.45
0.70823 1.12583 -4.45
0.70450 1.13667 -4.45
0.70333 1.14010 -4.45
0.70117 1.14750 -4.45
0.69803 1.15833 -4.45
0.69491 1.16917 -4.45
0.69250 1.17764 -4.45
0.69192 1.18000 -4.45
0.68931 1.19083 -4.45
0.68674 1.20167 -4.45
0.68421 1.21250 -4.45
0.68171 1.22333 -4.45
0.68167 1.22353 -4.45
0.67960 1.23417 -4.45
0.67754 1.24500 -4.45
0.67551 1.25583 -4.45
0.67353 1.26667 -4.45
0.67159 1.27750 -4.45
0.67083 1.28183 -4.45
0.66985 1.28833 -4.45
0.66825 1.29917 -4.45
0.66669 1.31000 -4.45
0.66517 1.32083 -4.45
0.66368 1.33167 -4.45
0.66224 1.34250 -4.45
0.66083 1.35333 -4.45
0.66000 1.35989 -4.45
0.65953 1.36417 -4.45
0.65837 1.37500 -4.45
0.65725 1.38583 -4.45
0.65616 1.39667 -4.45
0.65509 1.40750 -4.45
0.65406 1.41833 -4.45
0.65306 1.42917 -4.45
0.65209 1.44000 -4.45
0.65114 1.45083 -4.45
0.65023 1.46167 -4.45
0.64934 1.47250 -4.45
0.64917 1.47468 -4.45
0.64857 1.48333 -4.45
0.64784 1.49417 -4.45
0.64713 1.50500 -4.45
0.64645 1.51583 -4.45
0.64579 1.52667 -4.45
0.64514 1.53750 -4.45
0.64452 1.54833 -4.45
0.64392 1.55917 -4.45
0.64334 1.57000 -4.45
0.64277 1.58083 -4.45
0.64223 1.59167 -4.45
0.64170 1.60250 -4.45
0.64118 1.61333 -4.45
0.64068 1.62417 -4.45
0.64020 1.63500 -4.45
0.63974 1.64583 -4.45
0.63929 1.65667 -4.45
0.63885 1.66750 -4.45
0.63843 1.67833 -4.45
0.63833 1.68083 -4.45
0.63806 1.68917 -4.45
0.63771 1.70000 -4.45
0.63738 1.71083 -4.45
0.63705 1.72167 -4.45
0.63674 1.73250 -4.45
0.63643 1.74333 -4.45
0.63614 1.75417 -4.45
0.63585 1.76500 -4.45
0.63558 1.77583 -4.45
0.63531 1.78667 -4.45
0.63505 1.79750 -4.45
0.63480 1.80833 -4.45
0.63456 1.81917 -4.45
0.63432 1.83000 -4.45
0.63410 1.84083 -4.45
0.63388 1.85167 -4.45
0.63366 1.86250 -4.45
0.63346 1.87333 -4.45
0.63326 1.88417 -4.45
0.63306 1.89500 -4.45
0.63288 1.90583 -4.45
0.63270 1.91667 -4.45
0.63252 1.92750 -4.45
0.63235 1.93833 -4.45
0.63218 1.94917 -4.45
0.63202 1.96000 -4.45
0.63187 1.97083 -4.45
0.63172 1.98167 -4.45
0.63157 1.99250 -4.45
0.63143 2.00333 -4.45
0.63130 2.01417 -4.45
0.63117 2.02500 -4.45
0.63104 2.03583 -4.45
0.63091 2.04667 -4.45
0.63079 2.05750 -4.45
0.63068 2.06833 -4.45
0.63056 2.07917 -4.45
0.63045 2.09000 -4.45
0.63035 2.10083 -4.45
0.63024 2.11167 -4.45
0.63014 2.12250 -4.45
0.63005 2.13333 -4.45
0.62995 2.14417 -4.45
0.62986 2.15500 -4.45
0.62977 2.16583 -4.45
0.62969 2.17667 -4.45
0.62960 2.18750 -4.45
0.62952 2.19833 -4.45
0.62944 2.20917 -4.45
0.62936 2.22000 -4.45
0.62929 2.23083 -4.45
0.62922 2.24167 -4.45
0.62915 2.25250 -4.45
0.62908 2.26333 -4.45
0.62901 2.27417 -4.45
0.62895 2.28500 -4.45
0.62889 2.29583 -4.45
0.62883 2.30667 -4.45
0.62877 2.31750 -4.45
0.62871 2.32833 -4.45
0.62866 2.33917 -4.45
0.62860 2.35000 -4.45
0.62855 2.36083 -4.45
0.62850 2.37167 -4.45
0.62845 2.38250 -4.45
0.62840 2.39333 -4.45
0.62835 2.40417 -4.45
0.62831 2.41500 -4.45
0.62826 2.42583 -4.45
0.62822 2.43667 -4.45
0.62818 2.44750 -4.45
0.62814 2.45833 -4.45
0.62810 2.46917 -4.45
0.62806 2.48000 -4.45
0.62802 2.49083 -4.45
0.62799 2.50167 -4.45
0.62795 2.51250 -4.45
0.62792 2.52333 -4.45
0.62788 2.53417 -4.45
0.62785 2.54500 -4.45
0.62782 2.55583 -4.45
0.62779 2.56667 -4.45
0.62776 2.57750 -4.45
0.62773 2.58833 -4.45
0.62770 2.59917 -4.45
0.62767 2.61000 -4.45
0.62765 2.62083 -4.45
0.62762 2.63167 -4.45
0.62759 2.64250 -4.45
0.62757 2.65333 -4.45
0.62754 2.66417 -4.45
0.62752 2.67500 -4.45
0.62750 2.68396 -4.45
0.62750 2.68583 -4.45
0.62748 2.69667 -4.45
0.62746 2.70750 -4.45
0.62744 2.71833 -4.45
0.62742 2.72917 -4.45
0.62740 2.74000 -4.45
0.62738 2.75083 -4.45
0.62737 2.76167 -4.45
0.62735 2.77250 -4.45
0.62733 2.78333 -4.45
0.62732 2.79417 -4.45
0.62730 2.80500 -4.45
0.62729 2.81583 -4.45
0.62727 2.82667 -4.45
0.62726 2.83750 -4.45
0.62725 2.84833 -4.45
0.62723 2.85917 -4.45
0.62722 2.87000 -4.45
0.62721 2.88083 -4.45
0.62719 2.89167 -4.45
0.62718 2.90250 -4.45
0.62717 2.91333 -4.45
0.62716 2.92417 -4.45
0.62714 2.93500 -4.45
0.62713 2.94583 -4.45
0.62712 2.95667 -4.45
0.62711 2.96750 -4.45
0.62710 2.97833 -4.45
0.62709 2.98917 -4.45
0.62708 3.00000 -4.45

3.00000 0.88887 -4.45
2.98917 0.88886 -4.45
2.97833 0.88884 -4.45
2.96750 0.88883 -4.45
2.95667 0.88882 -4.45
2.94583 0.88880 -4.45
2.93500 0.88879 -4.45
2.92417 0.88877 -4.45
2.91333 0.88876 -4.45
2.90250 0.88874 -4.45
2.89167 0.88872 -4.45
2.88083 0.88871 -4.45
2.87000 0.88869 -4.45
2.85917 0.88867 -4.45
2.84833 0.88866 -4.45
2.83750 0.88864 -4.45
2.82667 0.88862 -4.45
2.81583 0.88860 -4.45
2.80500 0.88858 -4.45
2.79417 0.88857 -4.45
2.78333 0.88855 -4.45
2.77250 0.88853 -4.45
2.76167 0.88851 -4.45
2.75083 0.88848 -4.45
2.74000 0.88846 -4.45
2.72917 0.88844 -4.45
2.71833 0.88842 -4.45
2.70750 0.88840 -4.45
2.69667 0.88838 -4.45
2.68583 0.88835 -4.45
2.67500 0.88833 -4.45
2.66417 0.88830 -4.45
2.65333 0.88828 -4.45
2.64250 0.88825 -4.45
2.63167 0.88823 -4.45
2.62083 0.88820 -4.45
2.61000 0.88817 -4.45
2.59917 0.88815 -4.45
2.58833 0.88812 -4.45
2.57750 0.88809 -4.45
2.56667 0.88806 -4.45
2.55583 0.88803 -4.45
2.54500 0.88800 -4.45
2.53417 0.88797 -4.45
2.52333 0.88794 -4.45
2.51250 0.88791 -4.45
2.50167 0.88787 -4.45
2.49083 0.88784 -4.45
2.48000 0.88781 -4.45
2.46917 0.88777 -4.45
2.45833 0.88774 -4.45
2.44750 0.88770 -4.45
2.43667 0.88766 -4.45
2.42583 0.88762 -4.45
2.41500 0.88759 -4.45
2.40417 0.88755 -4.45
2.39333 0.88751 -4.45
2.39127 0.88750 -4.45
2.38250 0.88747 -4.45
2.37167 0.88742 -4.45
2.36083 0.88738 -4.45
2.35000 0.88733 -4.45
2.33917 0.88729 -4.45
2.32833 0.88724 -4.45
2.31750 0.88719 -4.45
2.30667 0.88715 -4.45
2.29583 0.88710 -4.45
2.28500 0.88705 -4.45
2.27417 0.88700 -4.45
2.26333 0.88694 -4.45
2.25250 0.88689 -4.45
2.24167 0.88684 -4.45
2.23083 0.88678 -4.45
2.22000 0.88673 -4.45
2.20917 0.88667 -4.45
2.19833 0.88661 -4.45
2.18750 0.88655 -4.45
2.17667 0.88649 -4.45
2.16583 0.88643 -4.45
2.15500 0.88637 -4.45
2.14417 0.88631 -4.45
2.13333 0.88624 -4.45
2.12250 0.88618 -4.45
2.11167 0.88611 -4.45
2.10083 0.88605 -4.45
2.09000 0.88598 -4.45
2.07917 0.88591 -4.45
2.06833 0.88584 -4.45
2.05750 0.88577 -4.45
2.04667 0.88570 -4.45
2.03583 0.88562 -4.45
2.02500 0.88555 -4.45
2.01417 0.88547 -4.45
2.00333 0.88539 -4.45
1.99250 0.88532 -4.45
1.98167 0.88524 -4.45
1.97083 0.88516 -4.45
1.96000 0.88508 -4.45
1.94917 0.88499 -4.45
1.93833 0.88491 -4.45
1.92750 0.88483 -4.45
1.91667 0.88474 -4.45
1.90583 0.88466 -4.45
1.89500 0.88457 -4.45
1.88417 0.88448 -4.45
1.87333 0.88440 -4.45
1.86250 0.88431 -4.45
1.85167 0.88422 -4.45
1.84083 0.88413 -4.45
1.83000 0.88404 -4.45
1.81917 0.88394 -4.45
1.80833 0.88385 -4.45
1.79750 0.88376 -4.45
1.78667 0.88367 -4.45
1.77583 0.88357 -4.45
1.76500 0.88348 -4.45
1.75417 0.88339 -4.45
1.74333 0.88329 -4.45
1.73250 0.88320 -4.45
1.72167 0.88311 -4.45
1.71083 0.88302 -4.45
1.70000 0.88292 -4.45
1.68917 0.88284 -4.45
1.67833 0.88275 -4.45
1.66750 0.88266 -4.45
1.65667 0.88257 -4.45
1.64583 0.88248 -4.45
1.63500 0.88240 -4.45
1.62417 0.88232 -4.45
1.61333 0.88224 -4.45
1.60250 0.88216 -4.45
1.59167 0.88209 -4.45
1.58083 0.88202 -4.45
1.57000 0.88195 -4.45
1.55917 0.88189 -4.45
1.54833 0.88184 -4.45
1.53750 0.88178 -4.45
1.52667 0.88174 -4.45
1.51583 0.88169 -4.45
1.50500 0.88166 -4.45
1.49417 0.88163 -4.45
1.48333 0.88161 -4.45
1.47250 0.88160 -4.45
1.46167 0.88160 -4.45
1.45083 0.88161 -4.45
1.44000 0.88163 -4.45
1.42917 0.88167 -4.45
1.41833 0.88171 -4.45
1.40750 0.88177 -4.45
1.39667 0.88185 -4.45
1.38583 0.88194 -4.45
1.37500 0.88205 -4.45
1.36417 0.88218 -4.45
1.35333 0.88233 -4.45
1.34250 0.88250 -4.45
1.33167 0.88270 -4.45
1.32083 0.88293 -4.45
1.31000 0.88319 -4.45
1.29917 0.88348 -4.45
1.28833 0.88380 -4.45
1.27750 0.88416 -4.45
1.26667 0.88457 -4.45
1.25583 0.88502 -4.45
1.24500 0.88552 -4.45
1.23417 0.88607 -4.45
1.22333 0.88668 -4.45
1.21250 0.88736 -4.45
1.21042 0.88750 -4.45
1.20167 0.88807 -4.45
1.19083 0.88885 -4.45
1.18000 0.88972 -4.45
1.16917 0.89067 -4.45
1.15833 0.89172 -4.45
1.14750 0.89288 -4.45
1.13667 0.89416 -4.45
1.12583 0.89559 -4.45
1.11500 0.89717 -4.45
1.10775 0.89833 -4.45
1.10417 0.89890 -4.45
1.09333 0.90075 -4.45
1.08250 0.90282 -4.45
1.07167 0.90514 -4.45
1.06083 0.90777 -4.45
1.05557 0.90917 -4.45
1.05000 0.91066 -4.45
1.03917 0.91385 -4.45
1.02833 0.91752 -4.45
1.02182 0.92000 -4.45
1.01750 0.92169 -4.45
1.00667 0.92638 -4.45
0.99787 0.93083 -4.45
0.99583 0.93191 -4.45
0.98500 0.93825 -4.45
0.97991 0.94167 -4.45
0.97417 0.94580 -4.45
0.96600 0.95250 -4.45
0.96333 0.95490 -4.45
0.95490 0.96333 -4.45
0.95250 0.96600 -4.45
0.94580 0.97417 -4.45
0.94167 0.97991 -4.45
0.93825 0.98500 -4.45
0.93191 0.99583 -4.45
0.93083 0.99787 -4.45
0.92638 1.00667 -4.45
0.92169 1.01750 -4.45
0.92000 1.02182 -4.45
0.91752 1.02833 -4.45
0.91385 1.03917 -4.45
0.91066 1.05000 -4.45
0.90917 1.05557 -4.45
0.90777 1.06083 -4.45
0.90514 1.07167 -4.45
0.90282 1.08250 -4.45
0.90075 1.09333 -4.45
0.89890 1.10417 -4.45
0.89833 1.10775 -4.45
0.89717 1.11500 -4.45
0.89559 1.12583 -4.45
0.89416 1.13667 -4.45
0.89288 1.14750 -4.45
0.89172 1.15833 -4.45
0.89067 1.16917 -4.45
0.88972 1.18000 -4.45
0.88885 1.19083 -4.45
0.88807 1.20167 -4.45
0.88750 1.21042 -4.45
0.88736 1.21250 -4.45
0.88668 1.22333 -4.45
0.88607 1.23417 -4.45
0.88552 1.24500 -4.45
0.88502 1.25583 -4.45
0.88457 1.26667 -4.45
0.88416 1.27750 -4.45
0.88380 1.28833 -4.45
0.88348 1.29917 -4.45
0.88319 1.31000 -4.45
0.88293 1.32083 -4.45
0.88270 1.33167 -4.45
0.88250 1.34250 -4.45
0.88233 1.35333 -4.45
0.88218 1.36417 -4.45
0.88205 1.37500 -4.45
0.88194 1.38583 -4.45
0.88185 1.39667 -4.45
0.88177 1.40750 -4.45
0.88171 1.41833 -4.45
0.88167 1.42917 -4.45
0.88163 1.44000 -4.45
0.88161 1.45083 -4.45
0.88160 1.46167 -4.45
0.88160 1.47250 -4.45
0.88161 1.48333 -4.45
0.88163 1.49417 -4.45
0.88166 1.50500 -4.45
0.88169 1.51583 -4.45
0.88174 1.52667 -4.45
0.88178 1.53750 -4.45
0.88184 1.54833 -4.45
0.88189 1.55917 -4.45
0.88195 1.57000 -4.45
0.88202 1.58083 -4.45
0.88209 1.59167 -4.45
0.88216 1.60250 -4.45
0.88224 1.61333 -4.45
0.88232 1.62417 -4.45
0.88240 1.63500 -4.45
0.88248 1.64583 -4.45
0.88257 1.65667 -4.45
0.88266 1.66750 -4.45
0.88275 1.67833 -4.45
0.88284 1.68917 -4.45
0.88292 1.70000 -4.45
0.88302 1.71083 -4.45
0.88311 1.72167 -4.45
0.88320 1.73250 -4.45
0.88329 1.74333 -4.45
0.88339 1.75417 -4.45
0.88348 1.76500 -4.45
0.88357 1.77583 -4.45
0.88367 1.78667 -4.45
0.88376 1.79750 -4.45
0.88385 1.80833 -4.45
0.88394 1.81917 -4.45
0.88404 1.83000 -4.45
0.88413 1.84083 -4.45
0.88422 1.85167 -4.45
0.88431 1.86250 -4.45
0.88440 1.87333 -4.45
0.88448 1.88417 -4.45
0.88457 1.89500 -4.45
0.88466 1.90583 -4.45
0.88474 1.91667 -4.45
0.88483 1.92750 -4.45
0.88491 1.93833 -4.45
0.88499 1.94917 -4.45
0.88508 1.96000 -4.45
0.88516 1.97083 -4.45
0.88524 1.98167 -4.45
0.88532 1.99250 -4.45
0.88539 2.00333 -4.45
0.88547 2.01417 -4.45
0.88555 2.02500 -4.45
0.88562 2.03583 -4.45
0.88570 2.04667 -4.45
0.88577 2.05750 -4.45
0.88584 2.06833 -4.45
0.88591 2.07917 -4.45
0.88598 2.09000 -4.45
0.88605 2.10083 -4.45
0.88611 2.11167 -4.45
0.88618 2.12250 -4.45
0.88624 2.13333 -4.45
0.88631 2.14417 -4.45
0.88637 2.15500 -4.45
0.88643 2.16583 -4.45
0.88649 2.17667 -4.45
0.88655 2.18750 -4.45
0.88661 2.19833 -4.45
0.88667 2.20917 -4.45
0.88673 2.22000 -4.45
0.88678 2.23083 -4.45
0.88684 2.24167 -4.45
0.88689 2.25250 -4.45
0.88694 2.26333 -4.45
0.88700 2.27417 -4.45
0.88705 2.28500 -4.45
0.88710 2.29583 -4.45
0.88715 2.30667 -4.45
0.88719 2.31750 -4.45
0.88724 2.32833 -4.45
0.88729 2.33917 -4.45
0.88733 2.35000 -4.45
0.88738 2.36083 -4.45
0.88742 2.37167 -4.45
0.88747 2.38250 -4.45
0.88750 2.39127 -4.45
0.88751 2.39333 -4.45
0.88755 2.40417 -4.45
0.88759 2.41500 -4.45
0.88762 2.42583 -4.45
0.88766 2.43667 -4.45
0.88770 2.44750 -4.45
0.88774 2.45833 -4.45
0.88777 2.46917 -4.45
0.88781 2.48000 -4.45
0.88784 2.49083 -4.45
0.88787 2.50167 -4.45
0.88791 2.51250 -4.45
0.88794 2.52333 -4.45
0.88797 2.53417 -4.45
0.88800 2.54500 -4.45
0.88803 2.55583 -4.45
0.88806 2.56667 -4.45
0.88809 2.57750 -4.45
0.88812 2.58833 -4.45
0.88815 2.59917 -4.45
0.88817 2.61000 -4.45
0.88820 2.62083 -4.45
0.88823 2.63167 -4.45
0.88825 2.64250 -4.45
0.88828 2.65333 -4.45
0.88830 2.66417 -4.45
0.88833 2.67500 -4.45
0.88835 2.68583 -4.45
0.88838 2.69667 -4.45
0.88840 2.70750 -4.45
0.88842 2.71833 -4.45
0.88844 2.72917 -4.45
0.88846 2.74000 -4.45
0.88848 2.75083 -4.45
0.88851 2.76167 -4.45
0.88853 2.77250 -4.45
0.88855 2.78333 -4.45
0.88857 2.79417 -4.45
0.88858 2.80500 -4.45
0.88860 2.81583 -4.45
0.88862 2.82667 -4.45
0.88864 2.83750 -4.45
0.88866 2.84833 -4.45
0.88867 2.85917 -4.45
0.88869 2.87000 -4.45
0.88871 2.88083 -4.45
0.88872 2.89167 -4.45
0.88874 2.90250 -4.45
0.88876 2.91333 -4.45
0.88877 2.92417 -4.45
0.88879 2.93500 -4.45
0.88880 2.94583 -4.45
0.88882 2.95667 -4.45
0.88883 2.96750 -4.45
0.88884 2.97833 -4.45
0.88886 2.98917 -4.45
0.88887 3.00000 -4.45

3.00000 0.59156 -4.20
2.98917 0.59157 -4.20
2.97833 0.59157 -4.20
2.96750 0.59158 -4.20
2.95667 0.59159 -4.20
2.94583 0.59160 -4.20
2.93500 0.59161 -4.20
2.92417 0.59161 -4.20
2.91333 0.59162 -4.20
2.90250 0.59163 -4.20
2.89167 0.59164 -4.20
2.88083 0.59165 -4.20
2.87000 0.59166 -4.20
2.85917 0.59167 -4.20
2.84833 0.59168 -4.20
2.83750 0.59169 -4.20
2.82667 0.59170 -4.20
2.81583 0.59171 -4.20
2.80500 0.59172 -4.20
2.79417 0.59173 -4.20
2.78333 0.59174 -4.20
2.77250 0.59176 -4.20
2.76167 0.59177 -4.20
2.75083 0.59178 -4.20
2.74000 0.59179 -4.20
2.72917 0.59181 -4.20
2.71833 0.59182 -4.20
2.70750 0.59184 -4.20
2.69667 0.59185 -4.20
2.68583 0.59187 -4.20
2.67500 0.59188 -4.20
2.66417 0.59190 -4.20
2.65333 0.59191 -4.20
2.64250 0.59193 -4.20
2.63167 0.59195 -4.20
2.62083 0.59196 -4.20
2.61000 0.59198 -4.20
2.59917 0.59200 -4.20
2.58833 0.59202 -4.20
2.57750 0.59204 -4.20
2.56667 0.59206 -4.20
2.55583 0.59208 -4.20
2.54500 0.59210 -4.20
2.53417 0.59212 -4.20
2.52333 0.59214 -4.20
2.51250 0.59217 -4.20
2.50167 0.59219 -4.20
2.49083 0.59221 -4.20
2.48000 0.59224 -4.20
2.46917 0.59226 -4.20
2.45833 0.59229 -4.20
2.44750 0.59232 -4.20
2.43667 0.59234 -4.20
2.42583 0.59237 -4.20
2.41500 0.59240 -4.20
2.40417 0.59243 -4.20
2.39333 0.59246 -4.20
2.38250 0.59249 -4.20
2.37167 0.59253 -4.20
2.36083 0.59256 -4.20
2.35000 0.59260 -4.20
2.33917 0.59263 -4.20
2.32833 0.59267 -4.20
2.31750 0.59271 -4.20
2.30667 0.59275 -4.20
2.29583 0.59279 -4.20
2.28500 0.59283 -4.20
2.27417 0.59287 -4.20
2.26333 0.59292 -4.20
2.25250 0.59296 -4.20
2.24167 0.59301 -4.20
2.23083 0.59306 -4.20
2.22000 0.59311 -4.20
2.20917 0.59316 -4.20
2.19833 0.59321 -4.20
2.18750 0.59327 -4.20
2.17667 0.59332 -4.20
2.16583 0.59338 -4.20
2.15500 0.59344 -4.20
2.14417 0.59350 -4.20
2.13333 0.59356 -4.20
2.12250 0.59363 -4.20
2.11167 0.59370 -4.20
2.10083 0.59377 -4.20
2.09000 0.59384 -4.20
2.07917 0.59391 -4.20
2.06833 0.59399 -4.20
2.05750 0.59407 -4.20
2.04667 0.59415 -4.20
2.03583 0.59424 -4.20
2.02500 0.59432 -4.20
2.01417 0.59441 -4.20
2.00333 0.59451 -4.20
1.99250 0.59460 -4.20
1.98167 0.59470 -4.20
1.97083 0.59480 -4.20
1.96000 0.59491 -4.20
1.95098 0.59500 -4.20
1.94917 0.59502 -4.20
1.93833 0.59515 -4.20
1.92750 0.59527 -4.20
1.91667 0.59541 -4.20
1.90583 0.59555 -4.20
1.89500 0.59569 -4.20
1.88417 0.59584 -4.20
1.87333 0.59599 -4.20
1.86250 0.59615 -4.20
1.85167 0.59631 -4.20
1.84083 0.59648 -4.20
1.83000 0.59666 -4.20
1.81917 0.59684 -4.20
1.80833 0.59702 -4.20
1.79750 0.59722 -4.20
1.78667 0.59742 -4.20
1.77583 0.59762 -4.20
1.76500 0.59784 -4.20
1.75417 0.59806 -4.20
1.74333 0.59828 -4.20
1.73250 0.59852 -4.20
1.72167 0.59876 -4.20
1.71083 0.59902 -4.20
1.70000 0.59928 -4.20
1.68917 0.59955 -4.20
1.67833 0.59983 -4.20
1.66750 0.60012 -4.20
1.65667 0.60042 -4.20
1.64583 0.60073 -4.20
1.63500 0.60105 -4.20
1.62417 0.60138 -4.20
1.61333 0.60173 -4.20
1.60250 0.60208 -4.20
1.59167 0.60245 -4.20
1.58083 0.60283 -4.20
1.57000 0.60322 -4.20
1.55917 0.60363 -4.20
1.54833 0.60405 -4.20
1.53750 0.60449 -4.20
1.52667 0.60494 -4.20
1.51583 0.60541 -4.20
1.50635 0.60583 -4.20
1.50500 0.60590 -4.20
1.49417 0.60646 -4.20
1.48333 0.60703 -4.20
1.47250 0.60763 -4.20
1.46167 0.60825 -4.20
1.45083 0.60888 -4.20
1.44000 0.60954 -4.20
1.42917 0.61023 -4.20
1.41833 0.61093 -4.20
1.40750 0.61166 -4.20
1.39667 0.61241 -4.20
1.38583 0.61319 -4.20
1.37500 0.61399 -4.20
1.36417 0.61482 -4.20
1.35333 0.61568 -4.20
1.34250 0.61657 -4.20
1.34137 0.61667 -4.20
1.33167 0.61758 -4.20
1.32083 0.61864 -4.20
1.31000 0.61972 -4.20
1.29917 0.62085 -4.20
1.28833 0.62201 -4.20
1.27750 0.62320 -4.20
1.26667 0.62443 -4.20
1.25583 0.62570 -4.20
1.24500 0.62701 -4.20
1.24106 0.62750 -4.20
1.23417 0.62846 -4.20
1.22333 0.63001 -4.20
1.21250 0.63160 -4.20
1.20167 0.63324 -4.20
1.19083 0.63492 -4.20
1.18000 0.63665 -4.20
1.16977 0.63833 -4.20
1.16917 0.63844 -4.20
1.15833 0.64048 -4.20
1.14750 0.64258 -4.20
1.13667 0.64472 -4.20
1.12583 0.64692 -4.20
1.11500 0.64916 -4.20
1.11499 0.64917 -4.20
1.10417 0.65174 -4.20
1.09333 0.65436 -4.20
1.08250 0.65704 -4.20
1.07167 0.65978 -4.20
1.07081 0.66000 -4.20
1.06083 0.66287 -4.20
1.05000 0.66604 -4.20
1.03917 0.66926 -4.20
1.03399 0.67083 -4.20
1.02833 0.67273 -4.20
1.01750 0.67644 -4.20
1.00667 0.68019 -4.20
1.00249 0.68167 -4.20
0.99583 0.68425 -4.20
0.98500 0.68853 -4.20
0.97503 0.69250 -4.20
0.97417 0.69288 -4.20
0.96333 0.69771 -4.20
0.95250 0.70256 -4.20
0.95081 0.70333 -4.20
0.94167 0.70789 -4.20
0.93083 0.71330 -4.20
0.92914 0.71417 -4.20
0.92000 0.71922 -4.20
0.90954 0.72500 -4.20
0.90917 0.72522 -4.20
0.89833 0.73182 -4.20
0.89177 0.73583 -4.20
0.88750 0.73863 -4.20
0.87667 0.74579 -4.20
0.87536 0.74667 -4.20
0.86583 0.75350 -4.20
0.86031 0.75750 -4.20
0.85500 0.76156 -4.20
0.84626 0.76833 -4.20
0.84417 0.77004 -4.20
0.83333 0.77901 -4.20
0.83315 0.77917 -4.20
0.82250 0.78861 -4.20
0.82097 0.79000 -4.20
0.81167 0.79877 -4.20
0.80954 0.80083 -4.20
0.80083 0.80954 -4.20
0.79877 0.81167 -4.20
0.79000 0.82097 -4.20
0.78861 0.82250 -4.20
0.77917 0.83315 -4.20
0.77901 0.83333 -4.20
0.77004 0.84417 -4.20
0.76833 0.84626 -4.20
0.76156 0.85500 -4.20
0.75750 0.86031 -4.20
0.75350 0.86583 -4.20
0.74667 0.87536 -4.20
0.74579 0.87667 -4.20
0.73863 0.88750 -4.20
0.73583 0.89177 -4.20
0.73182 0.89833 -4.20
0.72522 0.90917 -4.20
0.72500 0.90954 -4.20
0.71922 0.92000 -4.20
0.71417 0.92914 -4.20
0.71330 0.93083 -4.20
0.70789 0.94167 -4.20
0.70333 0.95081 -4.20
0.70256 0.95250 -4.20
0.69771 0.96333 -4.20
0.69288 0.97417 -4.20
0.69250 0.97503 -4.20
0.68853 0.98500 -4.20
0.68425 0.99583 -4.20
0.68167 1.00249 -4.20
0.68019 1.00667 -4.20
0.67644 1.01750 -4.20
0.67273 1.02833 -4.20
0.67083 1.03399 -4.20
0.66926 1.03917 -4.20
0.66604 1.05000 -4.20
0.66287 1.06083 -4.20
0.66000 1.07081 -4.20
0.65978 1.07167 -4.20
0.65704 1.08250 -4.20
0.65436 1.09333 -4.20
0.65174 1.10417 -4.20
0.64917 1.11499 -4.20
0.64916 1.11500 -4.20
0.64692 1.12583 -4.20
0.64472 1.13667 -4.20
0.64258 1.14750 -4.20
0.64048 1.15833 -4.20
0.63844 1.16917 -4.20
0.63833 1.16977 -4.20
0.63665 1.18000 -4.20
0.63492 1.19083 -4.20
0.63324 1.20167 -4.20
0.63160 1.21250 -4.20
0.63001 1.22333 -4.20
0.62846 1.23417 -4.20
0.62750 1.24106 -4.20
0.62701 1.24500 -4.20
0.62570 1.25583 -4.20
0.62443 1.26667 -4.20
0.62320 1.27750 -4.20
0.62201 1.28833 -4.20
0.62085 1.29917 -4.20
0.61972 1.31000 -4.20
0.61864 1.32083 -4.20
0.61758 1.33167 -4.20
0.61667 1.34137 -4.20
0.61657 1.34250 -4.20
0.61568 1.35333 -4.20
0.61482 1.36417 -4.20
0.61399 1.37500 -4.20
0.61319 1.38583 -4.20
0.61241 1.39667 -4.20
0.61166 1.40750 -4.20
0.61093 1.41833 -4.20
0.61023 1.42917 -4.20
0.60954 1.44000 -4.20
0.60888 1.45083 -4.20
0.60825 1.46167 -4.20
0.60763 1.47250 -4.20
0.60703 1.48333 -4.20
0.60646 1.49417 -4.20
0.60590 1.50500 -4.20
0.60583 1.50635 -4.20
0.60541 1.51583 -4.20
0.60494 1.52667 -4.20
0.60449 1.53750 -4.20
0.60405 1.54833 -4.20
0.60363 1.55917 -4.20
0.60322 1.57000 -4.20
0.60283 1.58083 -4.20
0.60245 1.59167 -4.20
0.60208 1.60250 -4.20
0.60173 1.61333 -4.20
0.60138 1.62417 -4.20
0.60105 1.63500 -4.20
0.60073 1.64583 -4.20
0.60042 1.65667 -4.20
0.60012 1.66750 -4.20
0.59983 1.67833 -4.20
0.59955 1.68917 -4.20
0.59928 1.70000 -4.20
0.59902 1.71083 -4.20
0.59876 1.72167 -4.20
0.59852 1.73250 -4.20
0.59828 1.74333 -4.20
0.59806 1.75417 -4.20
0.59784 1.76500 -4.20
0.59762 1.77583 -4.20
0.59742 1.78667 -4.20
0.59722 1.79750 -4.20
0.59702 1.80833 -4.20
0.59684 1.81917 -4.20
0.59666 1.83000 -4.20
0.59648 1.84083 -4.20
0.59631 1.85167 -4.20
0.59615 1.86250 -4.20
0.59599 1.87333 -4.20
0.59584 1.88417 -4.20
0.59569 1.89500 -4.20
0.59555 1.90583 -4.20
0.59541 1.91667 -4.20
0.59527 1.92750 -4.20
0.59515 1.93833 -4.20
0.59502 1.94917 -4.20
0.59500 1.95098 -4.20
0.59491 1.96000 -4.20
0.59480 1.97083 -4.20
0.59470 1.98167 -4.20
0.59460 1.99250 -4.20
0.59451 2.00333 -4.20
0.59441 2.01417 -4.20
0.59432 2.02500 -4.20
0.59424 2.03583 -4.20
0.59415 2.04667 -4.20
0.59407 2.05750 -4.20
0.59399 2.06833 -4.20
0.59391 2.07917 -4.20
0.59384 2.09000 -4.20
0.59377 2.10083 -4.20
0.59370 2.11167 -4.20
0.59363 2.12250 -4.20
0.59356 2.13333 -4.20
0.59350 2.14417 -4.20
0.59344 2.15500 -4.20
0.59338 2.16583 -4.20
0.59332 2.17667 -4.20
0.59327 2.18750 -4.20
0.59321 2.19833 -4.20
0.59316 2.20917 -4.20
0.59311 2.22000 -4.20
0.59306 2.23083 -4.20
0.59301 2.24167 -4.20
0.59296 2.25250 -4.20
0.59292 2.26333 -4.20
0.59287 2.27417 -4.20
0.59283 2.28500 -4.20
0.59279 2.29583 -4.20
0.59275 2.30667 -4.20
0.59271 2.31750 -4.20
0.59267 2.32833 -4.20
0.59263 2.33917 -4.20
0.59260 2.35000 -4.20
0.59256 2.36083 -4.20
0.59253 2.37167 -4.20
0.59249 2.38250 -4.20
0.59246 2.39333 -4.20
0.59243 2.40417 -4.20
0.59240 2.41500 -4.20
0.59237 2.42583 -4.20
0.59234 2.43667 -4.20
0.59232 2.44750 -4.20
0.59229 2.45833 -4.20
0.59226 2.46917 -4.20
0.59224 2.48000 -4.20
0.59221 2.49083 -4.20
0.59219 2.50167 -4.20
0.59217 2.51250 -4.20
0.59214 2.52333 -4.20
0.59212 2.53417 -4.20
0.59210 2.54500 -4.20
0.59208 2.55583 -4.20
0.59206 2.56667 -4.20
0.59204 2.57750 -4.20
0.59202 2.58833 -4.20
0.59200 2.59917 -4.20
0.59198 2.61000 -4.20
0.59196 2.62083 -4.20
0.59195 2.63167 -4.20
0.59193 2.64250 -4.20
0.59191 2.65333 -4.20
0.59190 2.66417 -4.20
0.59188 2.67500 -4.20
0.59187 2.68583 -4.20
0.59185 2.69667 -4.20
0.59184 2.70750 -4.20
0.59182 2.71833 -4.20
0.59181 2.72917 -4.20
0.59179 2.74000 -4.20
0.59178 2.75083 -4.20
0.59177 2.76167 -4.20
0.59176 2.77250 -4.20
0.59174 2.78333 -4.20
0.59173 2.79417 -4.20
0.59172 2.80500 -4.20
0.59171 2.81583 -4.20
0.59170 2.82667 -4.20
0.59169 2.83750 -4.20
0.59168 2.84833 -4.20
0.59167 2.85917 -4.20
0.59166 2.87000 -4.20
0.59165 2.88083 -4.20
0.59164 2.89167 -4.20
0.59163 2.90250 -4.20
0.59162 2.91333 -4.20
0.59161 2.92417 -4.20
0.59161 2.93500 -4.20
0.59160 2.94583 -4.20
0.59159 2.95667 -4.20
0.59158 2.96750 -4.20
0.59157 2.97833 -4.20
0.59157 2.98917 -4.20
0.59156 3.00000 -4.20

3.00000 0.95423 -4.20
2.98917 0.95422 -4.20
2.97833 0.95421 -4.20
2.96750 0.95420 -4.20
2.95667 0.95419 -4.20
2.94583 0.95418 -4.20
2.93500 0.95417 -4.20
2.92417 0.95416 -4.20
2.91333 0.95414 -4.20
2.90250 0.95413 -4.20
2.89167 0.95412 -4.20
2.88083 0.95411 -4.20
2.87000 0.95410 -4.20
2.85917 0.95408 -4.20
2.84833 0.95407 -4.20
2.83750 0.95406 -4.20
2.82667 0.95404 -4.20
2.81583 0.95403 -4.20
2.80500 0.95401 -4.20
2.79417 0.95400 -4.20
2.78333 0.95399 -4.20
2.77250 0.95397 -4.20
2.76167 0.95396 -4.20
2.75083 0.95394 -4.20
2.74000 0.95393 -4.20
2.72917 0.95391 -4.20
2.71833 0.95389 -4.20
2.70750 0.95388 -4.20
2.69667 0.95386 -4.20
2.68583 0.95384 -4.20
2.67500 0.95383 -4.20
2.66417 0.95381 -4.20
2.65333 0.95379 -4.20
2.64250 0.95377 -4.20
2.63167 0.95376 -4.20
2.62083 0.95374 -4.20
2.61000 0.95372 -4.20
2.59917 0.95370 -4.20
2.58833 0.95368 -4.20
2.57750 0.95366 -4.20
2.56667 0.95364 -4.20
2.55583 0.95362 -4.20
2.54500 0.95360 -4.20
2.53417 0.95358 -4.20
2.52333 0.95356 -4.20
2.51250 0.95353 -4.20
2.50167 0.95351 -4.20
2.49083 0.95349 -4.20
2.48000 0.95347 -4.20
2.46917 0.95344 -4.20
2.45833 0.95342 -4.20
2.44750 0.95340 -4.20
2.43667 0.95337 -4.20
2.42583 0.95335 -4.20
2.41500 0.95332 -4.20
2.40417 0.95330 -4.20
2.39333 0.95327 -4.20
2.38250 0.95325 -4.20
2.37167 0.95322 -4.20
2.36083 0.95320 -4.20
2.35000 0.95317 -4.20
2.33917 0.95314 -4.20
2.32833 0.95312 -4.20
2.31750 0.95309 -4.20
2.30667 0.95306 -4.20
2.29583 0.95304 -4.20
2.28500 0.95301 -4.20
2.27417 0.95298 -4.20
2.26333 0.95295 -4.20
2.25250 0.95293 -4.20
2.24167 0.95290 -4.20
2.23083 0.95287 -4.20
2.22000 0.95284 -4.20
2.20917 0.95281 -4.20
2.19833 0.95278 -4.20
2.18750 0.95276 -4.20
2.17667 0.95273 -4.20
2.16583 0.95270 -4.20
2.15500 0.95267 -4.20
2.14417 0.95264 -4.20
2.13333 0.95261 -4.20
2.12250 0.95259 -4.20
2.11167 0.95256 -4.20
2.10083 0.95253 -4.20
2.09000 0.95250 -4.20
2.08818 0.95250 -4.20
2.07917 0.95248 -4.20
2.06833 0.95245 -4.20
2.05750 0.95242 -4.20
2.04667 0.95240 -4.20
2.03583 0.95237 -4.20
2.02500 0.95235 -4.20
2.01417 0.95233 -4.20
2.00333 0.95230 -4.20
1.99250 0.95228 -4.20
1.98167 0.95226 -4.20
1.97083 0.95225 -4.20
1.96000 0.95223 -4.20
1.94917 0.95221 -4.20
1.93833 0.95220 -4.20
1.92750 0.95218 -4.20
1.91667 0.95217 -4.20
1.90583 0.95216 -4.20
1.89500 0.95216 -4.20
1.88417 0.95215 -4.20
1.87333 0.95215 -4.20
1.86250 0.95215 -4.20
1.85167 0.95215 -4.20
1.84083 0.95216 -4.20
1.83000 0.95217 -4.20
1.81917 0.95219 -4.20
1.80833 0.95220 -4.20
1.79750 0.95223 -4.20
1.78667 0.95225 -4.20
1.77583 0.95229 -4.20
1.76500 0.95232 -4.20
1.75417 0.95236 -4.20
1.74333 0.95241 -4.20
1.73250 0.95247 -4.20
1.72669 0.95250 -4.20
1.72167 0.95253 -4.20
1.71083 0.95259 -4.20
1.70000 0.95267 -4.20
1.68917 0.95275 -4.20
1.67833 0.95285 -4.20
1.66750 0.95295 -4.20
1.65667 0.95306 -4.20
1.64583 0.95318 -4.20
1.63500 0.95332 -4.20
1.62417 0.95346 -4.20
1.61333 0.95362 -4.20
1.60250 0.95379 -4.20
1.59167 0.95398 -4.20
1.58083 0.95418 -4.20
1.57000 0.95441 -4.20
1.55917 0.95465 -4.20
1.54833 0.95491 -4.20
1.53750 0.95518 -4.20
1.52667 0.95549 -4.20
1.51583 0.95581 -4.20
1.50500 0.95617 -4.20
1.49417 0.95655 -4.20
1.48333 0.95696 -4.20
1.47250 0.95740 -4.20
1.46167 0.95787 -4.20
1.45083 0.95838 -4.20
1.44000 0.95893 -4.20
1.42917 0.95953 -4.20
1.41833 0.96017 -4.20
1.40750 0.96085 -4.20
1.39667 0.96159 -4.20
1.38583 0.96239 -4.20
1.37500 0.96324 -4.20
1.37393 0.96333 -4.20
1.36417 0.96415 -4.20
1.35333 0.96513 -4.20
1.34250 0.96618 -4.20
1.33167 0.96732 -4.20
1.32083 0.96854 -4.20
1.31000 0.96986 -4.20
1.29917 0.97128 -4.20
1.28833 0.97282 -4.20
1.27955 0.97417 -4.20
1.27750 0.97448 -4.20
1.26667 0.97626 -4.20
1.25583 0.97818 -4.20
1.24500 0.98026 -4.20
1.23417 0.98252 -4.20
1.22333 0.98497 -4.20
1.22320 0.98500 -4.20
1.21250 0.98760 -4.20
1.20167 0.99048 -4.20
1.19083 0.99360 -4.20
1.18370 0.99583 -4.20
1.18000 0.99701 -4.20
1.16917 1.00073 -4.20
1.15833 1.00479 -4.20
1.15369 1.00667 -4.20
1.14750 1.00924 -4.20
1.13667 1.01414 -4.20
1.12982 1.01750 -4.20
1.12583 1.01953 -4.20
1.11500 1.02550 -4.20
1.11024 1.02833 -4.20
1.10417 1.03212 -4.20
1.09379 1.03917 -4.20
1.09333 1.03949 -4.20
1.08250 1.04776 -4.20
1.07978 1.05000 -4.20
1.07167 1.05709 -4.20
1.06767 1.06083 -4.20
1.06083 1.06767 -4.20
1.05709 1.07167 -4.20
1.05000 1.07978 -4.20
1.04776 1.08250 -4.20
1.03949 1.09333 -4.20
1.03917 1.09379 -4.20
1.03212 1.10417 -4.20
1.02833 1.11024 -4.20
1.02550 1.11500 -4.20
1.01953 1.12583 -4.20
1.01750 1.12982 -4.20
1.01414 1.13667 -4.20
1.00924 1.14750 -4.20
1.00667 1.15369 -4.20
1.00479 1.15833 -4.20
1.00073 1.16917 -4.20
0.99701 1.18000 -4.20
0.99583 1.18370 -4.20
0.99360 1.19083 -4.20
0.99048 1.20167 -4.20
0.98760 1.21250 -4.20
0.98500 1.22320 -4.20
0.98497 1.22333 -4.20
0.98252 1.23417 -4.20
0.98026 1.24500 -4.20
0.97818 1.25583 -4.20
0.97626 1.26667 -4.20
0.97448 1.27750 -4.20
0.97417 1.27955 -4.20
0.97282 1.28833 -4.20
0.97128 1.29917 -4.20
0.96986 1.31000 -4.20
0.96854 1.32083 -4.20
0.96732 1.33167 -4.20
0.96618 1.34250 -4.20
0.96513 1.35333 -4.20
0.96415 1.36417 -4.20
0.96333 1.37393 -4.20
0.96324 1.37500 -4.20
0.96239 1.38583 -4.20
0.96159 1.39667 -4.20
0.96085 1.40750 -4.20
0.96017 1.41833 -4.20
0.95953 1.42917 -4.20
0.95893 1.44000 -4.20
0.95838 1.45083 -4.20
0.95787 1.46167 -4.20
0.95740 1.47250 -4.20
0.95696 1.48333 -4.20
0.95655 1.49417 -4.20
0.95617 1.50500 -4.20
0.95581 1.51583 -4.20
0.95549 1.52667 -4.20
0.95518 1.53750 -4.20
0.95491 1.54833 -4.20
0.95465 1.55917 -4.20
0.95441 1.57000 -4.20
0.95418 1.58083 -4.20
0.95398 1.59167 -4.20
0.95379 1.60250 -4.20
0.95362 1.61333 -4.20
0.95346 1.62417 -4.20
0.95332 1.63500 -4.20
0.95318 1.64583 -4.20
0.95306 1.65667 -4.20
0.95295 1.66750 -4.20
0.95285 1.67833 -4.20
0.95275 1.68917 -4.20
0.95267 1.70000 -4.20
0.95259 1.71083 -4.20
0.95253 1.72167 -4.20
0.95250 1.72669 -4.20
0.95247 1.73250 -4.20
0.95241 1.74333 -4.20
0.95236 1.75417 -4.20
0.95232 1.76500 -4.20
0.95229 1.77583 -4.20
0.95225 1.78667 -4.20
0.95223 1.79750 -4.20
0.95220 1.80833 -4.20
0.95219 1.81917 -4.20
0.95217 1.83000 -4.20
0.95216 1.84083 -4.20
0.95215 1.85167 -4.20
0.95215 1.86250 -4.20
0.95215 1.87333 -4.20
0.95215 1.88417 -4.20
0.95216 1.89500 -4.20
0.95216 1.90583 -4.20
0.95217 1.91667 -4.20
0.95218 1.92750 -4.20
0.95220 1.93833 -4.20
0.95221 1.94917 -4.20
0.95223 1.96000 -4.20
0.95225 1.97083 -4.20
0.95226 1.98167 -4.20
0.95228 1.99250 -4.20
0.95230 2.00333 -4.20
0.95233 2.01417 -4.20
0.95235 2.02500 -4.20
0.95237 2.03583 -4.20
0.95240 2.04667 -4.20
0.95242 2.05750 -4.20
0.95245 2.06833 -4.20
0.95248 2.07917 -4.20
0.95250 2.08818 -4.20
0.95250 2.09000 -4.20
0.95253 2.10083 -4.20
0.95256 2.11167 -4.20
0.95259 2.12250 -4.20
0.95261 2.13333 -4.20
0.95264 2.14417 -4.20
0.95267 2.15500 -4.20
0.95270 2.16583 -4.20
0.95273 2.17667 -4.20
0.95276 2.18750 -4.20
0.95278 2.19833 -4.20
0.95281 2.20917 -4.20
0.95284 2.22000 -4.20
0.95287 2.23083 -4.20
0.95290 2.24167 -4.20
0.95293 2.25250 -4.20
0.95295 2.26333 -4.20
0.95298 2.27417 -4.20
0.95301 2.28500 -4.20
0.95304 2.29583 -4.20
0.95306 2.30667 -4.20
0.95309 2.31750 -4.20
0.95312 2.32833 -4.20
0.95314 2.33917 -4.20
0.95317 2.35000 -4.20
0.95320 2.36083 -4.20
0.95322 2.37167 -4.20
0.95325 2.38250 -4.20
0.95327 2.39333 -4.20
0.95330 2.40417 -4.20
0.95332 2.41500 -4.20
0.95335 2.42583 -4.20
0.95337 2.43667 -4.20
0.95340 2.44750 -4.20
0.95342 2.45833 -4.20
0.95344 2.46917 -4.20
0.95347 2.48000 -4.20
0.95349 2.49083 -4.20
0.95351 2.50167 -4.20
0.95353 2.51250 -4.20
0.95356 2.52333 -4.20
0.95358 2.53417 -4.20
0.95360 2.54500 -4.20
0.95362 2.55583 -4.20
0.95364 2.56667 -4.20
0.95366 2.57750 -4.20
0.95368 2.58833 -4.20
0.95370 2.59917 -4.20
0.95372 2.61000 -4.20
0.95374 2.62083 -4.20
0.95376 2.63167 -4.20
0.95377 2.64250 -4.20
0.95379 2.65333 -4.20
0.95381 2.66417 -4.20
0.95383 2.67500 -4.20
0.95384 2.68583 -4.20
0.95386 2.69667 -4.20
0.95388 2.70750 -4.20
0.95389 2.71833 -4.20
0.95391 2.72917 -4.20
0.95393 2.74000 -4.20
0.95394 2.75083 -4.20
0.95396 2.76167 -4.20
0.95397 2.77250 -4.20
0.95399 2.78333 -4.20
0.95400 2.79417 -4.20
0.95401 2.80500 -4.20
0.95403 2.81583 -4.20
0.95404 2.82667 -4.20
0.95406 2.83750 -4.20
0.95407 2.84833 -4.20
0.95408 2.85917 -4.20
0.95410 2.87000 -4.20
0.95411 2.88083 -4.20
0.95412 2.89167 -4.20
0.95413 2.90250 -4.20
0.95414 2.91333 -4.20
0.95416 2.92417 -4.20
0.95417 2.93500 -4.20
0.95418 2.94583 -4.20
0.95419 2.95667 -4.20
0.95420 2.96750 -4.20
0.95421 2.97833 -4.20
0.95422 2.98917 -4.20
0.95423 3.00000 -4.20

3.00000 0.55176 -3.80
2.98917 0.55177 -3.80
2.97833 0.55177 -3.80
2.96750 0.55178 -3.80
2.95667 0.55179 -3.80
2.94583 0.55179 -3.80
2.93500 0.55180 -3.80
2.92417 0.55181 -3.80
2.91333 0.55181 -3.80
2.90250 0.55182 -3.80
2.89167 0.55183 -3.80
2.88083 0.55183 -3.80
2.87000 0.55184 -3.80
2.85917 0.55185 -3.80
2.84833 0.55186 -3.80
2.83750 0.55187 -3.80
2.82667 0.55187 -3.80
2.81583 0.55188 -3.80
2.80500 0.55189 -3.80
2.79417 0.55190 -3.80
2.78333 0.55191 -3.80
2.77250 0.55192 -3.80
2.76167 0.55193 -3.80
2.75083 0.55194 -3.80
2.74000 0.55195 -3.80
2.72917 0.55196 -3.80
2.71833 0.55197 -3.80
2.70750 0.55198 -3.80
2.69667 0.55199 -3.80
2.68583 0.55200 -3.80
2.67500 0.55201 -3.80
2.66417 0.55203 -3.80
2.65333 0.55204 -3.80
2.64250 0.55205 -3.80
2.63167 0.55207 -3.80
2.62083 0.55208 -3.80
2.61000 0.55209 -3.80
2.59917 0.55211 -3.80
2.58833 0.55212 -3.80
2.57750 0.55214 -3.80
2.56667 0.55215 -3.80
2.55583 0.55217 -3.80
2.54500 0.55219 -3.80
2.53417 0.55220 -3.80
2.52333 0.55222 -3.80
2.51250 0.55224 -3.80
2.50167 0.55226 -3.80
2.49083 0.55227 -3.80
2.48000 0.55229 -3.80
2.46917 0.55232 -3.80
2.45833 0.55234 -3.80
2.44750 0.55236 -3.80
2.43667 0.55238 -3.80
2.42583 0.55240 -3.80
2.41500 0.55242 -3.80
2.40417 0.55245 -3.80
2.39333 0.55247 -3.80
2.38250 0.55250 -3.80
2.37167 0.55252 -3.80
2.36083 0.55255 -3.80
2.35000 0.55258 -3.80
2.33917 0.55261 -3.80
2.32833 0.55264 -3.80
2.31750 0.55267 -3.80
2.30667 0.55270 -3.80
2.29583 0.55273 -3.80
2.28500 0.55276 -3.80
2.27417 0.55280 -3.80
2.26333 0.55283 -3.80
2.25250 0.55287 -3.80
2.24167 0.55291 -3.80
2.23083 0.55294 -3.80
2.22000 0.55298 -3.80
2.20917 0.55302 -3.80
2.19833 0.55307 -3.80
2.18750 0.55311 -3.80
2.17667 0.55316 -3.80
2.16583 0.55320 -3.80
2.15500 0.55325 -3.80
2.14417 0.55330 -3.80
2.13333 0.55335 -3.80
2.12250 0.55340 -3.80
2.11167 0.55346 -3.80
2.10083 0.55351 -3.80
2.09000 0.55357 -3.80
2.07917 0.55363 -3.80
2.06833 0.55369 -3.80
2.05750 0.55376 -3.80
2.04667 0.55382 -3.80
2.03583 0.55389 -3.80
2.02500 0.55396 -3.80
2.01417 0.55403 -3.80
2.00333 0.55411 -3.80
1.99250 0.55419 -3.80
1.98167 0.55427 -3.80
1.97083 0.55435 -3.80
1.96000 0.55444 -3.80
1.94917 0.55452 -3.80
1.93833 0.55461 -3.80
1.92750 0.55471 -3.80
1.91667 0.55481 -3.80
1.90583 0.55491 -3.80
1.89500 0.55501 -3.80
1.88417 0.55512 -3.80
1.87333 0.55523 -3.80
1.86250 0.55535 -3.80
1.85167 0.55547 -3.80
1.84083 0.55559 -3.80
1.83000 0.55572 -3.80
1.81917 0.55586 -3.80
1.80833 0.55599 -3.80
1.79750 0.55614 -3.80
1.78667 0.55628 -3.80
1.77583 0.55644 -3.80
1.76500 0.55659 -3.80
1.75417 0.55676 -3.80
1.74333 0.55693 -3.80
1.73250 0.55710 -3.80
1.72167 0.55728 -3.80
1.71083 0.55747 -3.80
1.70000 0.55767 -3.80
1.68917 0.55787 -3.80
1.67833 0.55808 -3.80
1.66750 0.55829 -3.80
1.65667 0.55852 -3.80
1.64583 0.55875 -3.80
1.63500 0.55899 -3.80
1.62417 0.55924 -3.80
1.61333 0.55950 -3.80
1.60250 0.55976 -3.80
1.59167 0.56004 -3.80
1.58083 0.56033 -3.80
1.57000 0.56063 -3.80
1.55917 0.56093 -3.80
1.54833 0.56125 -3.80
1.53750 0.56158 -3.80
1.52667 0.56193 -3.80
1.51583 0.56228 -3.80
1.50942 0.56250 -3.80
1.50500 0.56266 -3.80
1.49417 0.56308 -3.80
1.48333 0.56351 -3.80
1.47250 0.56396 -3.80
1.46167 0.56443 -3.80
1.45083 0.56491 -3.80
1.44000 0.56541 -3.80
1.42917 0.56592 -3.80
1.41833 0.56646 -3.80
1.40750 0.56701 -3.80
1.39667 0.56759 -3.80
1.38583 0.56818 -3.80
1.37500 0.56880 -3.80
1.36417 0.56944 -3.80
1.35333 0.57010 -3.80
1.34250 0.57078 -3.80
1.33167 0.57149 -3.80
1.32083 0.57222 -3.80
1.31000 0.57298 -3.80
1.30522 0.57333 -3.80
1.29917 0.57381 -3.80
1.28833 0.57471 -3.80
1.27750 0.57563 -3.80
1.26667 0.57658 -3.80
1.25583 0.57757 -3.80
1.24500 0.57859 -3.80
1.23417 0.57965 -3.80
1.22333 0.58074 -3.80
1.21250 0.58187 -3.80
1.20167 0.58304 -3.80
1.19158 0.58417 -3.80
1.19083 0.58426 -3.80
1.18000 0.58562 -3.80
1.16917 0.58703 -3.80
1.15833 0.58849 -3.80
1.14750 0.59000 -3.80
1.13667 0.59155 -3.80
1.12583 0.59315 -3.80
1.11500 0.59480 -3.80
1.11374 0.59500 -3.80
1.10417 0.59665 -3.80
1.09333 0.59857 -3.80
1.08250 0.60055 -3.80
1.07167 0.60259 -3.80
1.06083 0.60469 -3.80
1.05510 0.60583 -3.80
1.05000 0.60694 -3.80
1.03917 0.60937 -3.80
1.02833 0.61187 -3.80
1.01750 0.61443 -3.80
1.00832 0.61667 -3.80
1.00667 0.61710 -3.80
0.99583 0.62006 -3.80
0.98500 0.62308 -3.80
0.97417 0.62619 -3.80
0.96972 0.62750 -3.80
0.96333 0.62954 -3.80
0.95250 0.63309 -3.80
0.94167 0.63672 -3.80
0.93698 0.63833 -3.80
0.93083 0.64062 -3.80
0.92000 0.64474 -3.80
0.90917 0.64895 -3.80
0.90863 0.64917 -3.80
0.89833 0.65360 -3.80
0.88750 0.65836 -3.80
0.88386 0.66000 -3.80
0.87667 0.66347 -3.80
0.86583 0.66881 -3.80
0.86184 0.67083 -3.80
0.85500 0.67453 -3.80
0.84417 0.68049 -3.80
0.84210 0.68167 -3.80
0.83333 0.68694 -3.80
0.82428 0.69250 -3.80
0.82250 0.69365 -3.80
0.81167 0.70090 -3.80
0.80812 0.70333 -3.80
0.80083 0.70860 -3.80
0.79331 0.71417 -3.80
0.79000 0.71674 -3.80
0.77967 0.72500 -3.80
0.77917 0.72542 -3.80
0.76833 0.73478 -3.80
0.76716 0.73583 -3.80
0.75750 0.74482 -3.80
0.75558 0.74667 -3.80
0.74667 0.75558 -3.80
0.74482 0.75750 -3.80
0.73583 0.76716 -3.80
0.73478 0.76833 -3.80
0.72542 0.77917 -3.80
0.72500 0.77967 -3.80
0.71674 0.79000 -3.80
0.71417 0.79331 -3.80
0.70860 0.80083 -3.80
0.70333 0.80812 -3.80
0.70090 0.81167 -3.80
0.69365 0.82250 -3.80
0.69250 0.82428 -3.80
0.68694 0.83333 -3.80
0.68167 0.84210 -3.80
0.68049 0.84417 -3.80
0.67453 0.85500 -3.80
0.67083 0.86184 -3.80
0.66881 0.86583 -3.80
0.66347 0.87667 -3.80
0.66000 0.88386 -3.80
0.65836 0.88750 -3.80
0.65360 0.89833 -3.80
0.64917 0.90863 -3.80
0.64895 0.90917 -3.80
0.64474 0.92000 -3.80
0.64062 0.93083 -3.80
0.63833 0.93698 -3.80
0.63672 0.94167 -3.80
0.63309 0.95250 -3.80
0.62954 0.96333 -3.80
0.62750 0.96972 -3.80
0.62619 0.97417 -3.80
0.62308 0.98500 -3.80
0.62006 0.99583 -3.80
0.61710 1.00667 -3.80
0.61667 1.00832 -3.80
0.61443 1.01750 -3.80
0.61187 1.02833 -3.80
0.60937 1.03917 -3.80
0.60694 1.05000 -3.80
0.60583 1.05510 -3.80
0.60469 1.06083 -3.80
0.60259 1.07167 -3.80
0.60055 1.08250 -3.80
0.59857 1.09333 -3.80
0.59665 1.10417 -3.80
0.59500 1.11374 -3.80
0.59480 1.11500 -3.80
0.59315 1.12583 -3.80
0.59155 1.13667 -3.80
0.59000 1.14750 -3.80
0.58849 1.15833 -3.80
0.58703 1.16917 -3.80
0.58562 1.18000 -3.80
0.58426 1.19083 -3.80
0.58417 1.19158 -3.80
0.58304 1.20167 -3.80
0.58187 1.21250 -3.80
0.58074 1.22333 -3.80
0.57965 1.23417 -3.80
0.57859 1.24500 -3.80
0.57757 1.25583 -3.80
0.57658 1.26667 -3.80
0.57563 1.27750 -3.80
0.57471 1.28833 -3.80
0.57381 1.29917 -3.80
0.57333 1.30522 -3.80
0.57298 1.31000 -3.80
0.57222 1.32083 -3.80
0.57149 1.33167 -3.80
0.57078 1.34250 -3.80
0.57010 1.35333 -3.80
0.56944 1.36417 -3.80
0.56880 1.37500 -3.80
0.56818 1.38583 -3.80
0.56759 1.39667 -3.80
0.56701 1.40750 -3.80
0.56646 1.41833 -3.80
0.56592 1.42917 -3.80
0.56541 1.44000 -3.80
0.56491 1.45083 -3.80
0.56443 1.46167 -3.80
0.56396 1.47250 -3.80
0.56351 1.48333 -3.80
0.56308 1.49417 -3.80
0.56266 1.50500 -3.80
0.56250 1.50942 -3.80
0.56228 1.51583 -3.80
0.56193 1.52667 -3.80
0.56158 1.53750 -3.80
0.56125 1.54833 -3.80
0.56093 1.55917 -3.80
0.56063 1.57000 -3.80
0.56033 1.58083 -3.80
0.56004 1.59167 -3.80
0.55976 1.60250 -3.80
0.55950 1.61333 -3.80
0.55924 1.62417 -3.80
0.55899 1.63500 -3.80
0.55875 1.64583 -3.80
0.55852 1.65667 -3.80
0.55829 1.66750 -3.80
0.55808 1.67833 -3.80
0.55787 1.68917 -3.80
0.55767 1.70000 -3.80
0.55747 1.71083 -3.80
0.55728 1.72167 -3.80
0.55710 1.73250 -3.80
0.55693 1.74333 -3.80
0.55676 1.75417 -3.80
0.55659 1.76500 -3.80
0.55644 1.77583 -3.80
0.55628 1.78667 -3.80
0.55614 1.79750 -3.80
0.55599 1.80833 -3.80
0.55586 1.81917 -3.80
0.55572 1.83000 -3.80
0.55559 1.84083 -3.80
0.55547 1.85167 -3.80
0.55535 1.86250 -3.80
0.55523 1.87333 -3.80
0.55512 1.88417 -3.80
0.55501 1.89500 -3.80
0.55491 1.90583 -3.80
0.55481 1.91667 -3.80
0.55471 1.92750 -3.80
0.55461 1.93833 -3.80
0.55452 1.94917 -3.80
0.55444 1.96000 -3.80
0.55435 1.97083 -3.80
0.55427 1.98167 -3.80
0.55419 1.99250 -3.80
0.55411 2.00333 -3.80
0.55403 2.01417 -3.80
0.55396 2.02500 -3.80
0.55389 2.03583 -3.80
0.55382 2.04667 -3.80
0.55376 2.05750 -3.80
0.55369 2.06833 -3.80
0.55363 2.07917 -3.80
0.55357 2.09000 -3.80
0.55351 2.10083 -3.80
0.55346 2.11167 -3.80
0.55340 2.12250 -3.80
0.55335 2.13333 -3.80
0.55330 2.14417 -3.80
0.55325 2.15500 -3.80
0.55320 2.16583 -3.80
0.55316 2.17667 -3.80
0.55311 2.18750 -3.80
0.55307 2.19833 -3.80
0.55302 2.20917 -3.80
0.55298 2.22000 -3.80
0.55294 2.23083 -3.80
0.55291 2.24167 -3.80
0.55287 2.25250 -3.80
0.55283 2.26333 -3.80
0.55280 2.27417 -3.80
0.55276 2.28500 -3.80
0.55273 2.29583 -3.80
0.55270 2.30667 -3.80
0.55267 2.31750 -3.80
0.55264 2.32833 -3.80
0.55261 2.33917 -3.80
0.55258 2.35000 -3.80
0.55255 2.36083 -3.80
0.55252 2.37167 -3.80
0.55250 2.38250 -3.80
0.55247 2.39333 -3.80
0.55245 2.40417 -3.80
0.55242 2.41500 -3.80
0.55240 2.42583 -3.80
0.55238 2.43667 -3.80
0.55236 2.44750 -3.80
0.55234 2.45833 -3.80
0.55232 2.46917 -3.80
0.55229 2.48000 -3.80
0.55227 2.49083 -3.80
0.55226 2.50167 -3.80
0.55224 2.51250 -3.80
0.55222 2.52333 -3.80
0.55220 2.53417 -3.80
0.55219 2.54500 -3.80
0.55217 2.55583 -3.80
0.55215 2.56667 -3.80
0.55214 2.57750 -3.80
0.55212 2.58833 -3.80
0.55211 2.59917 -3.80
0.55209 2.61000 -3.80
0.55208 2.62083 -3.80
0.55207 2.63167 -3.80
0.55205 2.64250 -3.80
0.55204 2.65333 -3.80
0.55203 2.66417 -3.80
0.55201 2.67500 -3.80
0.55200 2.68583 -3.80
0.55199 2.69667 -3.80
0.55198 2.70750 -3.80
0.55197 2.71833 -3.80
0.55196 2.72917 -3.80
0.55195 2.74000 -3.80
0.55194 2.75083 -3.80
0.55193 2.76167 -3.80
0.55192 2.77250 -3.80
0.55191 2.78333 -3.80
0.55190 2.79417 -3.80
0.55189 2.80500 -3.80
0.55188 2.81583 -3.80
0.55187 2.82667 -3.80
0.55187 2.83750 -3.80
0.55186 2.84833 -3.80
0.55185 2.85917 -3.80
0.55184 2.87000 -3.80
0.55183 2.88083 -3.80
0.55183 2.89167 -3.80
0.55182 2.90250 -3.80
0.55181 2.91333 -3.80
0.55181 2.92417 -3.80
0.55180 2.93500 -3.80
0.55179 2.94583 -3.80
0.55179 2.95667 -3.80
0.55178 2.96750 -3.80
0.55177 2.97833 -3.80
0.55177 2.98917 -3.80
0.55176 3.00000 -3.80

3.00000 1.04538 -3.80
2.98917 1.04537 -3.80
2.97833 1.04536 -3.80
2.96750 1.04536 -3.80
2.95667 1.04535 -3.80
2.94583 1.04534 -3.80
2.93500 1.04533 -3.80
2.92417 1.04532 -3.80
2.91333 1.04531 -3.80
2.90250 1.04530 -3.80
2.89167 1.04529 -3.80
2.88083 1.04529 -3.80
2.87000 1.04528 -3.80
2.85917 1.04527 -3.80
2.84833 1.04526 -3.80
2.83750 1.04525 -3.80
2.82667 1.04524 -3.80
2.81583 1.04523 -3.80
2.80500 1.04522 -3.80
2.79417 1.04521 -3.80
2.78333 1.04520 -3.80
2.77250 1.04519 -3.80
2.76167 1.04517 -3.80
2.75083 1.04516 -3.80
2.74000 1.04515 -3.80
2.72917 1.04514 -3.80
2.71833 1.04513 -3.80
2.70750 1.04512 -3.80
2.69667 1.04511 -3.80
2.68583 1.04510 -3.80
2.67500 1.04509 -3.80
2.66417 1.04507 -3.80
2.65333 1.04506 -3.80
2.64250 1.04505 -3.80
2.63167 1.04504 -3.80
2.62083 1.04503 -3.80
2.61000 1.04501 -3.80
2.59917 1.04500 -3.80
2.58833 1.04499 -3.80
2.57750 1.04498 -3.80
2.56667 1.04496 -3.80
2.55583 1.04495 -3.80
2.54500 1.04494 -3.80
2.53417 1.04493 -3.80
2.52333 1.04492 -3.80
2.51250 1.04490 -3.80
2.50167 1.04489 -3.80
2.49083 1.04488 -3.80
2.48000 1.04487 -3.80
2.46917 1.04486 -3.80
2.45833 1.04484 -3.80
2.44750 1.04483 -3.80
2.43667 1.04482 -3.80
2.42583 1.04481 -3.80
2.41500 1.04480 -3.80
2.40417 1.04479 -3.80
2.39333 1.04478 -3.80
2.38250 1.04477 -3.80
2.37167 1.04476 -3.80
2.36083 1.04475 -3.80
2.35000 1.04474 -3.80
2.33917 1.04473 -3.80
2.32833 1.04472 -3.80
2.31750 1.04471 -3.80
2.30667 1.04470 -3.80
2.29583 1.04470 -3.80
2.28500 1.04469 -3.80
2.27417 1.04469 -3.80
2.26333 1.04468 -3.80
2.25250 1.04468 -3.80
2.24167 1.04467 -3.80
2.23083 1.04467 -3.80
2.22000 1.04467 -3.80
2.20917 1.04467 -3.80
2.19833 1.04467 -3.80
2.18750 1.04467 -3.80
2.17667 1.04467 -3.80
2.16583 1.04468 -3.80
2.15500 1.04468 -3.80
2.14417 1.04469 -3.80
2.13333 1.04470 -3.80
2.12250 1.04471 -3.80
2.11167 1.04472 -3.80
2.10083 1.04474 -3.80
2.09000 1.04476 -3.80
2.07917 1.04478 -3.80
2.06833 1.04480 -3.80
2.05750 1.04482 -3.80
2.04667 1.04485 -3.80
2.03583 1.04488 -3.80
2.02500 1.04491 -3.80
2.01417 1.04495 -3.80
2.00333 1.04499 -3.80
1.99250 1.04503 -3.80
1.98167 1.04507 -3.80
1.97083 1.04513 -3.80
1.96000 1.04518 -3.80
1.94917 1.04524 -3.80
1.93833 1.04531 -3.80
1.92750 1.04538 -3.80
1.91667 1.04545 -3.80
1.90583 1.04554 -3.80
1.89500 1.04562 -3.80
1.88417 1.04572 -3.80
1.87333 1.04582 -3.80
1.86250 1.04593 -3.80
1.85167 1.04605 -3.80
1.84083 1.04617 -3.80
1.83000 1.04631 -3.80
1.81917 1.04645 -3.80
1.80833 1.04661 -3.80
1.79750 1.04677 -3.80
1.78667 1.04695 -3.80
1.77583 1.04713 -3.80
1.76500 1.04733 -3.80
1.75417 1.04755 -3.80
1.74333 1.04778 -3.80
1.73250 1.04802 -3.80
1.72167 1.04828 -3.80
1.71083 1.04856 -3.80
1.70000 1.04885 -3.80
1.68917 1.04917 -3.80
1.67833 1.04950 -3.80
1.66750 1.04986 -3.80
1.66340 1.05000 -3.80
1.65667 1.05024 -3.80
1.64583 1.05064 -3.80
1.63500 1.05107 -3.80
1.62417 1.05152 -3.80
1.61333 1.05201 -3.80
1.60250 1.05253 -3.80
1.59167 1.05308 -3.80
1.58083 1.05366 -3.80
1.57000 1.05429 -3.80
1.55917 1.05495 -3.80
1.54833 1.05566 -3.80
1.53750 1.05642 -3.80
1.52667 1.05722 -3.80
1.51583 1.05808 -3.80
1.50500 1.05899 -3.80
1.49417 1.05996 -3.80
1.48508 1.06083 -3.80
1.48333 1.06100 -3.80
1.47250 1.06211 -3.80
1.46167 1.06329 -3.80
1.45083 1.06455 -3.80
1.44000 1.06590 -3.80
1.42917 1.06734 -3.80
1.41833 1.06888 -3.80
1.40750 1.07052 -3.80
1.40045 1.07167 -3.80
1.39667 1.07229 -3.80
1.38583 1.07418 -3.80
1.37500 1.07620 -3.80
1.36417 1.07838 -3.80
1.35333 1.08071 -3.80
1.34554 1.08250 -3.80
1.34250 1.08321 -3.80
1.33167 1.08592 -3.80
1.32083 1.08882 -3.80
1.31000 1.09196 -3.80
1.30553 1.09333 -3.80
1.29917 1.09535 -3.80
1.28833 1.09902 -3.80
1.27750 1.10298 -3.80
1.27445 1.10417 -3.80
1.26667 1.10730 -3.80
1.25583 1.11199 -3.80
1.24936 1.11500 -3.80
1.24500 1.11710 -3.80
1.23417 1.12270 -3.80
1.22852 1.12583 -3.80
1.22333 1.12883 -3.80
1.21250 1.13557 -3.80
1.21084 1.13667 -3.80
1.20167 1.14303 -3.80
1.19566 1.14750 -3.80
1.19083 1.15129 -3.80
1.18243 1.15833 -3.80
1.18000 1.16048 -3.80
1.17079 1.16917 -3.80
1.16917 1.17079 -3.80
1.16048 1.18000 -3.80
1.15833 1.18243 -3.80
1.15129 1.19083 -3.80
1.14750 1.19566 -3.80
1.14303 1.20167 -3.80
1.13667 1.21084 -3.80
1.13557 1.21250 -3.80
1.12883 1.22333 -3.80
1.12583 1.22852 -3.80
1.12270 1.23417 -3.80
1.11710 1.24500 -3.80
1.11500 1.24936 -3.80
1.11199 1.25583 -3.80
1.10730 1.26667 -3.80
1.10417 1.27445 -3.80
1.10298 1.27750 -3.80
1.09902 1.28833 -3.80
1.09535 1.29917 -3.80
1.09333 1.30553 -3.80
1.09196 1.31000 -3.80
1.08882 1.32083 -3.80
1.08592 1.33167 -3.80
1.08321 1.34250 -3.80
1.08250 1.34554 -3.80
1.08071 1.35333 -3.80
1.07838 1.36417 -3.80
1.07620 1.37500 -3.80
1.07418 1.38583 -3.80
1.07229 1.39667 -3.80
1.07167 1.40045 -3.80
1.07052 1.40750 -3.80
1.06888 1.41833 -3.80
1.06734 1.42917 -3.80
1.06590 1.44000 -3.80
1.06455 1.45083 -3.80
1.06329 1.46167 -3.80
1.06211 1.47250 -3.80
1.06100 1.48333 -3.80
1.06083 1.48508 -3.80
1.05996 1.49417 -3.80
1.05899 1.50500 -3.80
1.05808 1.51583 -3.80
1.05722 1.52667 -3.80
1.05642 1.53750 -3.80
1.05566 1.54833 -3.80
1.05495 1.55917 -3.80
1.05429 1.57000 -3.80
1.05366 1.58083 -3.80
1.05308 1.59167 -3.80
1.05253 1.60250 -3.80
1.05201 1.61333 -3.80
1.05152 1.62417 -3.80
1.05107 1.63500 -3.80
1.05064 1.64583 -3.80
1.05024 1.65667 -3.80
1.05000 1.66340 -3.80
1.04986 1.66750 -3.80
1.04950 1.67833 -3.80
1.04917 1.68917 -3.80
1.04885 1.70000 -3.80
1.04856 1.71083 -3.80
1.04828 1.72167 -3.80
1.04802 1.73250 -3.80
1.04778 1.74333 -3.80
1.04755 1.75417 -3.80
1.04733 1.76500 -3.80
1.04713 1.77583 -3.80
1.04695 1.78667 -3.80
1.04677 1.79750 -3.80
1.04661 1.80833 -3.80
1.04645 1.81917 -3.80
1.04631 1.83000 -3.80
1.04617 1.84083 -3.80
1.04605 1.85167 -3.80
1.04593 1.86250 -3.80
1.04582 1.87333 -3.80
1.04572 1.88417 -3.80
1.04562 1.89500 -3.80
1.04554 1.90583 -3.80
1.04545 1.91667 -3.80
1.04538 1.92750 -3.80
1.04531 1.93833 -3.80
1.04524 1.94917 -3.80
1.04518 1.96000 -3.80
1.04513 1.97083 -3.80
1.04507 1.98167 -3.80
1.04503 1.99250 -3.80
1.04499 2.00333 -3.80
1.04495 2.01417 -3.80
1.04491 2.02500 -3.80
1.04488 2.03583 -3.80
1.04485 2.04667 -3.80
1.04482 2.05750 -3.80
1.04480 2.06833 -3.80
1.04478 2.07917 -3.80
1.04476 2.09000 -3.80
1.04474 2.10083 -3.80
1.04472 2.11167 -3.80
1.04471 2.12250 -3.80
1.04470 2.13333 -3.80
1.04469 2.14417 -3.80
1.04468 2.15500 -3.80
1.04468 2.16583 -3.80
1.04467 2.17667 -3.80
1.04467 2.18750 -3.80
1.04467 2.19833 -3.80
1.04467 2.20917 -3.80
1.04467 2.22000 -3.80
1.04467 2.23083 -3.80
1.04467 2.24167 -3.80
1.04468 2.25250 -3.80
1.04468 2.26333 -3.80
1.04469 2.27417 -3.80
1.04469 2.28500 -3.80
1.04470 2.29583 -3.80
1.04470 2.30667 -3.80
1.04471 2.31750 -3.80
1.04472 2.32833 -3.80
1.04473 2.33917 -3.80
1.04474 2.35000 -3.80
1.04475 2.36083 -3.80
1.04476 2.37167 -3.80
1.04477 2.38250 -3.80
1.04478 2.39333 -3.80
1.04479 2.40417 -3.80
1.04480 2.41500 -3.80
1.04481 2.42583 -3.80
1.04482 2.43667 -3.80
1.04483 2.44750 -3.80
1.04484 2.45833 -3.80
1.04486 2.46917 -3.80
1.04487 2.48000 -3.80
1.04488 2.49083 -3.80
1.04489 2.50167 -3.80
1.04490 2.51250 -3.80
1.04492 2.52333 -3.80
1.04493 2.53417 -3.80
1.04494 2.54500 -3.80
1.04495 2.55583 -3.80
1.04496 2.56667 -3.80
1.04498 2.57750 -3.80
1.04499 2.58833 -3.80
1.04500 2.59917 -3.80
1.04501 2.61000 -3.80
1.04503 2.62083 -3.80
1.04504 2.63167 -3.80
1.04505 2.64250 -3.80
1.04506 2.65333 -3.80
1.04507 2.66417 -3.80
1.04509 2.67500 -3.80
1.04510 2.68583 -3.80
1.04511 2.69667 -3.80
1.04512 2.70750 -3.80
1.04513 2.71833 -3.80
1.04514 2.72917 -3.80
1.04515 2.74000 -3.80
1.04516 2.75083 -3.80
1.04517 2.76167 -3.80
1.04519 2.77250 -3.80
1.04520 2.78333 -3.80
1.04521 2.79417 -3.80
1.04522 2.80500 -3.80
1.04523 2.81583 -3.80
1.04524 2.82667 -3.80
1.04525 2.83750 -3.80
1.04526 2.84833 -3.80
1.04527 2.85917 -3.80
1.04528 2.87000 -3.80
1.04529 2.88083 -3.80
1.04529 2.89167 -3.80
1.04530 2.90250 -3.80
1.04531 2.91333 -3.80
1.04532 2.92417 -3.80
1.04533 2.93500 -3.80
1.04534 2.94583 -3.80
1.04535 2.95667 -3.80
1.04536 2.96750 -3.80
1.04536 2.97833 -3.80
1.04537 2.98917 -3.80
1.04538 3.00000 -3.80

3.00000 0.50937 -3.20
2.98917 0.50938 -3.20
2.97833 0.50938 -3.20
2.96750 0.50938 -3.20
2.95667 0.50939 -3.20
2.94583 0.50939 -3.20
2.93500 0.50940 -3.20
2.92417 0.50940 -3.20
2.91333 0.50941 -3.20
2.90250 0.50941 -3.20
2.89167 0.50942 -3.20
2.88083 0.50943 -3.20
2.87000 0.50943 -3.20
2.85917 0.50944 -3.20
2.84833 0.50944 -3.20
2.83750 0.50945 -3.20
2.82667 0.50945 -3.20
2.81583 0.50946 -3.20
2.80500 0.50947 -3.20
2.79417 0.50947 -3.20
2.78333 0.50948 -3.20
2.77250 0.50949 -3.20
2.76167 0.50949 -3.20
2.75083 0.50950 -3.20
2.74000 0.50951 -3.20
2.72917 0.50952 -3.20
2.71833 0.50953 -3.20
2.70750 0.50953 -3.20
2.69667 0.50954 -3.20
2.68583 0.50955 -3.20
2.67500 0.50956 -3.20
2.66417 0.50957 -3.20
2.65333 0.50958 -3.20
2.64250 0.50959 -3.20
2.63167 0.50960 -3.20
2.62083 0.50961 -3.20
2.61000 0.50962 -3.20
2.59917 0.50963 -3.20
2.58833 0.50964 -3.20
2.57750 0.50965 -3.20
2.56667 0.50966 -3.20
2.55583 0.50967 -3.20
2.54500 0.50969 -3.20
2.53417 0.50970 -3.20
2.52333 0.50971 -3.20
2.51250 0.50973 -3.20
2.50167 0.50974 -3.20
2.49083 0.50975 -3.20
2.48000 0.50977 -3.20
2.46917 0.50978 -3.20
2.45833 0.50980 -3.20
2.44750 0.50982 -3.20
2.43667 0.50983 -3.20
2.42583 0.50985 -3.20
2.41500 0.50987 -3.20
2.40417 0.50988 -3.20
2.39333 0.50990 -3.20
2.38250 0.50992 -3.20
2.37167 0.50994 -3.20
2.36083 0.50996 -3.20
2.35000 0.50998 -3.20
2.33917 0.51000 -3.20
2.32833 0.51003 -3.20
2.31750 0.51005 -3.20
2.30667 0.51007 -3.20
2.29583 0.51010 -3.20
2.28500 0.51012 -3.20
2.27417 0.51015 -3.20
2.26333 0.51017 -3.20
2.25250 0.51020 -3.20
2.24167 0.51023 -3.20
2.23083 0.51026 -3.20
2.22000 0.51029 -3.20
2.20917 0.51032 -3.20
2.19833 0.51035 -3.20
2.18750 0.51038 -3.20
2.17667 0.51042 -3.20
2.16583 0.51045 -3.20
2.15500 0.51049 -3.20
2.14417 0.51053 -3.20
2.13333 0.51057 -3.20
2.12250 0.51061 -3.20
2.11167 0.51065 -3.20
2.10083 0.51069 -3.20
2.09000 0.51074 -3.20
2.07917 0.51078 -3.20
2.06833 0.51083 -3.20
2.05750 0.51088 -3.20
2.04667 0.51093 -3.20
2.03583 0.51098 -3.20
2.02500 0.51103 -3.20
2.01417 0.51109 -3.20
2.00333 0.51115 -3.20
1.99250 0.51121 -3.20
1.98167 0.51127 -3.20
1.97083 0.51133 -3.20
1.96000 0.51140 -3.20
1.94917 0.51147 -3.20
1.93833 0.51154 -3.20
1.92750 0.51161 -3.20
1.91667 0.51169 -3.20
1.90583 0.51176 -3.20
1.89500 0.51184 -3.20
1.88417 0.51193 -3.20
1.87333 0.51201 -3.20
1.86250 0.51210 -3.20
1.85167 0.51220 -3.20
1.84083 0.51229 -3.20
1.83000 0.51239 -3.20
1.81917 0.51250 -3.20
1.80833 0.51260 -3.20
1.79750 0.51271 -3.20
1.78667 0.51283 -3.20
1.77583 0.51295 -3.20
1.76500 0.51307 -3.20
1.75417 0.51320 -3.20
1.74333 0.51333 -3.20
1.73250 0.51346 -3.20
1.72167 0.51361 -3.20
1.71083 0.51375 -3.20
1.70000 0.51390 -3.20
1.68917 0.51406 -3.20
1.67833 0.51423 -3.20
1.66750 0.51439 -3.20
1.65667 0.51457 -3.20
1.64583 0.51475 -3.20
1.63500 0.51494 -3.20
1.62417 0.51514 -3.20
1.61333 0.51534 -3.20
1.60250 0.51555 -3.20
1.59167 0.51577 -3.20
1.58083 0.51599 -3.20
1.57000 0.51623 -3.20
1.55917 0.51647 -3.20
1.54833 0.51672 -3.20
1.53750 0.51698 -3.20
1.52667 0.51725 -3.20
1.51583 0.51753 -3.20
1.50500 0.51783 -3.20
1.49417 0.51813 -3.20
1.48333 0.51844 -3.20
1.47250 0.51877 -3.20
1.46167 0.51911 -3.20
1.45982 0.51917 -3.20
1.45083 0.51948 -3.20
1.44000 0.51987 -3.20
1.42917 0.52028 -3.20
1.41833 0.52071 -3.20
1.40750 0.52114 -3.20
1.39667 0.52160 -3.20
1.38583 0.52207 -3.20
1.37500 0.52256 -3.20
1.36417 0.52307 -3.20
1.35333 0.52360 -3.20
1.34250 0.52415 -3.20
1.33167 0.52471 -3.20
1.32083 0.52530 -3.20
1.31000 0.52591 -3.20
1.29917 0.52654 -3.20
1.28833 0.52720 -3.20
1.27750 0.52788 -3.20
1.26667 0.52858 -3.20
1.25583 0.52932 -3.20
1.24607 0.53000 -3.20
1.24500 0.53008 -3.20
1.23417 0.53093 -3.20
1.22333 0.53181 -3.20
1.21250 0.53273 -3.20
1.20167 0.53368 -3.20
1.19083 0.53466 -3.20
1.18000 0.53567 -3.20
1.16917 0.53673 -3.20
1.15833 0.53782 -3.20
1.14750 0.53895 -3.20
1.13667 0.54012 -3.20
1.13028 0.54083 -3.20
1.12583 0.54137 -3.20
1.11500 0.54273 -3.20
1.10417 0.54413 -3.20
1.09333 0.54559 -3.20
1.08250 0.54709 -3.20
1.07167 0.54865 -3.20
1.06083 0.55025 -3.20
1.05164 0.55167 -3.20
1.05000 0.55194 -3.20
1.03917 0.55380 -3.20
1.02833 0.55572 -3.20
1.01750 0.55770 -3.20
1.00667 0.55975 -3.20
0.99583 0.56187 -3.20
0.99272 0.56250 -3.20
0.98500 0.56418 -3.20
0.97417 0.56661 -3.20
0.96333 0.56913 -3.20
0.95250 0.57171 -3.20
0.94595 0.57333 -3.20
0.94167 0.57447 -3.20
0.93083 0.57744 -3.20
0.92000 0.58049 -3.20
0.90917 0.58364 -3.20
0.90742 0.58417 -3.20
0.89833 0.58709 -3.20
0.88750 0.59068 -3.20
0.87667 0.59437 -3.20
0.87489 0.59500 -3.20
0.86583 0.59841 -3.20
0.85500 0.60260 -3.20
0.84690 0.60583 -3.20
0.84417 0.60699 -3.20
0.83333 0.61174 -3.20
0.82250 0.61661 -3.20
0.82238 0.61667 -3.20
0.81167 0.62197 -3.20
0.80083 0.62746 -3.20
0.80076 0.62750 -3.20
0.79000 0.63349 -3.20
0.78151 0.63833 -3.20
0.77917 0.63975 -3.20
0.76833 0.64650 -3.20
0.76418 0.64917 -3.20
0.75750 0.65369 -3.20
0.74845 0.66000 -3.20
0.74667 0.66131 -3.20
0.73583 0.66952 -3.20
0.73417 0.67083 -3.20
0.72500 0.67837 -3.20
0.72113 0.68167 -3.20
0.71417 0.68786 -3.20
0.70914 0.69250 -3.20
0.70333 0.69809 -3.20
0.69809 0.70333 -3.20
0.69250 0.70914 -3.20
0.68786 0.71417 -3.20
0.68167 0.72113 -3.20
0.67837 0.72500 -3.20
0.67083 0.73417 -3.20
0.66952 0.73583 -3.20
0.66131 0.74667 -3.20
0.66000 0.74845 -3.20
0.65369 0.75750 -3.20
0.64917 0.76418 -3.20
0.64650 0.76833 -3.20
0.63975 0.77917 -3.20
0.63833 0.78151 -3.20
0.63349 0.79000 -3.20
0.62750 0.80076 -3.20
0.62746 0.80083 -3.20
0.62197 0.81167 -3.20
0.61667 0.82238 -3.20
0.61661 0.82250 -3.20
0.61174 0.83333 -3.20
0.60699 0.84417 -3.20
0.60583 0.84690 -3.20
0.60260 0.85500 -3.20
0.59841 0.86583 -3.20
0.59500 0.87489 -3.20
0.59437 0.87667 -3.20
0.59068 0.88750 -3.20
0.58709 0.89833 -3.20
0.58417 0.90742 -3.20
0.58364 0.90917 -3.20
0.58049 0.92000 -3.20
0.57744 0.93083 -3.20
0.57447 0.94167 -3.20
0.57333 0.94595 -3.20
0.57171 0.95250 -3.20
0.56913 0.96333 -3.20
0.56661 0.97417 -3.20
0.56418 0.98500 -3.20
0.56250 0.99272 -3.20
0.56187 0.99583 -3.20
0.55975 1.00667 -3.20
0.55770 1.01750 -3.20
0.55572 1.02833 -3.20
0.55380 1.03917 -3.20
0.55194 1.05000 -3.20
0.55167 1.05164 -3.20
0.55025 1.06083 -3.20
0.54865 1.07167 -3.20
0.54709 1.08250 -3.20
0.54559 1.09333 -3.20
0.54413 1.10417 -3.20
0.54273 1.11500 -3.20
0.54137 1.12583 -3.20
0.54083 1.13028 -3.20
0.54012 1.13667 -3.20
0.53895 1.14750 -3.20
0.53782 1.15833 -3.20
0.53673 1.16917 -3.20
0.53567 1.18000 -3.20
0.53466 1.19083 -3.20
0.53368 1.20167 -3.20
0.53273 1.21250 -3.20
0.53181 1.22333 -3.20
0.53093 1.23417 -3.20
0.53008 1.24500 -3.20
0.53000 1.24607 -3.20
0.52932 1.25583 -3.20
0.52858 1.26667 -3.20
0.52788 1.27750 -3.20
0.52720 1.28833 -3.20
0.52654 1.29917 -3.20
0.52591 1.31000 -3.20
0.52530 1.32083 -3.20
0.52471 1.33167 -3.20
0.52415 1.34250 -3.20
0.52360 1.35333 -3.20
0.52307 1.36417 -3.20
0.52256 1.37500 -3.20
0.52207 1.38583 -3.20
0.52160 1.39667 -3.20
0.52114 1.40750 -3.20
0.52071 1.41833 -3.20
0.52028 1.42917 -3.20
0.51987 1.44000 -3.20
0.51948 1.45083 -3.20
0.51917 1.45982 -3.20
0.51911 1.46167 -3.20
0.51877 1.47250 -3.20
0.51844 1.48333 -3.20
0.51813 1.49417 -3.20
0.51783 1.50500 -3.20
0.51753 1.51583 -3.20
0.51725 1.52667 -3.20
0.51698 1.53750 -3.20
0.51672 1.54833 -3.20
0.51647 1.55917 -3.20
0.51623 1.57000 -3.20
0.51599 1.58083 -3.20
0.51577 1.59167 -3.20
0.51555 1.60250 -3.20
0.51534 1.61333 -3.20
0.51514 1.62417 -3.20
0.51494 1.63500 -3.20
0.51475 1.64583 -3.20
0.51457 1.65667 -3.20
0.51439 1.66750 -3.20
0.51423 1.67833 -3.20
0.51406 1.68917 -3.20
0.51390 1.70000 -3.20
0.51375 1.71083 -3.20
0.51361 1.72167 -3.20
0.51346 1.73250 -3.20
0.51333 1.74333 -3.20
0.51320 1.75417 -3.20
0.51307 1.76500 -3.20
0.51295 1.77583 -3.20
0.51283 1.78667 -3.20
0.51271 1.79750 -3.20
0.51260 1.80833 -3.20
0.51250 1.81917 -3.20
0.51239 1.83000 -3.20
0.51229 1.84083 -3.20
0.51220 1.85167 -3.20
0.51210 1.86250 -3.20
0.51201 1.87333 -3.20
0.51193 1.88417 -3.20
0.51184 1.89500 -3.20
0.51176 1.90583 -3.20
0.51169 1.91667 -3.20
0.51161 1.92750 -3.20
0.51154 1.93833 -3.20
0.51147 1.94917 -3.20
0.51140 1.96000 -3.20
0.51133 1.97083 -3.20
0.51127 1.98167 -3.20
0.51121 1.99250 -3.20
0.51115 2.00333 -3.20
0.51109 2.01417 -3.20
0.51103 2.02500 -3.20
0.51098 2.03583 -3.20
0.51093 2.04667 -3.20
0.51088 2.05750 -3.20
0.51083 2.06833 -3.20
0.51078 2.07917 -3.20
0.51074 2.09000 -3.20
0.51069 2.10083 -3.20
0.51065 2.11167 -3.20
0.51061 2.12250 -3.20
0.51057 2.13333 -3.20
0.51053 2.14417 -3.20
0.51049 2.15500 -3.20
0.51045 2.16583 -3.20
0.51042 2.17667 -3.20
0.51038 2.18750 -3.20
0.51035 2.19833 -3.20
0.51032 2.20917 -3.20
0.51029 2.22000 -3.20
0.51026 2.23083 -3.20
0.51023 2.24167 -3.20
0.51020 2.25250 -3.20
0.51017 2.26333 -3.20
0.51015 2.27417 -3.20
0.51012 2.28500 -3.20
0.51010 2.29583 -3.20
0.51007 2.30667 -3.20
0.51005 2.31750 -3.20
0.51003 2.32833 -3.20
0.51000 2.33917 -3.20
0.50998 2.35000 -3.20
0.50996 2.36083 -3.20
0.50994 2.37167 -3.20
0.50992 2.38250 -3.20
0.50990 2.39333 -3.20
0.50988 2.40417 -3.20
0.50987 2.41500 -3.20
0.50985 2.42583 -3.20
0.50983 2.43667 -3.20
0.50982 2.44750 -3.20
0.50980 2.45833 -3.20
0.50978 2.46917 -3.20
0.50977 2.48000 -3.20
0.50975 2.49083 -3.20
0.50974 2.50167 -3.20
0.50973 2.51250 -3.20
0.50971 2.52333 -3.20
0.50970 2.53417 -3.20
0.50969 2.54500 -3.20
0.50967 2.55583 -3.20
0.50966 2.56667 -3.20
0.50965 2.57750 -3.20
0.50964 2.58833 -3.20
0.50963 2.59917 -3.20
0.50962 2.61000 -3.20
0.50961 2.62083 -3.20
0.50960 2.63167 -3.20
0.50959 2.64250 -3.20
0.50958 2.65333 -3.20
0.50957 2.66417 -3.20
0.50956 2.67500 -3.20
0.50955 2.68583 -3.20
0.50954 2.69667 -3.20
0.50953 2.70750 -3.20
0.50953 2.71833 -3.20
0.50952 2.72917 -3.20
0.50951 2.74000 -3.20
0.50950 2.75083 -3.20
0.50949 2.76167 -3.20
0.50949 2.77250 -3.20
0.50948 2.78333 -3.20
0.50947 2.79417 -3.20
0.50947 2.80500 -3.20
0.50946 2.81583 -3.20
0.50945 2.82667 -3.20
0.50945 2.83750 -3.20
0.50944 2.84833 -3.20
0.50944 2.85917 -3.20
0.50943 2.87000 -3.20
0.50943 2.88083 -3.20
0.50942 2.89167 -3.20
0.50941 2.90250 -3.20
0.50941 2.91333 -3.20
0.50940 2.92417 -3.20
0.50940 2.93500 -3.20
0.50939 2.94583 -3.20
0.50939 2.95667 -3.20
0.50938 2.96750 -3.20
0.50938 2.97833 -3.20
0.50938 2.98917 -3.20
0.50937 3.00000 -3.20

3.00000 1.17619 -3.20
2.98917 1.17619 -3.20
2.97833 1.17618 -3.20
2.96750 1.17617 -3.20
2.95667 1.17617 -3.20
2.94583 1.17616 -3.20
2.93500 1.17616 -3.20
2.92417 1.17615 -3.20
2.91333 1.17614 -3.20
2.90250 1.17614 -3.20
2.89167 1.17613 -3.20
2.88083 1.17612 -3.20
2.87000 1.17612 -3.20
2.85917 1.17611 -3.20
2.84833 1.17611 -3.20
2.83750 1.17610 -3.20
2.82667 1.17609 -3.20
2.81583 1.17609 -3.20
2.80500 1.17608 -3.20
2.79417 1.17608 -3.20
2.78333 1.17607 -3.20
2.77250 1.17606 -3.20
2.76167 1.17606 -3.20
2.75083 1.17605 -3.20
2.74000 1.17605 -3.20
2.72917 1.17604 -3.20
2.71833 1.17604 -3.20
2.70750 1.17603 -3.20
2.69667 1.17603 -3.20
2.68583 1.17602 -3.20
2.67500 1.17602 -3.20
2.66417 1.17601 -3.20
2.65333 1.17601 -3.20
2.64250 1.17601 -3.20
2.63167 1.17600 -3.20
2.62083 1.17600 -3.20
2.61000 1.17600 -3.20
2.59917 1.17599 -3.20
2.58833 1.17599 -3.20
2.57750 1.17599 -3.20
2.56667 1.17599 -3.20
2.55583 1.17599 -3.20
2.54500 1.17599 -3.20
2.53417 1.17599 -3.20
2.52333 1.17599 -3.20
2.51250 1.17599 -3.20
2.50167 1.17599 -3.20
2.49083 1.17599 -3.20
2.48000 1.17600 -3.20
2.46917 1.17600 -3.20
2.45833 1.17601 -3.20
2.44750 1.17601 -3.20
2.43667 1.17602 -3.20
2.42583 1.17603 -3.20
2.41500 1.17604 -3.20
2.40417 1.17605 -3.20
2.39333 1.17606 -3.20
2.38250 1.17607 -3.20
2.37167 1.17608 -3.20
2.36083 1.17610 -3.20
2.35000 1.17611 -3.20
2.33917 1.17613 -3.20
2.32833 1.17615 -3.20
2.31750 1.17617 -3.20
2.30667 1.17620 -3.20
2.29583 1.17622 -3.20
2.28500 1.17625 -3.20
2.27417 1.17628 -3.20
2.26333 1.17631 -3.20
2.25250 1.17634 -3.20
2.24167 1.17638 -3.20
2.23083 1.17642 -3.20
2.22000 1.17646 -3.20
2.20917 1.17651 -3.20
2.19833 1.17656 -3.20
2.18750 1.17661 -3.20
2.17667 1.17667 -3.20
2.16583 1.17673 -3.20
2.15500 1.17679 -3.20
2.14417 1.17686 -3.20
2.13333 1.17693 -3.20
2.12250 1.17701 -3.20
2.11167 1.17709 -3.20
2.10083 1.17718 -3.20
2.09000 1.17727 -3.20
2.07917 1.17737 -3.20
2.06833 1.17748 -3.20
2.05750 1.17759 -3.20
2.04667 1.17771 -3.20
2.03583 1.17783 -3.20
2.02500 1.17796 -3.20
2.01417 1.17811 -3.20
2.00333 1.17826 -3.20
1.99250 1.17842 -3.20
1.98167 1.17858 -3.20
1.97083 1.17876 -3.20
1.96000 1.17895 -3.20
1.94917 1.17915 -3.20
1.93833 1.17937 -3.20
1.92750 1.17959 -3.20
1.91667 1.17983 -3.20
1.90941 1.18000 -3.20
1.90583 1.18008 -3.20
1.89500 1.18035 -3.20
1.88417 1.18064 -3.20
1.87333 1.18094 -3.20
1.86250 1.18126 -3.20
1.85167 1.18160 -3.20
1.84083 1.18196 -3.20
1.83000 1.18233 -3.20
1.81917 1.18274 -3.20
1.80833 1.18316 -3.20
1.79750 1.18361 -3.20
1.78667 1.18409 -3.20
1.77583 1.18459 -3.20
1.76500 1.18512 -3.20
1.75417 1.18569 -3.20
1.74333 1.18628 -3.20
1.73250 1.18692 -3.20
1.72167 1.18759 -3.20
1.71083 1.18830 -3.20
1.70000 1.18905 -3.20
1.68917 1.18985 -3.20
1.67833 1.19069 -3.20
1.67662 1.19083 -3.20
1.66750 1.19159 -3.20
1.65667 1.19255 -3.20
1.64583 1.19357 -3.20
1.63500 1.19465 -3.20
1.62417 1.19579 -3.20
1.61333 1.19701 -3.20
1.60250 1.19830 -3.20
1.59167 1.19967 -3.20
1.58083 1.20113 -3.20
1.57705 1.20167 -3.20
1.57000 1.20269 -3.20
1.55917 1.20436 -3.20
1.54833 1.20613 -3.20
1.53750 1.20802 -3.20
1.52667 1.21003 -3.20
1.51583 1.21217 -3.20
1.51426 1.21250 -3.20
1.50500 1.21448 -3.20
1.49417 1.21695 -3.20
1.48333 1.21959 -3.20
1.47250 1.22241 -3.20
1.46916 1.22333 -3.20
1.46167 1.22546 -3.20
1.45083 1.22873 -3.20
1.44000 1.23224 -3.20
1.43442 1.23417 -3.20
1.42917 1.23603 -3.20
1.41833 1.24014 -3.20
1.40750 1.24455 -3.20
1.40646 1.24500 -3.20
1.39667 1.24937 -3.20
1.38583 1.25457 -3.20
1.38336 1.25583 -3.20
1.37500 1.26027 -3.20
1.36417 1.26644 -3.20
1.36380 1.26667 -3.20
1.35333 1.27326 -3.20
1.34705 1.27750 -3.20
1.34250 1.28072 -3.20
1.33242 1.28833 -3.20
1.33167 1.28893 -3.20
1.32083 1.29805 -3.20
1.31959 1.29917 -3.20
1.31000 1.30822 -3.20
1.30822 1.31000 -3.20
1.29917 1.31959 -3.20
1.29805 1.32083 -3.20
1.28893 1.33167 -3.20
1.28833 1.33242 -3.20
1.28072 1.34250 -3.20
1.27750 1.34705 -3.20
1.27326 1.35333 -3.20
1.26667 1.36380 -3.20
1.26644 1.36417 -3.20
1.26027 1.37500 -3.20
1.25583 1.38336 -3.20
1.25457 1.38583 -3.20
1.24937 1.39667 -3.20
1.24500 1.40646 -3.20
1.24455 1.40750 -3.20
1.24014 1.41833 -3.20
1.23603 1.42917 -3.20
1.23417 1.43442 -3.20
1.23224 1.44000 -3.20
1.22873 1.45083 -3.20
1.22546 1.46167 -3.20
1.22333 1.46916 -3.20
1.22241 1.47250 -3.20
1.21959 1.48333 -3.20
1.21695 1.49417 -3.20
1.21448 1.50500 -3.20
1.21250 1.51426 -3.20
1.21217 1.51583 -3.20
1.21003 1.52667 -3.20
1.20802 1.53750 -3.20
1.20613 1.54833 -3.20
1.20436 1.55917 -3.20
1.20269 1.57000 -3.20
1.20167 1.57705 -3.20
1.20113 1.58083 -3.20
1.19967 1.59167 -3.20
1.19830 1.60250 -3.20
1.19701 1.61333 -3.20
1.19579 1.62417 -3.20
1.19465 1.63500 -3.20
1.19357 1.64583 -3.20
1.19255 1.65667 -3.20
1.19159 1.66750 -3.20
1.19083 1.67662 -3.20
1.19069 1.67833 -3.20
1.18985 1.68917 -3.20
1.18905 1.70000 -3.20
1.18830 1.71083 -3.20
1.18759 1.72167 -3.20
1.18692 1.73250 -3.20
1.18628 1.74333 -3.20
1.18569 1.75417 -3.20
1.18512 1.76500 -3.20
1.18459 1.77583 -3.20
1.18409 1.78667 -3.20
1.18361 1.79750 -3.20
1.18316 1.80833 -3.20
1.18274 1.81917 -3.20
1.18233 1.83000 -3.20
1.18196 1.84083 -3.20
1.18160 1.85167 -3.20
1.18126 1.86250 -3.20
1.18094 1.87333 -3.20
1.18064 1.88417 -3.20
1.18035 1.89500 -3.20
1.18008 1.90583 -3.20
1.18000 1.90941 -3.20
1.17983 1.91667 -3.20
1.17959 1.92750 -3.20
1.17937 1.93833 -3.20
1.17915 1.94917 -3.20
1.17895 1.96000 -3.20
1.17876 1.97083 -3.20
1.17858 1.98167 -3.20
1.17842 1.99250 -3.20
1.17826 2.00333 -3.20
1.17811 2.01417 -3.20
1.17796 2.02500 -3.20
1.17783 2.03583 -3.20
1.17771 2.04667 -3.20
1.17759 2.05750 -3.20
1.17748 2.06833 -3.20
1.17737 2.07917 -3.20
1.17727 2.09000 -3.20
1.17718 2.10083 -3.20
1.17709 2.11167 -3.20
1.17701 2.12250 -3.20
1.17693 2.13333 -3.20
1.17686 2.14417 -3.20
1.17679 2.15500 -3.20
1.17673 2.16583 -3.20
1.17667 2.17667 -3.20
1.17661 2.18750 -3.20
1.17656 2.19833 -3.20
1.17651 2.20917 -3.20
1.17646 2.22000 -3.20
1.17642 2.23083 -3.20
1.17638 2.24167 -3.20
1.17634 2.25250 -3.20
1.17631 2.26333 -3.20
1.17628 2.27417 -3.20
1.17625 2.28500 -3.20
1.17622 2.29583 -3.20
1.17620 2.30667 -3.20
1.17617 2.31750 -3.20
1.17615 2.32833 -3.20
1.17613 2.33917 -3.20
1.17611 2.35000 -3.20
1.17610 2.36083 -3.20
1.17608 2.37167 -3.20
1.17607 2.38250 -3.20
1.17606 2.39333 -3.20
1.17605 2.40417 -3.20
1.17604 2.41500 -3.20
1.17603 2.42583 -3.20
1.17602 2.43667 -3.20
1.17601 2.44750 -3.20
1.17601 2.45833 -3.20
1.17600 2.46917 -3.20
1.17600 2.48000 -3.20
1.17599 2.49083 -3.20
1.17599 2.50167 -3.20
1.17599 2.51250 -3.20
1.17599 2.52333 -3.20
1.17599 2.53417 -3.20
1.17599 2.54500 -3.20
1.17599 2.55583 -3.20
1.17599 2.56667 -3.20
1.17599 2.57750 -3.20
1.17599 2.58833 -3.20
1.17599 2.59917 -3.20
1.17600 2.61000 -3.20
1.17600 2.62083 -3.20
1.17600 2.63167 -3.20
1.17601 2.64250 -3.20
1.17601 2.65333 -3.20
1.17601 2.66417 -3.20
1.17602 2.67500 -3.20
1.17602 2.68583 -3.20
1.17603 2.69667 -3.20
1.17603 2.70750 -3.20
1.17604 2.71833 -3.20
1.17604 2.72917 -3.20
1.17605 2.74000 -3.20
1.17605 2.75083 -3.20
1.17606 2.76167 -3.20
1.17606 2.77250 -3.20
1.17607 2.78333 -3.20
1.17608 2.79417 -3.20
1.17608 2.80500 -3.20
1.17609 2.81583 -3.20
1.17609 2.82667 -3.20
1.17610 2.83750 -3.20
1.17611 2.84833 -3.20
1.17611 2.85917 -3.20
1.17612 2.87000 -3.20
1.17612 2.88083 -3.20
1.17613 2.89167 -3.20
1.17614 2.90250 -3.20
1.17614 2.91333 -3.20
1.17615 2.92417 -3.20
1.17616 2.93500 -3.20
1.17616 2.94583 -3.20
1.17617 2.95667 -3.20
1.17617 2.96750 -3.20
1.17618 2.97833 -3.20
1.17619 2.98917 -3.20
1.17619 3.00000 -3.20

3.00000 0.46779 -2.40
2.98917 0.46780 -2.40
2.97833 0.46780 -2.40
2.96750 0.46780 -2.40
2.95667 0.46781 -2.40
2.94583 0.46781 -2.40
2.93500 0.46781 -2.40
2.92417 0.46782 -2.40
2.91333 0.46782 -2.40
2.90250 0.46782 -2.40
2.89167 0.46783 -2.40
2.88083 0.46783 -2.40
2.87000 0.46784 -2.40
2.85917 0.46784 -2.40
2.84833 0.46785 -2.40
2.83750 0.46785 -2.40
2.82667 0.46786 -2.40
2.81583 0.46786 -2.40
2.80500 0.46786 -2.40
2.79417 0.46787 -2.40
2.78333 0.46787 -2.40
2.77250 0.46788 -2.40
2.76167 0.46789 -2.40
2.75083 0.46789 -2.40
2.74000 0.46790 -2.40
2.72917 0.46790 -2.40
2.71833 0.46791 -2.40
2.70750 0.46792 -2.40
2.69667 0.46792 -2.40
2.68583 0.46793 -2.40
2.67500 0.46794 -2.40
2.66417 0.46794 -2.40
2.65333 0.46795 -2.40
2.64250 0.46796 -2.40
2.63167 0.46797 -2.40
2.62083 0.46797 -2.40
2.61000 0.46798 -2.40
2.59917 0.46799 -2.40
2.58833 0.46800 -2.40
2.57750 0.46801 -2.40
2.56667 0.46802 -2.40
2.55583 0.46803 -2.40
2.54500 0.46803 -2.40
2.53417 0.46804 -2.40
2.52333 0.46805 -2.40
2.51250 0.46807 -2.40
2.50167 0.46808 -2.40
2.49083 0.46809 -2.40
2.48000 0.46810 -2.40
2.46917 0.46811 -2.40
2.45833 0.46812 -2.40
2.44750 0.46813 -2.40
2.43667 0.46815 -2.40
2.42583 0.46816 -2.40
2.41500 0.46817 -2.40
2.40417 0.46819 -2.40
2.39333 0.46820 -2.40
2.38250 0.46822 -2.40
2.37167 0.46823 -2.40
2.36083 0.46825 -2.40
2.35000 0.46826 -2.40
2.33917 0.46828 -2.40
2.32833 0.46830 -2.40
2.31750 0.46832 -2.40
2.30667 0.46833 -2.40
2.29583 0.46835 -2.40
2.28500 0.46837 -2.40
2.27417 0.46839 -2.40
2.26333 0.46841 -2.40
2.25250 0.46843 -2.40
2.24167 0.46846 -2.40
2.23083 0.46848 -2.40
2.22000 0.46850 -2.40
2.20917 0.46853 -2.40
2.19833 0.46855 -2.40
2.18750 0.46858 -2.40
2.17667 0.46861 -2.40
2.16583 0.46863 -2.40
2.15500 0.46866 -2.40
2.14417 0.46869 -2.40
2.13333 0.46872 -2.40
2.12250 0.46875 -2.40
2.11167 0.46879 -2.40
2.10083 0.46882 -2.40
2.09000 0.46886 -2.40
2.07917 0.46889 -2.40
2.06833 0.46893 -2.40
2.05750 0.46897 -2.40
2.04667 0.46901 -2.40
2.03583 0.46905 -2.40
2.02500 0.46909 -2.40
2.01417 0.46913 -2.40
2.00333 0.46918 -2.40
1.99250 0.46923 -2.40
1.98167 0.46927 -2.40
1.97083 0.46933 -2.40
1.96000 0.46938 -2.40
1.94917 0.46943 -2.40
1.93833 0.46949 -2.40
1.92750 0.46954 -2.40
1.91667 0.46960 -2.40
1.90583 0.46967 -2.40
1.89500 0.46973 -2.40
1.88417 0.46980 -2.40
1.87333 0.46987 -2.40
1.86250 0.46994 -2.40
1.85167 0.47001 -2.40
1.84083 0.47009 -2.40
1.83000 0.47017 -2.40
1.81917 0.47025 -2.40
1.80833 0.47033 -2.40
1.79750 0.47042 -2.40
1.78667 0.47051 -2.40
1.77583 0.47061 -2.40
1.76500 0.47070 -2.40
1.75417 0.47081 -2.40
1.74333 0.47091 -2.40
1.73250 0.47102 -2.40
1.72167 0.47113 -2.40
1.71083 0.47125 -2.40
1.70000 0.47137 -2.40
1.68917 0.47150 -2.40
1.67833 0.47163 -2.40
1.66750 0.47177 -2.40
1.65667 0.47191 -2.40
1.64583 0.47205 -2.40
1.63500 0.47220 -2.40
1.62417 0.47236 -2.40
1.61333 0.47252 -2.40
1.60250 0.47269 -2.40
1.59167 0.47287 -2.40
1.58083 0.47305 -2.40
1.57000 0.47324 -2.40
1.55917 0.47343 -2.40
1.54833 0.47364 -2.40
1.53750 0.47385 -2.40
1.52667 0.47407 -2.40
1.51583 0.47429 -2.40
1.50500 0.47453 -2.40
1.49417 0.47477 -2.40
1.48333 0.47503 -2.40
1.47250 0.47529 -2.40
1.46167 0.47557 -2.40
1.45144 0.47583 -2.40
1.45083 0.47585 -2.40
1.44000 0.47617 -2.40
1.42917 0.47650 -2.40
1.41833 0.47684 -2.40
1.40750 0.47719 -2.40
1.39667 0.47756 -2.40
1.38583 0.47794 -2.40
1.37500 0.47834 -2.40
1.36417 0.47875 -2.40
1.35333 0.47918 -2.40
1.34250 0.47962 -2.40
1.33167 0.48008 -2.40
1.32083 0.48056 -2.40
1.31000 0.48106 -2.40
1.29917 0.48157 -2.40
1.28833 0.48211 -2.40
1.27750 0.48266 -2.40
1.26667 0.48324 -2.40
1.25583 0.48384 -2.40
1.24500 0.48446 -2.40
1.23417 0.48510 -2.40
1.22333 0.48577 -2.40
1.21250 0.48647 -2.40
1.20952 0.48667 -2.40
1.20167 0.48723 -2.40
1.19083 0.48803 -2.40
1.18000 0.48887 -2.40
1.16917 0.48973 -2.40
1.15833 0.49063 -2.40
1.14750 0.49156 -2.40
1.13667 0.49253 -2.40
1.12583 0.49353 -2.40
1.11500 0.49457 -2.40
1.10417 0.49565 -2.40
1.09333 0.49676 -2.40
1.08646 0.49750 -2.40
1.08250 0.49795 -2.40
1.07167 0.49925 -2.40
1.06083 0.50058 -2.40
1.05000 0.50197 -2.40
1.03917 0.50341 -2.40
1.02833 0.50489 -2.40
1.01750 0.50644 -2.40
1.00667 0.50803 -2.40
1.00471 0.50833 -2.40
0.99583 0.50979 -2.40
0.98500 0.51163 -2.40
0.97417 0.51353 -2.40
0.96333 0.51550 -2.40
0.95250 0.51754 -2.40
0.94415 0.51917 -2.40
0.94167 0.51968 -2.40
0.93083 0.52202 -2.40
0.92000 0.52444 -2.40
0.90917 0.52694 -2.40
0.89833 0.52953 -2.40
0.89644 0.53000 -2.40
0.88750 0.53236 -2.40
0.87667 0.53532 -2.40
0.86583 0.53837 -2.40
0.85740 0.54083 -2.40
0.85500 0.54158 -2.40
0.84417 0.54506 -2.40
0.83333 0.54866 -2.40
0.82457 0.55167 -2.40
0.82250 0.55242 -2.40
0.81167 0.55651 -2.40
0.80083 0.56073 -2.40
0.79644 0.56250 -2.40
0.79000 0.56525 -2.40
0.77917 0.57004 -2.40
0.77194 0.57333 -2.40
0.76833 0.57507 -2.40
0.75750 0.58049 -2.40
0.75037 0.58417 -2.40
0.74667 0.58618 -2.40
0.73583 0.59229 -2.40
0.73119 0.59500 -2.40
0.72500 0.59880 -2.40
0.71417 0.60567 -2.40
0.71393 0.60583 -2.40
0.70333 0.61318 -2.40
0.69847 0.61667 -2.40
0.69250 0.62116 -2.40
0.68437 0.62750 -2.40
0.68167 0.62971 -2.40
0.67148 0.63833 -2.40
0.67083 0.63891 -2.40
0.66000 0.64889 -2.40
0.65971 0.64917 -2.40
0.64917 0.65971 -2.40
0.64889 0.66000 -2.40
0.63891 0.67083 -2.40
0.63833 0.67148 -2.40
0.62971 0.68167 -2.40
0.62750 0.68437 -2.40
0.62116 0.69250 -2.40
0.61667 0.69847 -2.40
0.61318 0.70333 -2.40
0.60583 0.71393 -2.40
0.60567 0.71417 -2.40
0.59880 0.72500 -2.40
0.59500 0.73119 -2.40
0.59229 0.73583 -2.40
0.58618 0.74667 -2.40
0.58417 0.75037 -2.40
0.58049 0.75750 -2.40
0.57507 0.76833 -2.40
0.57333 0.77194 -2.40
0.57004 0.77917 -2.40
0.56525 0.79000 -2.40
0.56250 0.79644 -2.40
0.56073 0.80083 -2.40
0.55651 0.81167 -2.40
0.55242 0.82250 -2.40
0.55167 0.82457 -2.40
0.54866 0.83333 -2.40
0.54506 0.84417 -2.40
0.54158 0.85500 -2.40
0.54083 0.85740 -2.40
0.53837 0.86583 -2.40
0.53532 0.87667 -2.40
0.53236 0.88750 -2.40
0.53000 0.89644 -2.40
0.52953 0.89833 -2.40
0.52694 0.90917 -2.40
0.52444 0.92000 -2.40
0.52202 0.93083 -2.40
0.51968 0.94167 -2.40
0.51917 0.94415 -2.40
0.51754 0.95250 -2.40
0.51550 0.96333 -2.40
0.51353 0.97417 -2.40
0.51163 0.98500 -2.40
0.50979 0.99583 -2.40
0.50833 1.00471 -2.40
0.50803 1.00667 -2.40
0.50644 1.01750 -2.40
0.50489 1.02833 -2.40
0.50341 1.03917 -2.40
0.50197 1.05000 -2.40
0.50058 1.06083 -2.40
0.49925 1.07167 -2.40
0.49795 1.08250 -2.40
0.49750 1.08646 -2.40
0.49676 1.09333 -2.40
0.49565 1.10417 -2.40
0.49457 1.11500 -2.40
0.49353 1.12583 -2.40
0.49253 1.13667 -2.40
0.49156 1.14750 -2.40
0.49063 1.15833 -2.40
0.48973 1.16917 -2.40
0.48887 1.18000 -2.40
0.48803 1.19083 -2.40
0.48723 1.20167 -2.40
0.48667 1.20952 -2.40
0.48647 1.21250 -2.40
0.48577 1.22333 -2.40
0.48510 1.23417 -2.40
0.48446 1.24500 -2.40
0.48384 1.25583 -2.40
0.48324 1.26667 -2.40
0.48266 1.27750 -2.40
0.48211 1.28833 -2.40
0.48157 1.29917 -2.40
0.48106 1.31000 -2.40
0.48056 1.32083 -2.40
0.48008 1.33167 -2.40
0.47962 1.34250 -2.40
0.47918 1.35333 -2.40
0.47875 1.36417 -2.40
0.47834 1.37500 -2.40
0.47794 1.38583 -2.40
0.47756 1.39667 -2.40
0.47719 1.40750 -2.40
0.47684 1.41833 -2.40
0.47650 1.42917 -2.40
0.47617 1.44000 -2.40
0.47585 1.45083 -2.40
0.47583 1.45144 -2.40
0.47557 1.46167 -2.40
0.47529 1.47250 -2.40
0.47503 1.48333 -2.40
0.47477 1.49417 -2.40
0.47453 1.50500 -2.40
0.47429 1.51583 -2.40
0.47407 1.52667 -2.40
0.47385 1.53750 -2.40
0.47364 1.54833 -2.40
0.47343 1.55917 -2.40
0.47324 1.57000 -2.40
0.47305 1.58083 -2.40
0.47287 1.59167 -2.40
0.47269 1.60250 -2.40
0.47252 1.61333 -2.40
0.47236 1.62417 -2.40
0.47220 1.63500 -2.40
0.47205 1.64583 -2.40
0.47191 1.65667 -2.40
0.47177 1.66750 -2.40
0.47163 1.67833 -2.40
0.47150 1.68917 -2.40
0.47137 1.70000 -2.40
0.47125 1.71083 -2.40
0.47113 1.72167 -2.40
0.47102 1.73250 -2.40
0.47091 1.74333 -2.40
0.47081 1.75417 -2.40
0.47070 1.76500 -2.40
0.47061 1.77583 -2.40
0.47051 1.78667 -2.40
0.47042 1.79750 -2.40
0.47033 1.80833 -2.40
0.47025 1.81917 -2.40
0.47017 1.83000 -2.40
0.47009 1.84083 -2.40
0.47001 1.85167 -2.40
0.46994 1.86250 -2.40
0.46987 1.87333 -2.40
0.46980 1.88417 -2.40
0.46973 1.89500 -2.40
0.46967 1.90583 -2.40
0.46960 1.91667 -2.40
0.46954 1.92750 -2.40
0.46949 1.93833 -2.40
0.46943 1.94917 -2.40
0.46938 1.96000 -2.40
0.46933 1.97083 -2.40
0.46927 1.98167 -2.40
0.46923 1.99250 -2.40
0.46918 2.00333 -2.40
0.46913 2.01417 -2.40
0.46909 2.02500 -2.40
0.46905 2.03583 -2.40
0.46901 2.04667 -2.40
0.46897 2.05750 -2.40
0.46893 2.06833 -2.40
0.46889 2.07917 -2.40
0.46886 2.09000 -2.40
0.46882 2.10083 -2.40
0.46879 2.11167 -2.40
0.46875 2.12250 -2.40
0.46872 2.13333 -2.40
0.46869 2.14417 -2.40
0.46866 2.15500 -2.40
0.46863 2.16583 -2.40
0.46861 2.17667 -2.40
0.46858 2.18750 -2.40
0.46855 2.19833 -2.40
0.46853 2.20917 -2.40
0.46850 2.22000 -2.40
0.46848 2.23083 -2.40
0.46846 2.24167 -2.40
0.46843 2.25250 -2.40
0.46841 2.26333 -2.40
0.46839 2.27417 -2.40
0.46837 2.28500 -2.40
0.46835 2.29583 -2.40
0.46833 2.30667 -2.40
0.46832 2.31750 -2.40
0.46830 2.32833 -2.40
0.46828 2.33917 -2.40
0.46826 2.35000 -2.40
0.46825 2.36083 -2.40
0.46823 2.37167 -2.40
0.46822 2.38250 -2.40
0.46820 2.39333 -2.40
0.46819 2.40417 -2.40
0.46817 2.41500 -2.40
0.46816 2.42583 -2.40
0.46815 2.43667 -2.40
0.46813 2.44750 -2.40
0.46812 2.45833 -2.40
0.46811 2.46917 -2.40
0.46810 2.48000 -2.40
0.46809 2.49083 -2.40
0.46808 2.50167 -2.40
0.46807 2.51250 -2.40
0.46805 2.52333 -2.40
0.46804 2.53417 -2.40
0.46803 2.54500 -2.40
0.46803 2.55583 -2.40
0.46802 2.56667 -2.40
0.46801 2.57750 -2.40
0.46800 2.58833 -2.40
0.46799 2.59917 -2.40
0.46798 2.61000 -2.40
0.46797 2.62083 -2.40
0.46797 2.63167 -2.40
0.46796 2.64250 -2.40
0.46795 2.65333 -2.40
0.46794 2.66417 -2.40
0.46794 2.67500 -2.40
0.46793 2.68583 -2.40
0.46792 2.69667 -2.40
0.46792 2.70750 -2.40
0.46791 2.71833 -2.40
0.46790 2.72917 -2.40
0.46790 2.74000 -2.40
0.46789 2.75083 -2.40
0.46789 2.76167 -2.40
0.46788 2.77250 -2.40
0.46787 2.78333 -2.40
0.46787 2.79417 -2.40
0.46786 2.80500 -2.40
0.46786 2.81583 -2.40
0.46786 2.82667 -2.40
0.46785 2.83750 -2.40
0.46785 2.84833 -2.40
0.46784 2.85917 -2.40
0.46784 2.87000 -2.40
0.46783 2.88083 -2.40
0.46783 2.89167 -2.40
0.46782 2.90250 -2.40
0.46782 2.91333 -2.40
0.46782 2.92417 -2.40
0.46781 2.93500 -2.40
0.46781 2.94583 -2.40
0.46781 2.95667 -2.40
0.46780 2.96750 -2.40
0.46780 2.97833 -2.40
0.46780 2.98917 -2.40
0.46779 3.00000 -2.40

3.00000 1.36578 -2.40
2.98917 1.36578 -2.40
2.97833 1.36577 -2.40
2.96750 1.36577 -2.40
2.95667 1.36577 -2.40
2.94583 1.36577 -2.40
2.93500 1.36577 -2.40
2.92417 1.36577 -2.40
2.91333 1.36577 -2.40
2.90250 1.36577 -2.40
2.89167 1.36577 -2.40
2.88083 1.36577 -2.40
2.87000 1.36577 -2.40
2.85917 1.36577 -2.40
2.84833 1.36577 -2.40
2.83750 1.36577 -2.40
2.82667 1.36577 -2.40
2.81583 1.36577 -2.40
2.80500 1.36578 -2.40
2.79417 1.36578 -2.40
2.78333 1.36579 -2.40
2.77250 1.36579 -2.40
2.76167 1.36580 -2.40
2.75083 1.36580 -2.40
2.74000 1.36581 -2.40
2.72917 1.36582 -2.40
2.71833 1.36582 -2.40
2.70750 1.36583 -2.40
2.69667 1.36584 -2.40
2.68583 1.36585 -2.40
2.67500 1.36586 -2.40
2.66417 1.36587 -2.40
2.65333 1.36589 -2.40
2.64250 1.36590 -2.40
2.63167 1.36592 -2.40
2.62083 1.36593 -2.40
2.61000 1.36595 -2.40
2.59917 1.36597 -2.40
2.58833 1.36599 -2.40
2.57750 1.36602 -2.40
2.56667 1.36604 -2.40
2.55583 1.36607 -2.40
2.54500 1.36609 -2.40
2.53417 1.36612 -2.40
2.52333 1.36615 -2.40
2.51250 1.36619 -2.40
2.50167 1.36622 -2.40
2.49083 1.36626 -2.40
2.48000 1.36630 -2.40
2.46917 1.36634 -2.40
2.45833 1.36639 -2.40
2.44750 1.36644 -2.40
2.43667 1.36649 -2.40
2.42583 1.36654 -2.40
2.41500 1.36660 -2.40
2.40417 1.36666 -2.40
2.39333 1.36673 -2.40
2.38250 1.36680 -2.40
2.37167 1.36687 -2.40
2.36083 1.36695 -2.40
2.35000 1.36703 -2.40
2.33917 1.36712 -2.40
2.32833 1.36721 -2.40
2.31750 1.36731 -2.40
2.30667 1.36741 -2.40
2.29583 1.36752 -2.40
2.28500 1.36763 -2.40
2.27417 1.36775 -2.40
2.26333 1.36788 -2.40
2.25250 1.36802 -2.40
2.24167 1.36816 -2.40
2.23083 1.36831 -2.40
2.22000 1.36847 -2.40
2.20917 1.36864 -2.40
2.19833 1.36881 -2.40
2.18750 1.36900 -2.40
2.17667 1.36920 -2.40
2.16583 1.36941 -2.40
2.15500 1.36963 -2.40
2.14417 1.36986 -2.40
2.13333 1.37010 -2.40
2.12250 1.37036 -2.40
2.11167 1.37063 -2.40
2.10083 1.37092 -2.40
2.09000 1.37122 -2.40
2.07917 1.37155 -2.40
2.06833 1.37188 -2.40
2.05750 1.37224 -2.40
2.04667 1.37261 -2.40
2.03583 1.37301 -2.40
2.02500 1.37343 -2.40
2.01417 1.37387 -2.40
2.00333 1.37433 -2.40
1.99250 1.37482 -2.40
1.98881 1.37500 -2.40
1.98167 1.37535 -2.40
1.97083 1.37590 -2.40
1.96000 1.37649 -2.40
1.94917 1.37710 -2.40
1.93833 1.37776 -2.40
1.92750 1.37845 -2.40
1.91667 1.37917 -2.40
1.90583 1.37994 -2.40
1.89500 1.38075 -2.40
1.88417 1.38161 -2.40
1.87333 1.38252 -2.40
1.86250 1.38348 -2.40
1.85167 1.38450 -2.40
1.84083 1.38557 -2.40
1.83828 1.38583 -2.40
1.83000 1.38672 -2.40
1.81917 1.38794 -2.40
1.80833 1.38923 -2.40
1.79750 1.39060 -2.40
1.78667 1.39205 -2.40
1.77583 1.39358 -2.40
1.76500 1.39521 -2.40
1.75585 1.39667 -2.40
1.75417 1.39694 -2.40
1.74333 1.39881 -2.40
1.73250 1.40079 -2.40
1.72167 1.40289 -2.40
1.71083 1.40512 -2.40
1.70000 1.40749 -2.40
1.69997 1.40750 -2.40
1.68917 1.41007 -2.40
1.67833 1.41281 -2.40
1.66750 1.41572 -2.40
1.65838 1.41833 -2.40
1.65667 1.41884 -2.40
1.64583 1.42222 -2.40
1.63500 1.42583 -2.40
1.62562 1.42917 -2.40
1.62417 1.42970 -2.40
1.61333 1.43392 -2.40
1.60250 1.43842 -2.40
1.59892 1.44000 -2.40
1.59167 1.44333 -2.40
1.58083 1.44862 -2.40
1.57658 1.45083 -2.40
1.57000 1.45439 -2.40
1.55917 1.46065 -2.40
1.55750 1.46167 -2.40
1.54833 1.46753 -2.40
1.54105 1.47250 -2.40
1.53750 1.47504 -2.40
1.52667 1.48328 -2.40
1.52660 1.48333 -2.40
1.51583 1.49243 -2.40
1.51390 1.49417 -2.40
1.50500 1.50258 -2.40
1.50258 1.50500 -2.40
1.49417 1.51390 -2.40
1.49243 1.51583 -2.40
1.48333 1.52660 -2.40
1.48328 1.52667 -2.40
1.47504 1.53750 -2.40
1.47250 1.54105 -2.40
1.46753 1.54833 -2.40
1.46167 1.55750 -2.40
1.46065 1.55917 -2.40
1.45439 1.57000 -2.40
1.45083 1.57658 -2.40
1.44862 1.58083 -2.40
1.44333 1.59167 -2.40
1.44000 1.59892 -2.40
1.43842 1.60250 -2.40
1.43392 1.61333 -2.40
1.42970 1.62417 -2.40
1.42917 1.62562 -2.40
1.42583 1.63500 -2.40
1.42222 1.64583 -2.40
1.41884 1.65667 -2.40
1.41833 1.65838 -2.40
1.41572 1.66750 -2.40
1.41281 1.67833 -2.40
1.41007 1.68917 -2.40
1.40750 1.69997 -2.40
1.40749 1.70000 -2.40
1.40512 1.71083 -2.40
1.40289 1.72167 -2.40
1.40079 1.73250 -2.40
1.39881 1.74333 -2.40
1.39694 1.75417 -2.40
1.39667 1.75585 -2.40
1.39521 1.76500 -2.40
1.39358 1.77583 -2.40
1.39205 1.78667 -2.40
1.39060 1.79750 -2.40
1.38923 1.80833 -2.40
1.38794 1.81917 -2.40
1.38672 1.83000 -2.40
1.38583 1.83828 -2.40
1.38557 1.84083 -2.40
1.38450 1.85167 -2.40
1.38348 1.86250 -2.40
1.38252 1.87333 -2.40
1.38161 1.88417 -2.40
1.38075 1.89500 -2.40
1.37994 1.90583 -2.40
1.37917 1.91667 -2.40
1.37845 1.92750 -2.40
1.37776 1.93833 -2.40
1.37710 1.94917 -2.40
1.37649 1.96000 -2.40
1.37590 1.97083 -2.40
1.37535 1.98167 -2.40
1.37500 1.98881 -2.40
1.37482 1.99250 -2.40
1.37433 2.00333 -2.40
1.37387 2.01417 -2.40
1.37343 2.02500 -2.40
1.37301 2.03583 -2.40
1.37261 2.04667 -2.40
1.37224 2.05750 -2.40
1.37188 2.06833 -2.40
1.37155 2.07917 -2.40
1.37122 2.09000 -2.40
1.37092 2.10083 -2.40
1.37063 2.11167 -2.40
1.37036 2.12250 -2.40
1.37010 2.13333 -2.40
1.36986 2.14417 -2.40
1.36963 2.15500 -2.40
1.36941 2.16583 -2.40
1.36920 2.17667 -2.40
1.36900 2.18750 -2.40
1.36881 2.19833 -2.40
1.36864 2.20917 -2.40
1.36847 2.22000 -2.40
1.36831 2.23083 -2.40
1.36816 2.24167 -2.40
1.36802 2.25250 -2.40
1.36788 2.26333 -2.40
1.36775 2.27417 -2.40
1.36763 2.28500 -2.40
1.36752 2.29583 -2.40
1.36741 2.30667 -2.40
1.36731 2.31750 -2.40
1.36721 2.32833 -2.40
1.36712 2.33917 -2.40
1.36703 2.35000 -2.40
1.36695 2.36083 -2.40
1.36687 2.37167 -2.40
1.36680 2.38250 -2.40
1.36673 2.39333 -2.40
1.36666 2.40417 -2.40
1.36660 2.41500 -2.40
1.36654 2.42583 -2.40
1.36649 2.43667 -2.40
1.36644 2.44750 -2.40
1.36639 2.45833 -2.40
1.36634 2.46917 -2.40
1.36630 2.48000 -2.40
1.36626 2.49083 -2.40
1.36622 2.50167 -2.40
1.36619 2.51250 -2.40
1.36615 2.52333 -2.40
1.36612 2.53417 -2.40
1.36609 2.54500 -2.40
1.36607 2.55583 -2.40
1.36604 2.56667 -2.40
1.36602 2.57750 -2.40
1.36599 2.58833 -2.40
1.36597 2.59917 -2.40
1.36595 2.61000 -2.40
1.36593 2.62083 -2.40
1.36592 2.63167 -2.40
1.36590 2.64250 -2.40
1.36589 2.65333 -2.40
1.36587 2.66417 -2.40
1.36586 2.67500 -2.40
1.36585 2.68583 -2.40
1.36584 2.69667 -2.40
1.36583 2.70750 -2.40
1.36582 2.71833 -2.40
1.36582 2.72917 -2.40
1.36581 2.74000 -2.40
1.36580 2.75083 -2.40
1.36580 2.76167 -2.40
1.36579 2.77250 -2.40
1.36579 2.78333 -2.40
1.36578 2.79417 -2.40
1.36578 2.80500 -2.40
1.36577 2.81583 -2.40
1.36577 2.82667 -2.40
1.36577 2.83750 -2.40
1.36577 2.84833 -2.40
1.36577 2.85917 -2.40
1.36577 2.87000 -2.40
1.36577 2.88083 -2.40
1.36577 2.89167 -2.40
1.36577 2.90250 -2.40
1.36577 2.91333 -2.40
1.36577 2.92417 -2.40
1.36577 2.93500 -2.40
1.36577 2.94583 -2.40
1.36577 2.95667 -2.40
1.36577 2.96750 -2.40
1.36577 2.97833 -2.40
1.36578 2.98917 -2.40
1.36578 3.00000 -2.40

3.00000 0.43528 -1.60
2.98917 0.43528 -1.60
2.97833 0.43528 -1.60
2.96750 0.43528 -1.60
2.95667 0.43529 -1.60
2.94583 0.43529 -1.60
2.93500 0.43529 -1.60
2.92417 0.43530 -1.60
2.91333 0.43530 -1.60
2.90250 0.43530 -1.60
2.89167 0.43531 -1.60
2.88083 0.43531 -1.60
2.87000 0.43531 -1.60
2.85917 0.43532 -1.60
2.84833 0.43532 -1.60
2.83750 0.43533 -1.60
2.82667 0.43533 -1.60
2.81583 0.43533 -1.60
2.80500 0.43534 -1.60
2.79417 0.43534 -1.60
2.78333 0.43535 -1.60
2.77250 0.43535 -1.60
2.76167 0.43535 -1.60
2.75083 0.43536 -1.60
2.74000 0.43537 -1.60
2.72917 0.43537 -1.60
2.71833 0.43538 -1.60
2.70750 0.43538 -1.60
2.69667 0.43539 -1.60
2.68583 0.43539 -1.60
2.67500 0.43540 -1.60
2.66417 0.43540 -1.60
2.65333 0.43541 -1.60
2.64250 0.43541 -1.60
2.63167 0.43542 -1.60
2.62083 0.43543 -1.60
2.61000 0.43544 -1.60
2.59917 0.43544 -1.60
2.58833 0.43545 -1.60
2.57750 0.43546 -1.60
2.56667 0.43546 -1.60
2.55583 0.43547 -1.60
2.54500 0.43548 -1.60
2.53417 0.43549 -1.60
2.52333 0.43550 -1.60
2.51250 0.43550 -1.60
2.50167 0.43551 -1.60
2.49083 0.43552 -1.60
2.48000 0.43553 -1.60
2.46917 0.43554 -1.60
2.45833 0.43555 -1.60
2.44750 0.43556 -1.60
2.43667 0.43557 -1.60
2.42583 0.43558 -1.60
2.41500 0.43560 -1.60
2.40417 0.43561 -1.60
2.39333 0.43562 -1.60
2.38250 0.43563 -1.60
2.37167 0.43565 -1.60
2.36083 0.43566 -1.60
2.35000 0.43567 -1.60
2.33917 0.43569 -1.60
2.32833 0.43570 -1.60
2.31750 0.43572 -1.60
2.30667 0.43573 -1.60
2.29583 0.43575 -1.60
2.28500 0.43577 -1.60
2.27417 0.43578 -1.60
2.26333 0.43580 -1.60
2.25250 0.43582 -1.60
2.24167 0.43584 -1.60
2.23083 0.43586 -1.60
2.22000 0.43588 -1.60
2.20917 0.43590 -1.60
2.19833 0.43592 -1.60
2.18750 0.43594 -1.60
2.17667 0.43596 -1.60
2.16583 0.43599 -1.60
2.15500 0.43601 -1.60
2.14417 0.43604 -1.60
2.13333 0.43606 -1.60
2.12250 0.43609 -1.60
2.11167 0.43611 -1.60
2.10083 0.43614 -1.60
2.09000 0.43617 -1.60
2.07917 0.43620 -1.60
2.06833 0.43624 -1.60
2.05750 0.43627 -1.60
2.04667 0.43630 -1.60
2.03583 0.43634 -1.60
2.02500 0.43637 -1.60
2.01417 0.43641 -1.60
2.00333 0.43645 -1.60
1.99250 0.43649 -1.60
1.98167 0.43653 -1.60
1.97083 0.43657 -1.60
1.96000 0.43662 -1.60
1.94917 0.43667 -1.60
1.93833 0.43671 -1.60
1.92750 0.43676 -1.60
1.91667 0.43681 -1.60
1.90583 0.43687 -1.60
1.89500 0.43692 -1.60
1.88417 0.43698 -1.60
1.87333 0.43704 -1.60
1.86250 0.43710 -1.60
1.85167 0.43716 -1.60
1.84083 0.43722 -1.60
1.83000 0.43729 -1.60
1.81917 0.43736 -1.60
1.80833 0.43744 -1.60
1.79750 0.43751 -1.60
1.78667 0.43759 -1.60
1.77583 0.43767 -1.60
1.76500 0.43775 -1.60
1.75417 0.43784 -1.60
1.74333 0.43793 -1.60
1.73250 0.43802 -1.60
1.72167 0.43812 -1.60
1.71083 0.43822 -1.60
1.70000 0.43833 -1.60
1.68917 0.43844 -1.60
1.67833 0.43855 -1.60
1.66750 0.43866 -1.60
1.65667 0.43878 -1.60
1.64583 0.43891 -1.60
1.63500 0.43904 -1.60
1.62417 0.43917 -1.60
1.61333 0.43932 -1.60
1.60250 0.43946 -1.60
1.59167 0.43961 -1.60
1.58083 0.43977 -1.60
1.57000 0.43993 -1.60
1.55917 0.44010 -1.60
1.54833 0.44028 -1.60
1.53750 0.44046 -1.60
1.52667 0.44065 -1.60
1.51583 0.44084 -1.60
1.50500 0.44105 -1.60
1.49417 0.44126 -1.60
1.48333 0.44148 -1.60
1.47250 0.44170 -1.60
1.46167 0.44194 -1.60
1.45083 0.44219 -1.60
1.44000 0.44244 -1.60
1.42917 0.44271 -1.60
1.41833 0.44298 -1.60
1.40750 0.44327 -1.60
1.40508 0.44333 -1.60
1.39667 0.44358 -1.60
1.38583 0.44391 -1.60
1.37500 0.44425 -1.60
1.36417 0.44461 -1.60
1.35333 0.44498 -1.60
1.34250 0.44536 -1.60
1.33167 0.44576 -1.60
1.32083 0.44618 -1.60
1.31000 0.44661 -1.60
1.29917 0.44705 -1.60
1.28833 0.44752 -1.60
1.27750 0.44800 -1.60
1.26667 0.44850 -1.60
1.25583 0.44902 -1.60
1.24500 0.44956 -1.60
1.23417 0.45012 -1.60
1.22333 0.45070 -1.60
1.21250 0.45131 -1.60
1.20167 0.45194 -1.60
1.19083 0.45259 -1.60
1.18000 0.45327 -1.60
1.16917 0.45397 -1.60
1.16626 0.45417 -1.60
1.15833 0.45474 -1.60
1.14750 0.45555 -1.60
1.13667 0.45639 -1.60
1.12583 0.45727 -1.60
1.11500 0.45818 -1.60
1.10417 0.45912 -1.60
1.09333 0.46010 -1.60
1.08250 0.46111 -1.60
1.07167 0.46217 -1.60
1.06083 0.46326 -1.60
1.05000 0.46440 -1.60
1.04446 0.46500 -1.60
1.03917 0.46562 -1.60
1.02833 0.46692 -1.60
1.01750 0.46828 -1.60
1.00667 0.46968 -1.60
0.99583 0.47114 -1.60
0.98500 0.47265 -1.60
0.97417 0.47422 -1.60
0.96342 0.47583 -1.60
0.96333 0.47585 -1.60
0.95250 0.47765 -1.60
0.94167 0.47951 -1.60
0.93083 0.48145 -1.60
0.92000 0.48345 -1.60
0.90917 0.48553 -1.60
0.90343 0.48667 -1.60
0.89833 0.48774 -1.60
0.88750 0.49012 -1.60
0.87667 0.49258 -1.60
0.86583 0.49513 -1.60
0.85612 0.49750 -1.60
0.85500 0.49779 -1.60
0.84417 0.50070 -1.60
0.83333 0.50372 -1.60
0.82250 0.50683 -1.60
0.81747 0.50833 -1.60
0.81167 0.51017 -1.60
0.80083 0.51372 -1.60
0.79000 0.51740 -1.60
0.78497 0.51917 -1.60
0.77917 0.52133 -1.60
0.76833 0.52550 -1.60
0.75750 0.52982 -1.60
0.75707 0.53000 -1.60
0.74667 0.53456 -1.60
0.73583 0.53945 -1.60
0.73289 0.54083 -1.60
0.72500 0.54474 -1.60
0.71417 0.55029 -1.60
0.71158 0.55167 -1.60
0.70333 0.55629 -1.60
0.69260 0.56250 -1.60
0.69250 0.56256 -1.60
0.68167 0.56943 -1.60
0.67571 0.57333 -1.60
0.67083 0.57669 -1.60
0.66036 0.58417 -1.60
0.66000 0.58444 -1.60
0.64917 0.59288 -1.60
0.64655 0.59500 -1.60
0.63833 0.60196 -1.60
0.63394 0.60583 -1.60
0.62750 0.61176 -1.60
0.62238 0.61667 -1.60
0.61667 0.62238 -1.60
0.61176 0.62750 -1.60
0.60583 0.63394 -1.60
0.60196 0.63833 -1.60
0.59500 0.64655 -1.60
0.59288 0.64917 -1.60
0.58444 0.66000 -1.60
0.58417 0.66036 -1.60
0.57669 0.67083 -1.60
0.57333 0.67571 -1.60
0.56943 0.68167 -1.60
0.56256 0.69250 -1.60
0.56250 0.69260 -1.60
0.55629 0.70333 -1.60
0.55167 0.71158 -1.60
0.55029 0.71417 -1.60
0.54474 0.72500 -1.60
0.54083 0.73289 -1.60
0.53945 0.73583 -1.60
0.53456 0.74667 -1.60
0.53000 0.75707 -1.60
0.52982 0.75750 -1.60
0.52550 0.76833 -1.60
0.52133 0.77917 -1.60
0.51917 0.78497 -1.60
0.51740 0.79000 -1.60
0.51372 0.80083 -1.60
0.51017 0.81167 -1.60
0.50833 0.81747 -1.60
0.50683 0.82250 -1.60
0.50372 0.83333 -1.60
0.50070 0.84417 -1.60
0.49779 0.85500 -1.60
0.49750 0.85612 -1.60
0.49513 0.86583 -1.60
0.49258 0.87667 -1.60
0.49012 0.88750 -1.60
0.48774 0.89833 -1.60
0.48667 0.90343 -1.60
0.48553 0.90917 -1.60
0.48345 0.92000 -1.60
0.48145 0.93083 -1.60
0.47951 0.94167 -1.60
0.47765 0.95250 -1.60
0.47585 0.96333 -1.60
0.47583 0.96342 -1.60
0.47422 0.97417 -1.60
0.47265 0.98500 -1.60
0.47114 0.99583 -1.60
0.46968 1.00667 -1.60
0.46828 1.01750 -1.60
0.46692 1.02833 -1.60
0.46562 1.03917 -1.60
0.46500 1.04446 -1.60
0.46440 1.05000 -1.60
0.46326 1.06083 -1.60
0.46217 1.07167 -1.60
0.46111 1.08250 -1.60
0.46010 1.09333 -1.60
0.45912 1.10417 -1.60
0.45818 1.11500 -1.60
0.45727 1.12583 -1.60
0.45639 1.13667 -1.60
0.45555 1.14750 -1.60
0.45474 1.15833 -1.60
0.45417 1.16626 -1.60
0.45397 1.16917 -1.60
0.45327 1.18000 -1.60
0.45259 1.19083 -1.60
0.45194 1.20167 -1.60
0.45131 1.21250 -1.60
0.45070 1.22333 -1.60
0.45012 1.23417 -1.60
0.44956 1.24500 -1.60
0.44902 1.25583 -1.60
0.44850 1.26667 -1.60
0.44800 1.27750 -1.60
0.44752 1.28833 -1.60
0.44705 1.29917 -1.60
0.44661 1.31000 -1.60
0.44618 1.32083 -1.60
0.44576 1.33167 -1.60
0.44536 1.34250 -1.60
0.44498 1.35333 -1.60
0.44461 1.36417 -1.60
0.44425 1.37500 -1.60
0.44391 1.38583 -1.60
0.44358 1.39667 -1.60
0.44333 1.40508 -1.60
0.44327 1.40750 -1.60
0.44298 1.41833 -1.60
0.44271 1.42917 -1.60
0.44244 1.44000 -1.60
0.44219 1.45083 -1.60
0.44194 1.46167 -1.60
0.44170 1.47250 -1.60
0.44148 1.48333 -1.60
0.44126 1.49417 -1.60
0.44105 1.50500 -1.60
0.44084 1.51583 -1.60
0.44065 1.52667 -1.60
0.44046 1.53750 -1.60
0.44028 1.54833 -1.60
0.44010 1.55917 -1.60
0.43993 1.57000 -1.60
0.43977 1.58083 -1.60
0.43961 1.59167 -1.60
0.43946 1.60250 -1.60
0.43932 1.61333 -1.60
0.43917 1.62417 -1.60
0.43904 1.63500 -1.60
0.43891 1.64583 -1.60
0.43878 1.65667 -1.60
0.43866 1.66750 -1.60
0.43855 1.67833 -1.60
0.43844 1.68917 -1.60
0.43833 1.70000 -1.60
0.43822 1.71083 -1.60
0.43812 1.72167 -1.60
0.43802 1.73250 -1.60
0.43793 1.74333 -1.60
0.43784 1.75417 -1.60
0.43775 1.76500 -1.60
0.43767 1.77583 -1.60
0.43759 1.78667 -1.60
0.43751 1.79750 -1.60
0.43744 1.80833 -1.60
0.43736 1.81917 -1.60
0.43729 1.83000 -1.60
0.43722 1.84083 -1.60
0.43716 1.85167 -1.60
0.43710 1.86250 -1.60
0.43704 1.87333 -1.60
0.43698 1.88417 -1.60
0.43692 1.89500 -1.60
0.43687 1.90583 -1.60
0.43681 1.91667 -1.60
0.43676 1.92750 -1.60
0.43671 1.93833 -1.60
0.43667 1.94917 -1.60
0.43662 1.96000 -1.60
0.43657 1.97083 -1.60
0.43653 1.98167 -1.60
0.43649 1.99250 -1.60
0.43645 2.00333 -1.60
0.43641 2.01417 -1.60
0.43637 2.02500 -1.60
0.43634 2.03583 -1.60
0.43630 2.04667 -1.60
0.43627 2.05750 -1.60
0.43624 2.06833 -1.60
0.43620 2.07917 -1.60
0.43617 2.09000 -1.60
0.43614 2.10083 -1.60
0.43611 2.11167 -1.60
0.43609 2.12250 -1.60
0.43606 2.13333 -1.60
0.43604 2.14417 -1.60
0.43601 2.15500 -1.60
0.43599 2.16583 -1.60
0.43596 2.17667 -1.60
0.43594 2.18750 -1.60
0.43592 2.19833 -1.60
0.43590 2.20917 -1.60
0.43588 2.22000 -1.60
0.43586 2.23083 -1.60
0.43584 2.24167 -1.60
0.43582 2.25250 -1.60
0.43580 2.26333 -1.60
0.43578 2.27417 -1.60
0.43577 2.28500 -1.60
0.43575 2.29583 -1.60
0.43573 2.30667 -1.60
0.43572 2.31750 -1.60
0.43570 2.32833 -1.60
0.43569 2.33917 -1.60
0.43567 2.35000 -1.60
0.43566 2.36083 -1.60
0.43565 2.37167 -1.60
0.43563 2.38250 -1.60
0.43562 2.39333 -1.60
0.43561 2.40417 -1.60
0.43560 2.41500 -1.60
0.43558 2.42583 -1.60
0.43557 2.43667 -1.60
0.43556 2.44750 -1.60
0.43555 2.45833 -1.60
0.43554 2.46917 -1.60
0.43553 2.48000 -1.60
0.43552 2.49083 -1.60
0.43551 2.50167 -1.60
0.43550 2.51250 -1.60
0.43550 2.52333 -1.60
0.43549 2.53417 -1.60
0.43548 2.54500 -1.60
0.43547 2.55583 -1.60
0.43546 2.56667 -1.60
0.43546 2.57750 -1.60
0.43545 2.58833 -1.60
0.43544 2.59917 -1.60
0.43544 2.61000 -1.60
0.43543 2.62083 -1.60
0.43542 2.63167 -1.60
0.43541 2.64250 -1.60
0.43541 2.65333 -1.60
0.43540 2.66417 -1.60
0.43540 2.67500 -1.60
0.43539 2.68583 -1.60
0.43539 2.69667 -1.60
0.43538 2.70750 -1.60
0.43538 2.71833 -1.60
0.43537 2.72917 -1.60
0.43537 2.74000 -1.60
0.43536 2.75083 -1.60
0.43535 2.76167 -1.60
0.43535 2.77250 -1.60
0.43535 2.78333 -1.60
0.43534 2.79417 -1.60
0.43534 2.80500 -1.60
0.43533 2.81583 -1.60
0.43533 2.82667 -1.60
0.43533 2.83750 -1.60
0.43532 2.84833 -1.60
0.43532 2.85917 -1.60
0.43531 2.87000 -1.60
0.43531 2.88083 -1.60
0.43531 2.89167 -1.60
0.43530 2.90250 -1.60
0.43530 2.91333 -1.60
0.43530 2.92417 -1.60
0.43529 2.93500 -1.60
0.43529 2.94583 -1.60
0.43529 2.95667 -1.60
0.43528 2.96750 -1.60
0.43528 2.97833 -1.60
0.43528 2.98917 -1.60
0.43528 3.00000 -1.60

3.00000 1.60699 -1.60
2.98917 1.60700 -1.60
2.97833 1.60701 -1.60
2.96750 1.60702 -1.60
2.95667 1.60703 -1.60
2.94583 1.60705 -1.60
2.93500 1.60706 -1.60
2.92417 1.60707 -1.60
2.91333 1.60709 -1.60
2.90250 1.60711 -1.60
2.89167 1.60713 -1.60
2.88083 1.60715 -1.60
2.87000 1.60717 -1.60
2.85917 1.60719 -1.60
2.84833 1.60722 -1.60
2.83750 1.60724 -1.60
2.82667 1.60727 -1.60
2.81583 1.60730 -1.60
2.80500 1.60733 -1.60
2.79417 1.60736 -1.60
2.78333 1.60739 -1.60
2.77250 1.60743 -1.60
2.76167 1.60747 -1.60
2.75083 1.60751 -1.60
2.74000 1.60756 -1.60
2.72917 1.60760 -1.60
2.71833 1.60765 -1.60
2.70750 1.60770 -1.60
2.69667 1.60776 -1.60
2.68583 1.60782 -1.60
2.67500 1.60788 -1.60
2.66417 1.60794 -1.60
2.65333 1.60801 -1.60
2.64250 1.60808 -1.60
2.63167 1.60816 -1.60
2.62083 1.60824 -1.60
2.61000 1.60832 -1.60
2.59917 1.60841 -1.60
2.58833 1.60851 -1.60
2.57750 1.60861 -1.60
2.56667 1.60871 -1.60
2.55583 1.60882 -1.60
2.54500 1.60894 -1.60
2.53417 1.60906 -1.60
2.52333 1.60919 -1.60
2.51250 1.60933 -1.60
2.50167 1.60947 -1.60
2.49083 1.60963 -1.60
2.48000 1.60979 -1.60
2.46917 1.60995 -1.60
2.45833 1.61013 -1.60
2.44750 1.61032 -1.60
2.43667 1.61051 -1.60
2.42583 1.61072 -1.60
2.41500 1.61094 -1.60
2.40417 1.61117 -1.60
2.39333 1.61141 -1.60
2.38250 1.61167 -1.60
2.37167 1.61193 -1.60
2.36083 1.61222 -1.60
2.35000 1.61251 -1.60
2.33917 1.61283 -1.60
2.32833 1.61316 -1.60
2.32282 1.61333 -1.60
2.31750 1.61351 -1.60
2.30667 1.61388 -1.60
2.29583 1.61427 -1.60
2.28500 1.61468 -1.60
2.27417 1.61512 -1.60
2.26333 1.61558 -1.60
2.25250 1.61606 -1.60
2.24167 1.61657 -1.60
2.23083 1.61711 -1.60
2.22000 1.61767 -1.60
2.20917 1.61827 -1.60
2.19833 1.61889 -1.60
2.18750 1.61955 -1.60
2.17667 1.62025 -1.60
2.16583 1.62099 -1.60
2.15500 1.62176 -1.60
2.14417 1.62258 -1.60
2.13333 1.62344 -1.60
2.12473 1.62417 -1.60
2.12250 1.62436 -1.60
2.11167 1.62534 -1.60
2.10083 1.62637 -1.60
2.09000 1.62746 -1.60
2.07917 1.62862 -1.60
2.06833 1.62984 -1.60
2.05750 1.63113 -1.60
2.04667 1.63249 -1.60
2.03583 1.63393 -1.60
2.02822 1.63500 -1.60
2.02500 1.63546 -1.60
2.01417 1.63711 -1.60
2.00333 1.63885 -1.60
1.99250 1.64070 -1.60
1.98167 1.64265 -1.60
1.97083 1.64472 -1.60
1.96535 1.64583 -1.60
1.96000 1.64695 -1.60
1.94917 1.64933 -1.60
1.93833 1.65186 -1.60
1.92750 1.65454 -1.60
1.91942 1.65667 -1.60
1.91667 1.65741 -1.60
1.90583 1.66052 -1.60
1.89500 1.66382 -1.60
1.88417 1.66734 -1.60
1.88369 1.66750 -1.60
1.87333 1.67117 -1.60
1.86250 1.67526 -1.60
1.85485 1.67833 -1.60
1.85167 1.67966 -1.60
1.84083 1.68445 -1.60
1.83082 1.68917 -1.60
1.83000 1.68957 -1.60
1.81917 1.69519 -1.60
1.81047 1.70000 -1.60
1.80833 1.70123 -1.60
1.79750 1.70786 -1.60
1.79293 1.71083 -1.60
1.78667 1.71510 -1.60
1.77759 1.72167 -1.60
1.77583 1.72300 -1.60
1.76500 1.73172 -1.60
1.76409 1.73250 -1.60
1.75417 1.74139 -1.60
1.75211 1.74333 -1.60
1.74333 1.75211 -1.60
1.74139 1.75417 -1.60
1.73250 1.76409 -1.60
1.73172 1.76500 -1.60
1.72300 1.77583 -1.60
1.72167 1.77759 -1.60
1.71510 1.78667 -1.60
1.71083 1.79293 -1.60
1.70786 1.79750 -1.60
1.70123 1.80833 -1.60
1.70000 1.81047 -1.60
1.69519 1.81917 -1.60
1.68957 1.83000 -1.60
1.68917 1.83082 -1.60
1.68445 1.84083 -1.60
1.67966 1.85167 -1.60
1.67833 1.85485 -1.60
1.67526 1.86250 -1.60
1.67117 1.87333 -1.60
1.66750 1.88369 -1.60
1.66734 1.88417 -1.60
1.66382 1.89500 -1.60
1.66052 1.90583 -1.60
1.65741 1.91667 -1.60
1.65667 1.91942 -1.60
1.65454 1.92750 -1.60
1.65186 1.93833 -1.60
1.64933 1.94917 -1.60
1.64695 1.96000 -1.60
1.64583 1.96535 -1.60
1.64472 1.97083 -1.60
1.64265 1.98167 -1.60
1.64070 1.99250 -1.60
1.63885 2.00333 -1.60
1.63711 2.01417 -1.60
1.63546 2.02500 -1.60
1.63500 2.02822 -1.60
1.63393 2.03583 -1.60
1.63249 2.04667 -1.60
1.63113 2.05750 -1.60
1.62984 2.06833 -1.60
1.62862 2.07917 -1.60
1.62746 2.09000 -1.60
1.62637 2.10083 -1.60
1.62534 2.11167 -1.60
1.62436 2.12250 -1.60
1.62417 2.12473 -1.60
1.62344 2.13333 -1.60
1.62258 2.14417 -1.60
1.62176 2.15500 -1.60
1.62099 2.16583 -1.60
1.62025 2.17667 -1.60
1.61955 2.18750 -1.60
1.61889 2.19833 -1.60
1.61827 2.20917 -1.60
1.61767 2.22000 -1.60
1.61711 2.23083 -1.60
1.61657 2.24167 -1.60
1.61606 2.25250 -1.60
1.61558 2.26333 -1.60
1.61512 2.27417 -1.60
1.61468 2.28500 -1.60
1.61427 2.29583 -1.60
1.61388 2.30667 -1.60
1.61351 2.31750 -1.60
1.61333 2.32282 -1.60
1.61316 2.32833 -1.60
1.61283 2.33917 -1.60
1.61251 2.35000 -1.60
1.61222 2.36083 -1.60
1.61193 2.37167 -1.60
1.61167 2.38250 -1.60
1.61141 2.39333 -1.60
1.61117 2.40417 -1.60
1.61094 2.41500 -1.60
1.61072 2.42583 -1.60
1.61051 2.43667 -1.60
1.61032 2.44750 -1.60
1.61013 2.45833 -1.60
1.60995 2.46917 -1.60
1.60979 2.48000 -1.60
1.60963 2.49083 -1.60
1.60947 2.50167 -1.60
1.60933 2.51250 -1.60
1.60919 2.52333 -1.60
1.60906 2.53417 -1.60
1.60894 2.54500 -1.60
1.60882 2.55583 -1.60
1.60871 2.56667 -1.60
1.60861 2.57750 -1.60
1.60851 2.58833 -1.60
1.60841 2.59917 -1.60
1.60832 2.61000 -1.60
1.60824 2.62083 -1.60
1.60816 2.63167 -1.60
1.60808 2.64250 -1.60
1.60801 2.65333 -1.60
1.60794 2.66417 -1.60
1.60788 2.67500 -1.60
1.60782 2.68583 -1.60
1.60776 2.69667 -1.60
1.60770 2.70750 -1.60
1.60765 2.71833 -1.60
1.60760 2.72917 -1.60
1.60756 2.74000 -1.60
1.60751 2.75083 -1.60
1.60747 2.76167 -1.60
1.60743 2.77250 -1.60
1.60739 2.78333 -1.60
1.60736 2.79417 -1.60
1.60733 2.80500 -1.60
1.60730 2.81583 -1.60
1.60727 2.82667 -1.60
1.60724 2.83750 -1.60
1.60722 2.84833 -1.60
1.60719 2.85917 -1.60
1.60717 2.87000 -1.60
1.60715 2.88083 -1.60
1.60713 2.89167 -1.60
1.60711 2.90250 -1.60
1.60709 2.91333 -1.60
1.60707 2.92417 -1.60
1.60706 2.93500 -1.60
1.60705 2.94583 -1.60
1.60703 2.95667 -1.60
1.60702 2.96750 -1.60
1.60701 2.97833 -1.60
1.60700 2.98917 -1.60
1.60699 3.00000 -1.60

3.00000 0.40830 -0.80
2.98917 0.40830 -0.80
2.97833 0.40830 -0.80
2.96750 0.40830 -0.80
2.95667 0.40831 -0.80
2.94583 0.40831 -0.80
2.93500 0.40831 -0.80
2.92417 0.40831 -0.80
2.91333 0.40832 -0.80
2.90250 0.40832 -0.80
2.89167 0.40832 -0.80
2.88083 0.40833 -0.80
2.87000 0.40833 -0.80
2.85917 0.40833 -0.80
2.84833 0.40834 -0.80
2.83750 0.40834 -0.80
2.82667 0.40834 -0.80
2.81583 0.40835 -0.80
2.80500 0.40835 -0.80
2.79417 0.40835 -0.80
2.78333 0.40836 -0.80
2.77250 0.40836 -0.80
2.76167 0.40836 -0.80
2.75083 0.40837 -0.80
2.74000 0.40837 -0.80
2.72917 0.40838 -0.80
2.71833 0.40838 -0.80
2.70750 0.40838 -0.80
2.69667 0.40839 -0.80
2.68583 0.40839 -0.80
2.67500 0.40840 -0.80
2.66417 0.40840 -0.80
2.65333 0.40841 -0.80
2.64250 0.40841 -0.80
2.63167 0.40842 -0.80
2.62083 0.40842 -0.80
2.61000 0.40843 -0.80
2.59917 0.40844 -0.80
2.58833 0.40844 -0.80
2.57750 0.40845 -0.80
2.56667 0.40846 -0.80
2.55583 0.40846 -0.80
2.54500 0.40847 -0.80
2.53417 0.40848 -0.80
2.52333 0.40848 -0.80
2.51250 0.40849 -0.80
2.50167 0.40850 -0.80
2.49083 0.40851 -0.80
2.48000 0.40851 -0.80
2.46917 0.40852 -0.80
2.45833 0.40853 -0.80
2.44750 0.40854 -0.80
2.43667 0.40855 -0.80
2.42583 0.40856 -0.80
2.41500 0.40857 -0.80
2.40417 0.40858 -0.80
2.39333 0.40859 -0.80
2.38250 0.40860 -0.80
2.37167 0.40861 -0.80
2.36083 0.40862 -0.80
2.35000 0.40863 -0.80
2.33917 0.40864 -0.80
2.32833 0.40866 -0.80
2.31750 0.40867 -0.80
2.30667 0.40868 -0.80
2.29583 0.40870 -0.80
2.28500 0.40871 -0.80
2.27417 0.40873 -0.80
2.26333 0.40874 -0.80
2.25250 0.40875 -0.80
2.24167 0.40877 -0.80
2.23083 0.40879 -0.80
2.22000 0.40880 -0.80
2.20917 0.40882 -0.80
2.19833 0.40884 -0.80
2.18750 0.40886 -0.80
2.17667 0.40888 -0.80
2.16583 0.40890 -0.80
2.15500 0.40892 -0.80
2.14417 0.40894 -0.80
2.13333 0.40896 -0.80
2.12250 0.40898 -0.80
2.11167 0.40901 -0.80
2.10083 0.40903 -0.80
2.09000 0.40906 -0.80
2.07917 0.40908 -0.80
2.06833 0.40911 -0.80
2.05750 0.40914 -0.80
2.04667 0.40917 -0.80
2.03583 0.40920 -0.80
2.02500 0.40923 -0.80
2.01417 0.40926 -0.80
2.00333 0.40929 -0.80
1.99250 0.40933 -0.80
1.98167 0.40936 -0.80
1.97083 0.40940 -0.80
1.96000 0.40944 -0.80
1.94917 0.40948 -0.80
1.93833 0.40952 -0.80
1.92750 0.40956 -0.80
1.91667 0.40960 -0.80
1.90583 0.40965 -0.80
1.89500 0.40969 -0.80
1.88417 0.40974 -0.80
1.87333 0.40979 -0.80
1.86250 0.40985 -0.80
1.85167 0.40990 -0.80
1.84083 0.40996 -0.80
1.83000 0.41001 -0.80
1.81917 0.41007 -0.80
1.80833 0.41014 -0.80
1.79750 0.41020 -0.80
1.78667 0.41027 -0.80
1.77583 0.41034 -0.80
1.76500 0.41041 -0.80
1.75417 0.41048 -0.80
1.74333 0.41056 -0.80
1.73250 0.41064 -0.80
1.72167 0.41072 -0.80
1.71083 0.41081 -0.80
1.70798 0.41083 -0.80
1.70000 0.41090 -0.80
1.68917 0.41100 -0.80
1.67833 0.41111 -0.80
1.66750 0.41121 -0.80
1.65667 0.41132 -0.80
1.64583 0.41144 -0.80
1.63500 0.41156 -0.80
1.62417 0.41168 -0.80
1.61333 0.41181 -0.80
1.60250 0.41194 -0.80
1.59167 0.41208 -0.80
1.58083 0.41223 -0.80
1.57000 0.41237 -0.80
1.55917 0.41253 -0.80
1.54833 0.41269 -0.80
1.53750 0.41286 -0.80
1.52667 0.41303 -0.80
1.51583 0.41321 -0.80
1.50500 0.41340 -0.80
1.49417 0.41359 -0.80
1.48333 0.41379 -0.80
1.47250 0.41400 -0.80
1.46167 0.41422 -0.80
1.45083 0.41445 -0.80
1.44000 0.41468 -0.80
1.42917 0.41493 -0.80
1.41833 0.41518 -0.80
1.40750 0.41544 -0.80
1.39667 0.41572 -0.80
1.38583 0.41600 -0.80
1.37500 0.41630 -0.80
1.36417 0.41660 -0.80
1.35333 0.41692 -0.80
1.34250 0.41725 -0.80
1.33167 0.41759 -0.80
1.32083 0.41795 -0.80
1.31000 0.41832 -0.80
1.29917 0.41871 -0.80
1.28833 0.41911 -0.80
1.27750 0.41953 -0.80
1.26667 0.41996 -0.80
1.25583 0.42041 -0.80
1.24500 0.42087 -0.80
1.23417 0.42136 -0.80
1.22758 0.42167 -0.80
1.22333 0.42188 -0.80
1.21250 0.42244 -0.80
1.20167 0.42302 -0.80
1.19083 0.42362 -0.80
1.18000 0.42425 -0.80
1.16917 0.42490 -0.80
1.15833 0.42557 -0.80
1.14750 0.42628 -0.80
1.13667 0.42701 -0.80
1.12583 0.42777 -0.80
1.11500 0.42855 -0.80
1.10417 0.42937 -0.80
1.09333 0.43022 -0.80
1.08250 0.43110 -0.80
1.07167 0.43202 -0.80
1.06618 0.43250 -0.80
1.06083 0.43300 -0.80
1.05000 0.43406 -0.80
1.03917 0.43515 -0.80
1.02833 0.43628 -0.80
1.01750 0.43746 -0.80
1.00667 0.43869 -0.80
0.99583 0.43996 -0.80
0.98500 0.44127 -0.80
0.97417 0.44264 -0.80
0.96891 0.44333 -0.80
0.96333 0.44411 -0.80
0.95250 0.44568 -0.80
0.94167 0.44731 -0.80
0.93083 0.44900 -0.80
0.92000 0.45075 -0.80
0.90917 0.45257 -0.80
0.90000 0.45417 -0.80
0.89833 0.45447 -0.80
0.88750 0.45656 -0.80
0.87667 0.45871 -0.80
0.86583 0.46095 -0.80
0.85500 0.46327 -0.80
0.84721 0.46500 -0.80
0.84417 0.46572 -0.80
0.83333 0.46837 -0.80
0.82250 0.47111 -0.80
0.81167 0.47396 -0.80
0.80478 0.47583 -0.80
0.80083 0.47697 -0.80
0.79000 0.48022 -0.80
0.77917 0.48357 -0.80
0.76953 0.48667 -0.80
0.76833 0.48707 -0.80
0.75750 0.49090 -0.80
0.74667 0.49486 -0.80
0.73969 0.49750 -0.80
0.73583 0.49904 -0.80
0.72500 0.50354 -0.80
0.71417 0.50819 -0.80
0.71386 0.50833 -0.80
0.70333 0.51329 -0.80
0.69250 0.51857 -0.80
0.69133 0.51917 -0.80
0.68167 0.52433 -0.80
0.67139 0.53000 -0.80
0.67083 0.53032 -0.80
0.66000 0.53687 -0.80
0.65368 0.54083 -0.80
0.64917 0.54380 -0.80
0.63833 0.55119 -0.80
0.63767 0.55167 -0.80
0.62750 0.55924 -0.80
0.62330 0.56250 -0.80
0.61667 0.56787 -0.80
0.61019 0.57333 -0.80
0.60583 0.57718 -0.80
0.59822 0.58417 -0.80
0.59500 0.58726 -0.80
0.58726 0.59500 -0.80
0.58417 0.59822 -0.80
0.57718 0.60583 -0.80
0.57333 0.61019 -0.80
0.56787 0.61667 -0.80
0.56250 0.62330 -0.80
0.55924 0.62750 -0.80
0.55167 0.63767 -0.80
0.55119 0.63833 -0.80
0.54380 0.64917 -0.80
0.54083 0.65368 -0.80
0.53687 0.66000 -0.80
0.53032 0.67083 -0.80
0.53000 0.67139 -0.80
0.52433 0.68167 -0.80
0.51917 0.69133 -0.80
0.51857 0.69250 -0.80
0.51329 0.70333 -0.80
0.50833 0.71386 -0.80
0.50819 0.71417 -0.80
0.50354 0.72500 -0.80
0.49904 0.73583 -0.80
0.49750 0.73969 -0.80
0.49486 0.74667 -0.80
0.49090 0.75750 -0.80
0.48707 0.76833 -0.80
0.48667 0.76953 -0.80
0.48357 0.77917 -0.80
0.48022 0.79000 -0.80
0.47697 0.80083 -0.80
0.47583 0.80478 -0.80
0.47396 0.81167 -0.80
0.47111 0.82250 -0.80
0.46837 0.83333 -0.80
0.46572 0.84417 -0.80
0.46500 0.84721 -0.80
0.46327 0.85500 -0.80
0.46095 0.86583 -0.80
0.45871 0.87667 -0.80
0.45656 0.88750 -0.80
0.45447 0.89833 -0.80
0.45417 0.90000 -0.80
0.45257 0.90917 -0.80
0.45075 0.92000 -0.80
0.44900 0.93083 -0.80
0.44731 0.94167 -0.80
0.44568 0.95250 -0.80
0.44411 0.96333 -0.80
0.44333 0.96891 -0.80
0.44264 0.97417 -0.80
0.44127 0.98500 -0.80
0.43996 0.99583 -0.80
0.43869 1.00667 -0.80
0.43746 1.01750 -0.80
0.43628 1.02833 -0.80
0.43515 1.03917 -0.80
0.43406 1.05000 -0.80
0.43300 1.06083 -0.80
0.43250 1.06618 -0.80
0.43202 1.07167 -0.80
0.43110 1.08250 -0.80
0.43022 1.09333 -0.80
0.42937 1.10417 -0.80
0.42855 1.11500 -0.80
0.42777 1.12583 -0.80
0.42701 1.13667 -0.80
0.42628 1.14750 -0.80
0.42557 1.15833 -0.80
0.42490 1.16917 -0.80
0.42425 1.18000 -0.80
0.42362 1.19083 -0.80
0.42302 1.20167 -0.80
0.42244 1.21250 -0.80
0.42188 1.22333 -0.80
0.42167 1.22758 -0.80
0.42136 1.23417 -0.80
0.42087 1.24500 -0.80
0.42041 1.25583 -0.80
0.41996 1.26667 -0.80
0.41953 1.27750 -0.80
0.41911 1.28833 -0.80
0.41871 1.29917 -0.80
0.41832 1.31000 -0.80
0.41795 1.32083 -0.80
0.41759 1.33167 -0.80
0.41725 1.34250 -0.80
0.41692 1.35333 -0.80
0.41660 1.36417 -0.80
0.41630 1.37500 -0.80
0.41600 1.38583 -0.80
0.41572 1.39667 -0.80
0.41544 1.40750 -0.80
0.41518 1.41833 -0.80
0.41493 1.42917 -0.80
0.41468 1.44000 -0.80
0.41445 1.45083 -0.80
0.41422 1.46167 -0.80
0.41400 1.47250 -0.80
0.41379 1.48333 -0.80
0.41359 1.49417 -0.80
0.41340 1.50500 -0.80
0.41321 1.51583 -0.80
0.41303 1.52667 -0.80
0.41286 1.53750 -0.80
0.41269 1.54833 -0.80
0.41253 1.55917 -0.80
0.41237 1.57000 -0.80
0.41223 1.58083 -0.80
0.41208 1.59167 -0.80
0.41194 1.60250 -0.80
0.41181 1.61333 -0.80
0.41168 1.62417 -0.80
0.41156 1.63500 -0.80
0.41144 1.64583 -0.80
0.41132 1.65667 -0.80
0.41121 1.66750 -0.80
0.41111 1.67833 -0.80
0.41100 1.68917 -0.80
0.41090 1.70000 -0.80
0.41083 1.70798 -0.80
0.41081 1.71083 -0.80
0.41072 1.72167 -0.80
0.41064 1.73250 -0.80
0.41056 1.74333 -0.80
0.41048 1.75417 -0.80
0.41041 1.76500 -0.80
0.41034 1.77583 -0.80
0.41027 1.78667 -0.80
0.41020 1.79750 -0.80
0.41014 1.80833 -0.80
0.41007 1.81917 -0.80
0.41001 1.83000 -0.80
0.40996 1.84083 -0.80
0.40990 1.85167 -0.80
0.40985 1.86250 -0.80
0.40979 1.87333 -0.80
0.40974 1.88417 -0.80
0.40969 1.89500 -0.80
0.40965 1.90583 -0.80
0.40960 1.91667 -0.80
0.40956 1.92750 -0.80
0.40952 1.93833 -0.80
0.40948 1.94917 -0.80
0.40944 1.96000 -0.80
0.40940 1.97083 -0.80
0.40936 1.98167 -0.80
0.40933 1.99250 -0.80
0.40929 2.00333 -0.80
0.40926 2.01417 -0.80
0.40923 2.02500 -0.80
0.40920 2.03583 -0.80
0.40917 2.04667 -0.80
0.40914 2.05750 -0.80
0.40911 2.06833 -0.80
0.40908 2.07917 -0.80
0.40906 2.09000 -0.80
0.40903 2.10083 -0.80
0.40901 2.11167 -0.80
0.40898 2.12250 -0.80
0.40896 2.13333 -0.80
0.40894 2.14417 -0.80
0.40892 2.15500 -0.80
0.40890 2.16583 -0.80
0.40888 2.17667 -0.80
0.40886 2.18750 -0.80
0.40884 2.19833 -0.80
0.40882 2.20917 -0.80
0.40880 2.22000 -0.80
0.40879 2.23083 -0.80
0.40877 2.24167 -0.80
0.40875 2.25250 -0.80
0.40874 2.26333 -0.80
0.40873 2.27417 -0.80
0.40871 2.28500 -0.80
0.40870 2.29583 -0.80
0.40868 2.30667 -0.80
0.40867 2.31750 -0.80
0.40866 2.32833 -0.80
0.40864 2.33917 -0.80
0.40863 2.35000 -0.80
0.40862 2.36083 -0.80
0.40861 2.37167 -0.80
0.40860 2.38250 -0.80
0.40859 2.39333 -0.80
0.40858 2.40417 -0.80
0.40857 2.41500 -0.80
0.40856 2.42583 -0.80
0.40855 2.43667 -0.80
0.40854 2.44750 -0.80
0.40853 2.45833 -0.80
0.40852 2.46917 -0.80
0.40851 2.48000 -0.80
0.40851 2.49083 -0.80
0.40850 2.50167 -0.80
0.40849 2.51250 -0.80
0.40848 2.52333 -0.80
0.40848 2.53417 -0.80
0.40847 2.54500 -0.80
0.40846 2.55583 -0.80
0.40846 2.56667 -0.80
0.40845 2.57750 -0.80
0.40844 2.58833 -0.80
0.40844 2.59917 -0.80
0.40843 2.61000 -0.80
0.40842 2.62083 -0.80
0.40842 2.63167 -0.80
0.40841 2.64250 -0.80
0.40841 2.65333 -0.80
0.40840 2.66417 -0.80
0.40840 2.67500 -0.80
0.40839 2.68583 -0.80
0.40839 2.69667 -0.80
0.40838 2.70750 -0.80
0.40838 2.71833 -0.80
0.40838 2.72917 -0.80
0.40837 2.74000 -0.80
0.40837 2.75083 -0.80
0.40836 2.76167 -0.80
0.40836 2.77250 -0.80
0.40836 2.78333 -0.80
0.40835 2.79417 -0.80
0.40835 2.80500 -0.80
0.40835 2.81583 -0.80
0.40834 2.82667 -0.80
0.40834 2.83750 -0.80
0.40834 2.84833 -0.80
0.40833 2.85917 -0.80
0.40833 2.87000 -0.80
0.40833 2.88083 -0.80
0.40832 2.89167 -0.80
0.40832 2.90250 -0.80
0.40832 2.91333 -0.80
0.40831 2.92417 -0.80
0.40831 2.93500 -0.80
0.40831 2.94583 -0.80
0.40831 2.95667 -0.80
0.40830 2.96750 -0.80
0.40830 2.97833 -0.80
0.40830 2.98917 -0.80
0.40830 3.00000 -0.80

3.00000 1.99196 -0.80
2.98917 1.99206 -0.80
2.97833 1.99216 -0.80
2.96750 1.99226 -0.80
2.95667 1.99237 -0.80
2.94583 1.99248 -0.80
2.94431 1.99250 -0.80
2.93500 1.99261 -0.80
2.92417 1.99273 -0.80
2.91333 1.99287 -0.80
2.90250 1.99301 -0.80
2.89167 1.99317 -0.80
2.88083 1.99332 -0.80
2.87000 1.99349 -0.80
2.85917 1.99367 -0.80
2.84833 1.99385 -0.80
2.83750 1.99405 -0.80
2.82667 1.99425 -0.80
2.81583 1.99447 -0.80
2.80500 1.99469 -0.80
2.79417 1.99493 -0.80
2.78333 1.99518 -0.80
2.77250 1.99544 -0.80
2.76167 1.99572 -0.80
2.75083 1.99601 -0.80
2.74000 1.99632 -0.80
2.72917 1.99664 -0.80
2.71833 1.99698 -0.80
2.70750 1.99734 -0.80
2.69667 1.99771 -0.80
2.68583 1.99811 -0.80
2.67500 1.99852 -0.80
2.66417 1.99896 -0.80
2.65333 1.99942 -0.80
2.64250 1.99990 -0.80
2.63167 2.00041 -0.80
2.62083 2.00095 -0.80
2.61000 2.00151 -0.80
2.59917 2.00211 -0.80
2.58833 2.00273 -0.80
2.57850 2.00333 -0.80
2.57750 2.00339 -0.80
2.56667 2.00410 -0.80
2.55583 2.00485 -0.80
2.54500 2.00564 -0.80
2.53417 2.00647 -0.80
2.52333 2.00734 -0.80
2.51250 2.00826 -0.80
2.50167 2.00924 -0.80
2.49083 2.01026 -0.80
2.48000 2.01134 -0.80
2.46917 2.01248 -0.80
2.45833 2.01369 -0.80
2.45423 2.01417 -0.80
2.44750 2.01498 -0.80
2.43667 2.01635 -0.80
2.42583 2.01780 -0.80
2.41500 2.01933 -0.80
2.40417 2.02095 -0.80
2.39333 2.02266 -0.80
2.38250 2.02447 -0.80
2.37948 2.02500 -0.80
2.37167 2.02642 -0.80
2.36083 2.02849 -0.80
2.35000 2.03069 -0.80
2.33917 2.03302 -0.80
2.32833 2.03549 -0.80
2.32689 2.03583 -0.80
2.31750 2.03816 -0.80
2.30667 2.04101 -0.80
2.29583 2.04403 -0.80
2.28691 2.04667 -0.80
2.28500 2.04725 -0.80
2.27417 2.05075 -0.80
2.26333 2.05448 -0.80
2.25504 2.05750 -0.80
2.25250 2.05846 -0.80
2.24167 2.06280 -0.80
2.23083 2.06742 -0.80
2.22879 2.06833 -0.80
2.22000 2.07246 -0.80
2.20917 2.07787 -0.80
2.20670 2.07917 -0.80
2.19833 2.08378 -0.80
2.18773 2.09000 -0.80
2.18750 2.09014 -0.80
2.17667 2.09716 -0.80
2.17134 2.10083 -0.80
2.16583 2.10481 -0.80
2.15688 2.11167 -0.80
2.15500 2.11318 -0.80
2.14417 2.12241 -0.80
2.14406 2.12250 -0.80
2.13333 2.13266 -0.80
2.13266 2.13333 -0.80
2.12250 2.14406 -0.80
2.12241 2.14417 -0.80
2.11318 2.15500 -0.80
2.11167 2.15688 -0.80
2.10481 2.16583 -0.80
2.10083 2.17134 -0.80
2.09716 2.17667 -0.80
2.09014 2.18750 -0.80
2.09000 2.18773 -0.80
2.08378 2.19833 -0.80
2.07917 2.20670 -0.80
2.07787 2.20917 -0.80
2.07246 2.22000 -0.80
2.06833 2.22879 -0.80
2.06742 2.23083 -0.80
2.06280 2.24167 -0.80
2.05846 2.25250 -0.80
2.05750 2.25504 -0.80
2.05448 2.26333 -0.80
2.05075 2.27417 -0.80
2.04725 2.28500 -0.80
2.04667 2.28691 -0.80
2.04403 2.29583 -0.80
2.04101 2.30667 -0.80
2.03816 2.31750 -0.80
2.03583 2.32689 -0.80
2.03549 2.32833 -0.80
2.03302 2.33917 -0.80
2.03069 2.35000 -0.80
2.02849 2.36083 -0.80
2.02642 2.37167 -0.80
2.02500 2.37948 -0.80
2.02447 2.38250 -0.80
2.02266 2.39333 -0.80
2.02095 2.40417 -0.80
2.01933 2.41500 -0.80
2.01780 2.42583 -0.80
2.01635 2.43667 -0.80
2.01498 2.44750 -0.80
2.01417 2.45423 -0.80
2.01369 2.45833 -0.80
2.01248 2.46917 -0.80
2.01134 2.48000 -0.80
2.01026 2.49083 -0.80
2.00924 2.50167 -0.80
2.00826 2.51250 -0.80
2.00734 2.52333 -0.80
2.00647 2.53417 -0.80
2.00564 2.54500 -0.80
2.00485 2.55583 -0.80
2.00410 2.56667 -0.80
2.00339 2.57750 -0.80
2.00333 2.57850 -0.80
2.00273 2.58833 -0.80
2.00211 2.59917 -0.80
2.00151 2.61000 -0.80
2.00095 2.62083 -0.80
2.00041 2.63167 -0.80
1.99990 2.64250 -0.80
1.99942 2.65333 -0.80
1.99896 2.66417 -0.80
1.99852 2.67500 -0.80
1.99811 2.68583 -0.80
1.99771 2.69667 -0.80
1.99734 2.70750 -0.80
1.99698 2.71833 -0.80
1.99664 2.72917 -0.80
1.99632 2.74000 -0.80
1.99601 2.75083 -0.80
1.99572 2.76167 -0.80
1.99544 2.77250 -0.80
1.99518 2.78333 -0.80
1.99493 2.79417 -0.80
1.99469 2.80500 -0.80
1.99447 2.81583 -0.80
1.99425 2.82667 -0.80
1.99405 2.83750 -0.80
1.99385 2.84833 -0.80
1.99367 2.85917 -0.80
1.99349 2.87000 -0.80
1.99332 2.88083 -0.80
1.99317 2.89167 -0.80
1.99301 2.90250 -0.80
1.99287 2.91333 -0.80
1.99273 2.92417 -0.80
1.99261 2.93500 -0.80
1.99250 2.94431 -0.80
1.99248 2.94583 -0.80
1.99237 2.95667 -0.80
1.99226 2.96750 -0.80
1.99216 2.97833 -0.80
1.99206 2.98917 -0.80
1.99196 3.00000 -0.80

